gene_id,glucose_aerobic,glucose_anaerobic,ethanol,galactose,nitrogen_starvation,oxidative_stress,stationary_phase
Q0045,31.72,31.72,31.72,31.72,31.72,31.72,31.72
Q0050,4.22,4.22,6.69,4.22,32.37,4.22,4.22
Q0055,61.91,62.73,61.91,61.91,61.91,61.91,61.91
Q0080,82.34,82.34,82.34,82.34,82.34,82.34,82.34
Q0085,1.08,1.08,0.15,1.08,1.08,1.08,1.08
Q0105,2.85,2.85,0.79,2.85,2.85,2.85,2.85
Q0130,24.33,24.33,24.33,24.33,24.33,24.33,24.33
Q0250,12.50,12.50,12.50,12.50,12.50,18.41,12.50
Q0275,19.59,19.59,19.59,19.59,19.59,19.59,19.59
YAL002W,5.59,5.59,5.59,5.59,5.59,5.59,5.59
YAL005C,75.12,75.12,75.12,75.12,11.39,75.12,75.12
YAL009W,64.50,64.50,64.50,64.50,64.50,64.50,64.50
YAL011W,22.18,22.18,22.18,22.18,22.18,22.18,22.18
YAL012W,108.95,17.23,28.60,14.19,108.95,108.95,108.95
YAL014C,78.51,40.50,40.50,40.50,40.50,40.50,40.50
YAL015C,5.53,5.53,5.53,8.87,5.53,5.53,5.53
YAL017W,34.92,34.92,34.92,34.92,34.92,34.92,34.92
YAL019W,4.77,4.77,4.77,4.77,4.77,4.77,6.48
YAL022C,75.01,240.13,35.72,75.01,75.01,75.01,75.01
YAL023C,18.64,18.64,18.64,18.64,18.64,18.64,18.64
YAL024C,15.22,15.22,15.22,15.22,15.22,15.22,15.22
YAL026C,7.23,7.23,4.62,7.23,7.23,7.23,7.23
YAL031C,125.69,125.69,125.69,125.69,125.69,125.69,125.69
YAL035W,19.48,15.93,15.93,15.93,15.93,15.30,15.93
YAL038W,10.56,10.56,10.56,10.56,10.56,10.56,10.56
YAL039C,20.64,11.84,11.84,13.09,11.84,11.84,11.84
YAL044C,44.63,44.63,44.63,44.63,44.63,44.63,44.63
YAL049C,34.75,34.75,34.75,34.75,34.75,34.75,128.15
YAL054C,37.30,37.30,37.30,37.30,37.30,37.30,40.11
YAL060W,38.33,38.33,38.33,38.33,87.44,38.33,38.33
YAL061W,498.93,498.93,498.93,498.93,498.93,498.93,498.93
YAL062W,10.92,10.92,10.92,10.92,10.92,10.92,10.92
YAL063C,9.32,9.32,9.32,9.32,9.32,6.92,9.32
YAL064W,5.93,5.93,5.93,5.93,5.93,5.93,5.93
YAL067C,311.22,1049.15,50.60,50.60,50.60,50.60,50.60
YAR008W,109.23,109.23,109.23,109.23,86.38,109.23,109.23
YAR015W,16.93,16.93,16.93,16.93,16.93,16.93,16.93
YAR035W,5.70,5.70,5.70,5.70,5.70,5.70,5.70
YAR050W,5.83,5.83,5.83,5.83,5.83,5.83,6.11
YAR071W,53.30,53.30,44.61,53.30,53.30,53.30,53.30
YBL002W,61.24,61.24,61.24,61.24,61.24,61.24,270.71
YBL003C,45.36,78.30,45.36,45.36,45.36,45.36,35.76
YBL004W,7.40,7.40,7.40,7.40,7.40,7.40,7.40
YBL005W-B,28.45,28.45,28.45,15.35,28.45,28.45,28.45
YBL011W,23.93,23.93,23.93,23.93,23.93,23.93,23.93
YBL013W,78.75,27.88,27.88,27.88,27.88,27.88,27.88
YBL015W,74.23,74.23,74.23,74.23,237.23,74.23,74.23
YBL023C,28.09,28.09,28.09,28.09,28.09,28.09,28.09
YBL024W,55.61,20.13,55.61,55.61,55.61,47.48,55.61
YBL030C,22.23,22.23,22.23,22.23,22.23,22.23,22.23
YBL033C,30.99,30.99,30.99,30.99,30.99,30.99,30.99
YBL034C,51.78,51.78,65.23,51.78,51.78,51.78,46.86
YBL037W,2.26,2.26,2.26,2.26,2.26,2.26,2.26
YBL039C,12.43,12.43,12.43,12.43,12.43,12.43,12.43
YBL042C,9.92,12.60,9.92,9.92,9.92,9.92,10.02
YBL045C,7.70,7.70,7.70,7.70,7.70,7.70,7.70
YBL046W,13.29,13.29,13.29,12.66,13.29,13.29,13.29
YBL052C,189.13,189.13,189.13,189.13,189.13,189.13,189.13
YBL056W,23.02,8.19,1.25,5.48,5.48,5.48,5.48
YBL057C,85.83,75.07,58.90,85.83,85.83,85.83,85.83
YBL063W,1.63,1.61,2.13,1.61,2.89,1.61,1.61
YBL064C,12.15,12.15,12.15,12.15,12.15,12.15,12.15
YBL067C,25.64,89.40,25.64,25.64,25.64,64.80,25.64
YBL068W,142.83,48.39,48.39,48.39,48.39,21.61,48.39
YBL074C,58.37,58.37,119.22,58.37,58.37,58.37,58.37
YBL075C,66.02,66.02,66.02,66.02,66.02,66.02,66.02
YBL076C,115.57,11.90,11.90,11.90,5.51,11.90,11.90
YBL079W,10.04,10.04,10.04,10.04,10.04,10.04,10.04
YBL080C,72.75,72.75,85.29,72.75,37.14,72.75,72.75
YBL082C,15.08,15.08,15.08,15.08,15.08,16.25,15.08
YBL089W,2.48,2.96,2.96,2.96,2.96,2.96,2.96
YBL091C,3.67,3.67,3.67,3.67,2.35,4.44,3.67
YBL098W,5.06,5.06,1.42,5.06,34.28,7.50,4.08
YBL099W,42.34,89.53,42.34,42.34,42.34,42.34,42.34
YBL100W-B,24.87,24.87,24.87,24.87,24.44,24.87,24.87
YBR001C,56.58,56.58,56.58,56.58,56.58,56.58,56.58
YBR002C,10.58,15.47,10.58,10.58,10.58,10.58,24.88
YBR003W,25.05,25.48,21.47,25.48,25.48,5.22,104.44
YBR004C,51.34,51.34,51.34,33.63,51.34,51.34,51.34
YBR006W,7.09,12.63,12.63,12.63,12.63,2.44,12.63
YBR010W,39.85,39.85,39.85,39.85,39.85,14.59,39.85
YBR011C,11.90,7.44,7.44,7.44,7.44,7.44,7.44
YBR012W-B,11.65,11.65,11.65,11.65,11.65,11.65,11.65
YBR018C,11.33,11.33,11.33,23.33,11.33,11.33,11.33
YBR019C,3.34,3.34,3.34,3.34,3.34,0.82,3.34
YBR020W,41.70,13.99,41.70,41.70,41.70,41.70,41.70
YBR021W,9.93,9.93,9.93,9.93,9.93,9.93,9.93
YBR022W,20.47,20.47,20.47,20.47,20.47,20.47,2.69
YBR023C,41.31,41.31,41.31,41.31,41.31,41.31,102.02
YBR026C,39.24,54.97,39.24,39.24,10.53,240.10,38.92
YBR029C,47.86,54.49,55.02,54.49,54.49,54.49,54.49
YBR031W,17.33,17.33,17.33,17.33,17.33,48.36,17.33
YBR034C,10.64,10.64,10.69,2.39,10.64,10.64,10.64
YBR035C,23.61,17.82,17.82,17.82,17.82,118.61,17.82
YBR036C,1.60,1.60,1.60,1.60,1.60,1.60,1.02
YBR038W,2.29,2.29,2.29,2.29,2.29,2.29,2.29
YBR039W,2.76,2.76,2.76,2.76,1.04,2.76,2.76
YBR041W,8.46,4.50,4.50,4.50,4.50,4.50,4.50
YBR042C,36.59,36.59,36.59,36.59,36.59,36.59,36.59
YBR046C,5.16,5.16,5.16,5.16,5.16,5.16,5.16
YBR052C,11.39,7.11,11.39,9.97,10.95,11.39,11.39
YBR056W,141.01,36.26,282.95,141.01,141.01,141.01,141.01
YBR058C,11.77,11.77,11.77,2.91,11.77,11.77,11.77
YBR058C-A,60.72,60.72,60.72,60.72,60.72,60.72,60.72
YBR061C,4.95,1.05,4.95,4.95,4.95,4.95,4.95
YBR062C,14.76,14.76,14.76,14.76,14.76,14.76,14.76
YBR068C,4.83,4.83,4.83,4.83,4.83,4.83,4.83
YBR069C,12.08,12.08,9.11,12.08,12.08,12.08,12.08
YBR070C,70.84,70.84,70.84,70.84,70.84,70.84,70.84
YBR073W,1.51,1.51,1.51,1.51,1.51,1.51,1.51
YBR074W,38.54,193.17,38.54,38.54,38.54,38.54,38.54
YBR080C,28.69,28.69,28.69,29.97,28.69,28.69,43.27
YBR081C,8.24,8.24,8.24,8.24,8.24,15.92,8.24
YBR082C,1.61,2.30,2.30,2.32,2.30,2.30,2.30
YBR084W,22.38,22.38,22.38,22.38,31.77,22.38,17.02
YBR085W,9.08,10.23,9.08,13.30,9.08,9.08,9.08
YBR087W,28.47,28.47,28.47,28.47,28.47,28.47,28.47
YBR092C,20.75,20.75,20.75,20.75,20.75,20.75,20.75
YBR093C,222.00,222.00,222.00,890.90,222.00,222.00,222.00
YBR097W,14.03,14.03,9.13,14.03,41.20,14.03,14.03
YBR108W,4.33,4.33,4.33,4.33,9.01,4.33,4.33
YBR110W,26.28,26.28,6.55,26.28,26.28,26.28,26.28
YBR111C,5.21,27.94,27.94,27.94,27.94,27.94,27.94
YBR114W,18.91,154.28,154.28,154.28,154.28,154.28,154.28
YBR115C,65.54,70.29,70.29,70.29,70.29,70.29,70.29
YBR117C,34.31,34.31,34.31,34.31,34.31,34.31,34.31
YBR118W,180.36,180.36,1070.82,181.58,94.19,180.36,180.36
YBR119W,3.38,4.64,3.38,3.38,3.38,3.38,3.38
YBR121C,7.69,7.69,7.69,7.69,7.69,7.69,7.69
YBR125C,5.00,5.00,5.00,5.00,5.00,5.00,5.00
YBR126C,6.51,11.19,11.19,11.19,3.73,11.19,11.19
YBR127C,2.55,2.40,2.55,2.55,2.55,2.55,2.55
YBR128C,52.08,52.08,52.08,52.08,52.08,52.08,52.08
YBR131W,14.39,14.39,14.39,14.39,14.39,14.39,14.39
YBR132C,11.41,2.21,2.21,2.21,2.21,2.21,2.21
YBR136W,0.83,4.38,4.38,4.38,4.38,4.38,4.38
YBR140C,32.15,32.15,242.83,32.15,32.15,32.15,32.15
YBR142W,70.61,70.61,70.61,70.61,70.61,70.61,70.61
YBR145W,401.46,401.46,275.97,401.46,401.46,488.35,401.46
YBR147W,1588.89,1588.89,1588.89,1588.89,1588.89,1588.89,563.44
YBR149W,37.40,25.65,87.87,37.40,12.42,47.74,37.40
YBR153W,4.55,4.55,4.55,4.55,4.55,4.55,4.55
YBR159W,0.82,0.82,0.82,0.82,0.82,0.82,0.82
YBR161W,30.01,30.01,30.01,5.50,30.01,30.01,30.01
YBR164C,5.93,2.22,11.07,3.07,5.93,5.93,5.93
YBR166C,10.77,10.77,10.77,10.77,6.47,10.77,10.77
YBR176W,8.02,8.02,8.02,8.02,8.02,8.02,8.02
YBR177C,16.26,16.26,16.26,16.26,50.34,16.26,16.26
YBR180W,99.38,99.38,99.38,99.38,99.38,99.38,99.38
YBR183W,25.42,31.74,25.42,25.42,25.42,25.42,13.12
YBR189W,15.83,15.83,15.83,15.83,15.83,15.83,15.83
YBR192W,4.25,4.25,4.25,4.25,4.25,4.25,4.25
YBR196C,1.63,1.63,1.63,1.63,1.63,3.39,1.63
YBR199W,9.68,4.18,9.68,11.49,9.68,9.68,9.68
YBR202W,18.53,18.53,39.98,18.53,18.53,18.53,18.53
YBR204C,284.83,284.83,284.83,284.83,1608.93,284.83,284.83
YBR205W,24.42,24.42,24.42,12.30,24.42,24.42,47.71
YBR207W,87.72,87.72,87.72,87.72,87.72,87.21,87.72
YBR208C,9.50,9.50,9.50,9.50,9.50,9.50,9.73
YBR213W,3.40,3.40,3.40,3.40,3.40,3.40,3.40
YBR218C,4.72,4.72,4.72,5.92,4.72,4.72,4.72
YBR219C,31.49,4.21,6.77,6.77,6.77,6.77,6.77
YBR221C,489.17,489.17,1764.28,489.17,489.17,453.28,489.17
YBR222C,5.86,5.86,5.92,5.86,5.86,5.86,5.86
YBR229C,70.65,43.51,70.65,70.65,70.65,70.65,70.65
YBR235W,5.18,5.18,5.18,5.18,5.18,5.18,5.18
YBR236C,81.24,81.24,81.24,81.24,81.24,81.24,81.24
YBR237W,35.78,35.78,35.78,35.78,35.78,23.81,35.78
YBR241C,15.88,15.88,15.88,15.88,15.88,40.03,8.41
YBR242W,18.89,18.89,18.89,18.89,18.10,18.89,18.89
YBR243C,7.52,7.52,7.52,4.70,7.52,7.52,7.52
YBR244W,19.44,16.64,39.22,39.22,39.22,39.22,39.22
YBR245C,10.15,10.15,10.15,10.15,10.15,10.15,10.15
YBR248C,1.58,3.20,3.20,3.20,3.20,3.30,3.20
YBR249C,2.95,2.95,2.95,2.95,2.95,2.95,2.95
YBR252W,26.02,26.02,26.02,26.02,26.02,26.02,26.02
YBR256C,214.57,214.57,214.57,214.57,214.57,80.08,186.21
YBR260C,25.53,25.53,25.53,25.53,25.53,25.53,18.26
YBR263W,16.81,16.81,16.81,16.81,16.81,16.81,16.81
YBR265W,30.84,30.84,30.84,30.84,30.84,11.43,30.84
YBR273C,142.45,142.45,548.03,142.45,142.45,131.16,142.45
YBR275C,99.03,27.91,27.91,27.91,27.91,27.91,27.91
YBR276C,10.84,17.29,10.84,10.84,10.84,10.84,10.84
YBR280C,105.58,105.58,105.58,105.58,105.58,105.58,162.10
YBR281C,38.21,38.21,38.21,38.21,38.21,38.21,38.21
YBR286W,201.07,201.07,201.07,201.07,201.07,201.07,516.96
YBR289W,26.44,26.44,26.44,26.44,2.50,38.90,26.44
YBR290W,3.20,2.93,4.75,3.20,4.42,3.20,3.20
YBR291C,1.78,2.58,2.58,6.92,2.58,2.58,1.97
YBR293W,238.98,238.98,238.98,238.98,238.98,238.98,238.98
YBR294W,266.53,266.53,266.53,266.53,266.53,266.53,266.53
YBR295W,15.34,9.38,15.34,2.98,15.34,15.34,15.34
YBR296C,3.04,11.30,11.30,11.30,11.30,34.98,11.30
YBR297W,179.86,179.86,179.86,179.86,179.86,179.86,179.86
YBR298C,3.82,2.79,3.82,3.82,3.82,3.82,3.82
YBR299W,5.25,5.25,5.25,5.25,5.25,5.25,5.25
YBR302C,176.34,52.72,108.13,52.72,162.08,28.91,52.72
YCL001W,11.11,11.11,11.11,11.11,11.11,11.11,8.80
YCL004W,19.93,19.93,19.93,19.93,19.93,19.93,19.93
YCL005W-A,15.72,15.72,15.72,22.14,15.72,15.72,15.72
YCL009C,33.33,33.33,33.33,33.33,11.74,33.33,33.33
YCL014W,165.87,165.87,1861.30,165.87,165.87,165.87,220.92
YCL016C,23.01,23.01,23.01,23.01,23.01,23.01,23.01
YCL017C,52.77,52.77,52.77,52.77,52.77,52.77,52.77
YCL018W,0.61,0.93,0.93,0.93,0.93,0.93,0.93
YCL019W,32.07,18.67,18.67,18.67,18.67,18.67,18.67
YCL025C,5.67,5.67,11.06,5.67,2.23,5.67,5.67
YCL030C,3.23,3.23,3.23,3.23,3.23,3.23,3.23
YCL034W,5.38,1.32,5.38,5.38,5.38,5.38,5.38
YCL035C,12.17,15.95,12.17,18.73,12.17,12.17,12.17
YCL038C,79.35,79.35,79.35,79.35,79.35,79.35,79.35
YCL040W,2.75,2.75,2.75,2.75,2.15,1.35,2.75
YCL047C,21.03,21.03,21.03,21.03,21.03,34.99,21.03
YCL050C,9.72,9.72,9.72,9.72,9.72,9.72,9.72
YCL051W,12.29,12.29,12.29,12.29,12.29,12.29,12.29
YCL052C,90.39,90.39,90.39,90.39,90.39,90.39,90.39
YCL058C,45.02,84.29,45.02,45.02,45.02,45.02,140.19
YCL059C,149.32,149.32,149.32,149.32,149.32,149.32,35.05
YCL064C,15.93,15.93,15.93,15.93,15.93,15.93,15.93
YCL069W,7.07,7.07,7.07,7.07,7.07,7.07,34.01
YCR004C,14.36,14.36,14.36,14.36,14.36,14.36,14.36
YCR005C,63.51,28.90,13.23,28.90,28.90,28.90,49.93
YCR010C,37.48,26.18,26.18,26.18,26.18,26.18,26.18
YCR011C,3.95,3.95,3.95,3.95,3.95,3.95,2.85
YCR012W,23.01,23.01,23.01,23.01,23.01,23.01,23.01
YCR020C,15.45,15.40,28.29,28.29,28.29,28.29,28.29
YCR024C,876.74,876.74,876.74,139.73,876.74,876.74,876.74
YCR024C-A,335.38,335.38,335.38,335.38,314.01,335.38,335.38
YCR027C,5.59,5.59,5.59,10.17,5.59,5.59,5.59
YCR028C,13.05,13.05,13.05,13.05,13.05,13.05,13.05
YCR033W,28.13,2.24,2.24,1.23,2.24,2.24,2.24
YCR034W,8.28,8.28,8.28,8.28,5.41,8.28,41.60
YCR036W,173.43,32.25,32.25,32.25,32.25,32.25,32.25
YCR037C,122.58,122.58,122.58,122.58,122.58,122.58,122.58
YCR038C,6.73,6.73,6.73,6.73,9.10,6.73,6.73
YCR048W,10.78,7.53,7.53,7.53,7.53,7.53,7.53
YCR053W,0.80,0.80,0.80,1.19,0.80,1.81,0.80
YCR057C,15.74,15.74,15.74,41.46,15.74,15.74,15.74
YCR061W,4.08,4.08,4.08,4.08,4.08,4.08,4.08
YCR066W,9.08,9.08,16.38,9.08,9.08,9.08,9.08
YCR067C,5.39,5.39,5.39,5.39,5.39,5.39,5.39
YCR068W,17.44,2.56,17.44,17.44,17.44,17.44,17.44
YCR072C,1.44,1.44,1.44,1.44,0.72,1.15,1.44
YCR073W-A,2.22,0.57,2.22,2.22,2.22,2.22,2.22
YCR075C,489.74,489.74,489.74,489.74,489.74,489.74,489.74
YCR079W,2.91,2.91,2.91,2.91,2.91,2.91,2.91
YCR083W,25.74,3.88,3.88,3.88,3.88,3.88,3.88
YCR084C,315.88,315.88,315.88,315.88,315.88,315.88,315.88
YCR089W,1568.07,1568.07,1568.07,1568.07,1568.07,1587.57,1568.07
YCR098C,3.46,16.92,1.24,3.46,3.81,3.46,3.46
YCR105W,11.56,11.56,11.56,11.56,11.56,11.56,11.56
YCR106W,33.53,17.84,5.26,33.53,33.53,33.53,30.97
YCR107W,416.78,268.55,268.55,268.55,40.58,268.55,268.55
YDL004W,4.57,4.57,4.57,4.57,4.57,4.57,4.57
YDL006W,13.90,13.90,13.90,4.71,13.90,13.90,13.90
YDL013W,64.46,26.84,64.46,64.46,64.46,42.71,64.46
YDL015C,38.56,38.56,38.56,38.56,38.56,38.56,35.01
YDL021W,11.42,11.42,11.42,11.42,11.42,11.42,11.42
YDL022W,16.43,16.43,16.43,16.43,16.43,16.43,15.48
YDL024C,2.55,2.55,2.67,2.55,2.55,1.73,2.55
YDL031W,14.05,14.05,14.05,14.05,14.05,5.46,14.05
YDL033C,13.47,13.47,34.31,4.82,13.47,13.47,13.47
YDL037C,28.45,28.45,28.45,28.45,29.35,28.45,28.45
YDL040C,8.73,8.73,8.73,8.73,8.73,8.73,2.34
YDL042C,45.35,40.74,40.74,40.74,40.74,40.74,10.62
YDL044C,91.75,91.75,91.75,91.75,109.28,91.75,21.49
YDL045C,25.36,25.36,25.36,25.36,25.36,25.36,25.36
YDL047W,34.04,34.04,34.04,34.04,34.04,34.04,34.04
YDL052C,21.75,21.75,21.75,21.75,21.75,21.75,21.75
YDL055C,20.09,20.09,20.09,20.09,20.09,20.09,20.09
YDL066W,6.81,6.81,6.81,6.81,16.21,6.81,6.81
YDL067C,5.88,32.29,32.29,32.29,32.29,32.29,32.29
YDL073W,17.36,17.36,17.36,17.36,17.36,17.36,17.36
YDL074C,463.94,463.94,463.94,463.94,463.94,463.94,391.00
YDL078C,421.61,212.73,212.73,212.73,53.62,212.73,104.74
YDL080C,35.83,35.83,35.83,4.14,35.83,35.83,35.83
YDL084W,6.39,6.39,6.39,6.39,6.39,6.39,6.39
YDL085W,3.79,3.79,3.79,3.79,3.79,3.79,3.79
YDL089W,119.91,119.91,119.91,119.91,119.91,119.91,119.91
YDL090C,29.79,29.79,29.79,29.79,29.79,29.79,29.79
YDL093W,41.27,41.27,41.27,41.27,41.27,41.27,30.52
YDL095W,1.47,1.47,1.47,1.47,1.47,1.47,1.47
YDL100C,80.73,56.71,80.73,80.73,80.73,80.73,80.73
YDL102W,39.71,39.71,39.71,39.71,39.71,39.71,39.71
YDL103C,3.80,3.80,3.80,3.80,3.80,2.36,3.80
YDL104C,9.90,9.90,9.90,9.90,9.90,9.90,9.90
YDL109C,118.31,29.83,42.26,29.83,29.83,29.83,29.83
YDL110C,21.73,21.73,21.73,21.73,21.73,34.75,21.73
YDL114W,12.96,12.96,22.75,12.96,12.96,6.49,5.43
YDL120W,17.20,17.20,17.20,17.20,17.20,12.34,17.20
YDL122W,13.76,13.76,57.49,13.76,31.48,13.76,6.18
YDL125C,25.25,25.25,13.48,25.25,25.25,25.25,25.25
YDL126C,182.59,182.59,182.59,151.18,182.59,182.59,182.59
YDL131W,0.43,0.43,0.43,0.43,0.43,0.43,0.43
YDL134C,14.08,100.57,14.08,13.36,14.08,14.08,14.08
YDL137W,26.17,6.10,26.17,26.17,44.16,26.17,26.17
YDL140C,31.31,31.31,31.31,31.31,31.31,31.31,31.31
YDL141W,11.50,11.50,11.50,11.50,1.37,11.50,11.50
YDL142C,1.44,1.44,1.44,1.44,1.44,0.59,1.44
YDL144C,32.85,32.85,32.85,22.50,32.85,32.85,32.85
YDL149W,268.01,268.01,268.01,268.01,268.01,268.01,3093.33
YDL154W,2.01,2.01,2.01,1.67,2.01,2.01,2.01
YDL160C,73.39,73.39,73.39,73.39,73.39,73.39,73.39
YDL166C,12.27,12.27,12.27,12.27,12.27,12.27,12.27
YDL168W,18.32,18.32,18.32,6.72,18.32,18.32,18.32
YDL171C,4.14,4.14,5.57,4.14,4.14,4.14,4.14
YDL174C,21.53,12.16,12.16,12.16,3.15,12.16,12.16
YDL178W,141.18,141.18,141.18,141.18,141.18,141.18,141.18
YDL179W,48.13,48.13,48.13,48.13,48.13,48.13,48.13
YDL180W,180.42,270.01,19.56,103.13,270.01,270.01,746.57
YDL182W,117.46,256.12,117.46,117.46,117.46,117.46,117.46
YDL185W,38.81,38.81,38.81,16.61,38.81,38.81,38.81
YDL188C,274.76,274.76,274.76,274.76,274.76,274.76,274.76
YDL192W,38.80,38.80,152.31,81.85,8.96,38.80,38.80
YDL193W,28.75,75.74,69.55,69.55,69.55,685.01,69.55
YDL195W,12.87,9.48,12.87,12.87,12.87,12.87,35.92
YDL198C,27.55,22.19,22.19,22.19,22.19,22.19,22.19
YDL200C,7.06,7.06,7.06,7.06,7.06,7.06,7.06
YDL201W,81.17,88.62,88.62,88.62,88.62,43.05,88.62
YDL205C,3.43,35.29,3.43,3.43,3.43,3.43,3.43
YDL210W,64.94,64.94,64.94,64.94,64.94,64.94,64.94
YDL212W,15.09,15.09,15.09,15.09,11.44,15.09,35.15
YDL215C,116.38,116.38,116.38,116.38,140.33,116.38,116.38
YDL216C,61.95,61.95,61.95,60.20,190.35,61.95,61.95
YDL219W,308.27,308.27,308.27,308.27,308.27,308.27,176.02
YDL229W,371.75,60.11,60.11,60.11,60.11,60.11,60.11
YDL230W,1.90,1.90,1.90,0.21,1.90,1.90,1.90
YDL236W,18.17,18.17,18.17,18.17,3.91,18.17,18.17
YDL238C,3.46,3.46,3.46,3.46,3.46,12.54,11.65
YDL240W,9.23,9.23,9.23,9.23,21.52,9.23,9.23
YDL243C,193.80,193.80,193.80,193.80,193.80,193.80,193.80
YDL245C,52.26,36.09,52.26,52.26,52.26,52.26,52.26
YDL246C,7.04,5.90,7.04,5.39,7.04,9.73,7.04
YDL247W,4.39,4.39,4.39,4.39,4.39,4.39,4.39
YDR001C,21.10,21.10,21.10,21.10,21.10,21.10,21.10
YDR004W,3.24,3.24,3.24,3.24,3.24,1.81,3.24
YDR006C,7.34,7.34,7.34,7.34,7.34,7.34,7.34
YDR007W,32.07,32.07,32.07,32.07,32.07,14.87,32.07
YDR009W,113.63,113.63,113.63,113.63,113.63,113.63,113.63
YDR012W,50.06,50.06,50.06,95.00,50.06,50.06,50.06
YDR017C,0.65,0.65,0.65,0.65,0.65,0.65,0.65
YDR018C,31.71,31.71,34.37,31.71,31.71,37.45,31.71
YDR019C,22.38,22.38,22.38,10.57,22.38,22.38,22.38
YDR020C,37.37,37.37,37.37,21.01,37.37,37.37,37.37
YDR021W,226.86,226.86,226.86,226.86,226.86,226.86,226.86
YDR023W,1.12,0.91,0.36,0.91,0.91,0.91,0.91
YDR032C,5.35,13.37,8.28,8.28,8.28,8.28,8.28
YDR034C-D,48.73,48.73,48.73,48.73,48.73,48.73,48.73
YDR035W,1.60,1.87,1.87,1.87,1.87,1.87,1.87
YDR036C,183.81,50.01,183.81,125.65,183.81,183.81,183.81
YDR037W,34.90,34.90,34.90,34.90,34.90,34.90,34.90
YDR038C,71.51,71.51,71.51,33.71,71.51,71.51,71.51
YDR039C,8.53,8.53,8.53,8.09,16.90,8.53,12.60
YDR040C,68.08,68.08,68.08,68.08,68.08,68.08,68.08
YDR044W,99.75,99.75,99.75,99.75,108.77,95.51,99.75
YDR046C,28.48,28.48,28.48,230.67,28.48,21.02,28.48
YDR047W,28.55,28.55,28.55,28.55,28.55,28.55,28.55
YDR050C,30.13,30.13,30.13,30.13,30.13,30.13,30.13
YDR051C,5.50,5.50,5.50,5.50,5.50,5.50,5.50
YDR054C,16.10,16.10,16.10,16.10,16.10,16.10,16.10
YDR058C,15.98,15.98,10.23,15.98,15.98,15.98,7.13
YDR059C,35.70,35.70,35.70,35.70,35.70,35.70,35.70
YDR062W,389.92,89.99,89.99,89.99,89.99,89.99,89.99
YDR063W,4.10,4.10,4.10,4.10,4.10,5.25,4.10
YDR069C,18.42,16.65,16.65,16.65,16.65,113.37,16.65
YDR071C,185.34,185.34,185.34,185.34,185.34,185.34,185.34
YDR072C,6.58,6.58,8.33,6.58,6.58,6.58,6.58
YDR073W,5.85,1.78,5.85,5.85,3.01,5.85,5.85
YDR074W,27.21,27.21,27.21,27.21,27.21,27.21,27.21
YDR075W,71.28,71.28,71.28,36.17,71.28,71.28,71.28
YDR076W,20.43,20.43,20.43,20.43,20.43,20.43,20.43
YDR082W,147.44,147.44,147.44,147.44,986.32,147.44,147.44
YDR086C,72.62,72.62,72.62,72.62,72.62,72.62,72.62
YDR087C,71.00,71.00,71.00,71.00,71.00,71.00,154.48
YDR092W,46.12,216.24,46.12,46.12,46.12,46.12,46.12
YDR093W,659.50,659.50,659.50,659.50,659.50,71.24,659.50
YDR096W,14.76,14.76,14.76,14.76,14.76,14.76,14.76
YDR098C,0.99,0.76,0.99,0.99,1.74,0.99,0.99
YDR098C-B,222.82,222.82,222.82,222.82,222.82,222.82,222.82
YDR104C,10.11,10.11,10.11,10.11,10.11,10.11,10.11
YDR105C,23.61,23.61,23.61,23.61,23.61,23.61,23.61
YDR109C,143.21,143.21,143.21,143.21,143.21,143.21,143.21
YDR110W,4.14,1.82,1.82,1.82,1.82,1.82,1.82
YDR111C,3.07,5.18,3.07,3.07,5.65,3.07,3.07
YDR120C,1.82,1.82,1.82,2.92,1.40,1.82,9.40
YDR126W,6.10,6.10,6.10,6.10,1.71,6.10,6.10
YDR127W,38.84,38.84,38.84,38.84,38.84,38.84,23.92
YDR135C,44.09,44.09,44.09,44.09,44.09,44.09,44.09
YDR138W,30.40,30.40,6.94,22.19,30.40,30.40,14.01
YDR140W,2.41,2.41,2.41,2.41,2.41,2.41,2.41
YDR143C,0.63,0.63,0.63,0.63,0.63,0.63,0.63
YDR147W,21.79,21.79,21.79,21.79,21.79,21.79,63.18
YDR148C,9.90,9.90,9.90,59.02,9.90,9.90,9.90
YDR158W,40.01,40.01,40.01,40.01,40.01,40.01,40.01
YDR172W,57.57,192.71,57.57,57.57,57.57,57.57,57.57
YDR173C,24.71,24.71,24.71,24.71,24.71,24.71,24.71
YDR177W,278.75,62.82,62.82,62.82,127.80,62.82,62.82
YDR178W,28.33,37.75,28.33,35.15,28.33,28.33,28.33
YDR180W,44.48,17.82,44.48,44.48,44.48,44.48,44.48
YDR190C,6.98,6.98,12.68,6.98,6.98,6.98,6.98
YDR191W,9.86,16.72,15.34,3.82,1.84,15.34,15.34
YDR194C,26.98,26.98,26.98,26.98,26.98,26.98,26.98
YDR196C,68.77,202.80,68.77,68.77,68.77,68.77,68.77
YDR198C,11.13,11.13,11.13,11.13,19.84,11.13,11.13
YDR204W,43.89,43.89,43.89,43.89,39.92,43.89,43.89
YDR208W,13.48,13.48,13.48,13.48,13.48,13.48,13.48
YDR210C-D,16.84,16.84,16.84,10.37,16.84,16.84,16.84
YDR210W-B,69.18,69.71,69.71,69.71,69.71,69.71,69.71
YDR211W,1.01,0.77,1.01,1.01,1.01,1.01,1.57
YDR222W,2.87,2.87,2.87,2.87,2.87,34.62,2.87
YDR224C,2.17,2.17,2.17,2.17,2.17,2.17,2.17
YDR225W,0.61,0.61,0.61,0.61,0.61,0.61,0.61
YDR226W,7.26,7.26,7.26,1.28,7.26,7.26,7.26
YDR228C,61.82,219.59,61.82,61.82,61.82,61.82,61.82
YDR231C,13.10,13.10,13.10,13.10,13.10,13.10,13.10
YDR232W,27.02,27.02,27.02,27.02,27.02,27.02,27.02
YDR234W,102.91,102.91,102.91,102.91,102.91,102.91,42.08
YDR235W,147.16,147.16,147.16,147.16,147.16,150.18,147.16
YDR236C,18.11,18.11,18.11,18.11,18.11,18.11,18.11
YDR242W,152.99,135.82,152.99,152.99,152.99,152.99,152.99
YDR243C,23.06,23.06,7.50,23.06,23.06,23.06,23.06
YDR248C,5.72,5.72,5.72,5.72,5.72,5.72,5.72
YDR256C,8.24,8.24,8.24,8.24,8.24,8.24,8.24
YDR260C,2.18,2.18,2.18,1.09,2.18,2.18,2.18
YDR261C,5.30,5.30,5.30,5.30,5.30,5.30,5.30
YDR261C-D,11.74,11.74,11.74,4.49,14.10,11.74,11.74
YDR261W-B,67.05,67.05,67.05,67.05,67.05,67.05,67.05
YDR264C,593.50,385.09,265.38,265.38,265.38,265.38,265.38
YDR266C,2.53,2.53,2.53,2.53,2.53,2.53,2.53
YDR268W,36.21,36.21,36.21,36.21,36.21,36.21,36.21
YDR270W,4.22,4.22,4.22,4.22,4.22,4.22,4.22
YDR272W,40.94,163.33,40.94,40.94,40.94,40.94,40.94
YDR284C,16.50,10.55,16.50,16.06,16.50,16.50,16.50
YDR285W,0.72,1.29,0.20,1.24,1.29,1.29,1.29
YDR287W,80.84,80.84,80.84,330.37,80.84,80.84,80.84
YDR294C,8.11,8.11,8.11,8.11,8.11,8.11,8.11
YDR297W,9.02,9.02,9.02,9.02,9.02,9.02,9.02
YDR298C,4.04,4.04,4.04,4.04,4.04,4.04,4.04
YDR300C,7.53,7.53,5.72,30.78,7.53,7.53,7.53
YDR302W,38.16,38.16,41.59,38.16,38.16,38.16,38.16
YDR303C,15.12,15.12,15.12,15.12,15.12,15.12,15.12
YDR305C,32.88,47.59,32.88,32.88,32.88,32.88,89.25
YDR307W,34.57,34.57,34.57,34.57,34.57,34.57,34.57
YDR313C,145.62,74.54,145.62,145.62,145.62,145.62,145.62
YDR315C,12.01,12.01,12.01,12.01,12.01,12.01,51.31
YDR316W-B,2.19,2.19,2.19,2.19,2.19,2.19,15.59
YDR321W,99.57,99.57,99.57,99.57,99.57,99.57,811.06
YDR322C-A,12.22,12.22,12.22,12.22,12.22,12.22,12.22
YDR323C,106.90,106.90,106.90,106.90,106.90,106.90,106.90
YDR326C,35.70,35.70,35.70,35.70,35.70,35.70,35.70
YDR334W,16.50,16.50,16.50,16.50,16.50,16.50,8.05
YDR341C,33.89,33.89,60.42,33.89,33.89,33.89,33.89
YDR342C,374.85,211.21,374.85,374.85,374.85,374.85,374.85
YDR343C,452.81,452.81,452.81,452.81,452.81,452.81,452.81
YDR345C,22.29,66.78,22.29,22.29,22.29,22.29,22.29
YDR352W,25.54,25.54,25.54,31.89,25.54,25.54,25.54
YDR353W,100.92,100.92,100.92,100.92,100.92,100.92,100.92
YDR354W,5.65,5.65,5.65,7.22,5.65,5.65,5.65
YDR367W,33.10,33.10,33.10,33.10,25.71,33.10,33.10
YDR368W,19.42,19.32,19.32,19.32,6.98,19.32,19.32
YDR371W,32.16,108.46,32.16,32.16,32.16,13.80,32.16
YDR373W,5.75,5.75,5.75,2.48,8.23,5.75,13.83
YDR376W,1.85,1.85,1.85,1.85,1.85,1.85,1.85
YDR377W,0.90,0.90,0.90,0.90,0.90,0.90,0.90
YDR380W,3.76,2.59,3.76,3.76,3.76,3.76,3.89
YDR384C,10.09,10.09,10.09,10.09,10.09,10.09,10.09
YDR387C,12.94,12.94,49.99,12.94,12.94,12.94,12.94
YDR388W,367.18,367.18,367.18,367.18,367.18,367.18,367.18
YDR390C,105.53,105.53,105.53,181.20,105.53,199.22,105.53
YDR391C,0.78,4.74,9.77,4.74,4.74,42.86,4.74
YDR394W,33.84,33.84,33.84,33.84,33.84,8.83,27.63
YDR399W,10.91,10.91,10.91,10.91,10.91,10.91,10.91
YDR400W,13.11,13.11,54.85,13.11,6.89,6.39,13.11
YDR402C,26.52,26.52,26.52,26.52,26.52,26.52,26.52
YDR403W,50.84,50.84,50.84,50.84,50.84,50.84,37.07
YDR408C,12.07,23.75,12.07,12.07,12.07,12.07,12.07
YDR410C,99.07,99.07,99.07,99.07,99.07,99.07,99.07
YDR414C,3.62,3.59,3.62,3.62,4.67,3.62,0.85
YDR418W,20.28,5.95,20.28,9.85,20.28,20.28,20.28
YDR419W,988.82,988.82,988.82,988.82,2410.09,988.82,2064.34
YDR420W,28.07,28.07,28.07,7.47,28.07,28.07,19.69
YDR425W,172.40,172.40,172.40,172.40,172.40,172.40,146.15
YDR428C,23.04,23.04,23.04,23.04,23.04,23.04,23.04
YDR435C,48.00,48.00,48.00,48.00,48.00,48.00,48.00
YDR436W,18.45,17.32,45.37,18.45,18.45,30.22,18.45
YDR437W,25.15,15.56,15.56,15.56,3.79,5.38,15.56
YDR440W,6.24,6.24,6.24,6.24,6.24,6.24,6.24
YDR441C,88.68,38.30,275.61,38.30,38.30,59.91,38.30
YDR451C,3.63,5.60,5.60,5.60,5.60,5.60,5.60
YDR452W,54.51,135.31,54.51,73.43,54.51,54.51,54.51
YDR453C,102.30,102.30,102.30,102.30,102.30,331.50,102.30
YDR454C,34.81,34.81,34.81,34.81,34.81,34.81,34.81
YDR456W,13.07,13.07,13.07,13.07,7.14,13.07,13.07
YDR459C,39.68,39.68,39.68,39.68,39.68,39.68,39.68
YDR460W,5.10,12.64,12.64,12.64,10.65,12.64,12.64
YDR476C,81.72,81.72,81.72,81.72,81.72,81.72,81.72
YDR481C,1.29,1.29,1.29,1.29,1.29,1.29,1.29
YDR483W,12.14,12.14,12.14,12.14,12.14,13.86,12.14
YDR484W,1.26,1.01,1.01,1.01,1.01,1.01,1.01
YDR485C,2.09,2.13,2.13,2.13,3.03,2.13,2.13
YDR487C,155.37,155.37,155.37,1296.56,155.37,488.03,207.65
YDR493W,98.66,76.92,76.92,76.92,101.90,76.92,76.92
YDR497C,6.83,6.83,6.83,6.83,6.83,6.83,6.20
YDR501W,2.11,2.11,2.11,2.11,2.11,2.11,2.11
YDR502C,0.08,0.24,0.37,0.24,0.24,0.24,0.24
YDR503C,7.60,8.89,8.89,8.89,4.36,8.89,8.89
YDR508C,124.09,757.95,222.26,757.95,4044.26,757.95,757.95
YDR511W,38.56,87.51,38.56,38.56,38.56,38.56,38.56
YDR513W,11.08,8.68,4.08,8.68,8.68,8.68,8.68
YDR516C,7.12,40.35,40.35,40.35,41.96,40.35,40.35
YDR517W,1.93,1.93,1.93,1.93,0.71,1.93,1.93
YDR529C,12.86,12.86,12.86,12.86,12.86,12.86,7.45
YDR530C,52.70,23.32,23.32,23.32,23.32,23.32,8.55
YDR531W,17.65,17.65,17.65,17.65,17.65,17.65,17.65
YDR533C,65.77,65.77,33.09,65.77,65.77,65.77,32.62
YDR534C,33.68,33.68,43.54,33.68,33.68,33.68,31.63
YDR536W,36.98,54.73,54.73,54.73,54.73,45.44,54.73
YDR538W,7.15,7.15,7.15,7.15,4.67,7.15,58.05
YDR539W,77.22,77.22,77.22,98.76,207.64,77.22,77.22
YEL004W,231.23,1844.78,231.23,231.23,148.28,231.23,231.23
YEL006W,4.69,4.69,4.69,4.69,4.69,4.69,4.69
YEL011W,5.30,5.30,5.30,5.30,5.30,5.30,5.30
YEL012W,148.96,148.96,148.96,148.96,148.96,148.96,148.96
YEL013W,15.07,15.07,15.07,15.07,15.07,15.07,3.96
YEL016C,164.96,164.96,164.96,164.96,164.96,164.96,164.96
YEL017C-A,14.35,10.34,10.34,10.34,10.34,10.34,10.34
YEL019C,178.14,113.71,178.14,178.14,178.14,904.47,178.14
YEL021W,24.46,24.46,24.46,24.46,24.46,24.46,24.46
YEL022W,29.59,29.59,29.59,29.59,29.59,29.59,29.59
YEL024W,209.99,209.99,209.99,209.99,209.99,209.99,209.99
YEL027W,11.67,8.42,11.67,11.67,11.67,11.67,11.67
YEL029C,4.90,4.90,4.90,4.90,4.90,4.90,4.90
YEL031W,7.37,10.25,3.60,10.25,10.25,10.25,10.25
YEL032W,39.59,34.93,24.90,39.59,31.74,39.59,39.59
YEL038W,1.92,1.92,1.92,1.92,1.92,1.92,1.92
YEL039C,52.26,52.26,52.26,52.26,52.26,106.88,52.26
YEL041W,8.95,8.95,8.95,34.81,8.95,5.14,8.95
YEL042W,112.36,112.36,112.36,112.36,112.36,112.36,112.36
YEL046C,0.55,0.55,0.55,0.55,0.34,0.55,0.55
YEL047C,6.17,6.17,6.17,6.17,8.80,6.17,6.17
YEL051W,1.60,1.60,1.60,1.60,1.08,1.60,1.60
YEL053C,5.82,5.82,5.82,24.26,5.82,5.82,5.82
YEL054C,29.12,30.35,29.12,6.15,29.12,29.12,29.12
YEL057C,15.35,15.35,15.35,15.35,15.35,1.46,15.35
YEL058W,16.97,13.73,13.73,13.73,13.73,13.73,13.73
YEL063C,15.82,15.82,15.82,15.82,15.82,15.82,15.82
YEL066W,27.25,17.94,27.25,27.25,27.25,27.25,27.25
YEL069C,4.42,9.29,4.42,4.42,4.42,4.42,4.42
YEL070W,57.99,57.99,57.99,57.99,57.99,57.99,57.99
YEL071W,54.27,54.27,54.27,54.27,19.16,22.73,54.27
YEL076C,35.79,35.79,35.79,35.79,35.79,35.79,25.93
YEL077C,46.28,43.07,46.28,46.28,46.28,35.73,46.28
YER003C,31.33,31.33,31.33,31.33,31.33,73.28,31.33
YER004W,425.22,425.22,425.22,425.22,425.22,425.22,563.65
YER005W,17.63,24.53,17.63,17.63,17.63,5.31,17.63
YER006W,12.67,12.67,12.67,12.67,12.67,12.67,12.67
YER010C,6.49,6.49,111.61,6.49,6.49,6.49,6.49
YER013W,4.27,4.27,4.27,4.27,4.27,4.27,10.42
YER014W,3.11,3.11,3.11,1.49,3.11,2.50,3.11
YER015W,5.30,5.30,3.06,5.30,5.30,5.30,5.30
YER016W,18.07,1.16,18.07,18.07,18.07,18.07,18.07
YER017C,33.16,33.16,33.16,33.16,33.16,33.16,33.16
YER019W,21.69,21.69,21.69,21.69,21.69,21.69,21.69
YER021W,6.37,6.37,6.37,6.37,6.37,6.37,6.37
YER023W,7.23,77.50,77.50,77.50,77.50,77.50,77.50
YER024W,60.89,60.89,60.89,60.89,60.89,60.89,60.89
YER025W,15.81,15.81,54.40,15.81,8.43,15.81,15.81
YER026C,7.54,7.54,7.54,7.54,7.54,20.55,7.54
YER037W,45.72,45.72,45.72,45.72,45.72,45.72,45.72
YER042W,26.63,26.63,26.63,26.63,26.63,26.63,21.71
YER043C,3.02,2.29,2.29,2.29,2.29,2.29,2.29
YER051W,6.92,18.14,38.42,18.14,18.14,18.14,18.14
YER052C,29.76,8.16,29.76,29.76,33.75,29.76,29.76
YER053C,5.21,5.21,5.21,5.21,5.21,5.21,11.54
YER055C,26.70,26.70,26.70,39.73,11.65,26.70,26.70
YER056C,2.27,2.27,2.27,1.57,2.27,2.27,2.27
YER057C,149.05,149.05,222.90,149.05,149.05,149.05,149.05
YER059W,130.57,130.57,130.57,130.57,130.57,130.57,130.57
YER060W,13.75,13.75,13.75,162.46,13.75,13.75,36.65
YER060W-A,34.65,34.65,34.65,34.65,34.65,5.41,34.65
YER061C,0.54,0.54,0.54,0.54,0.39,0.54,0.54
YER062C,4.26,3.54,3.54,3.54,3.54,3.54,3.54
YER065C,12.93,3.97,12.93,12.93,7.88,49.48,12.93
YER068W,4.02,4.02,15.52,4.02,4.02,4.02,4.02
YER069W,58.65,58.65,38.25,45.68,58.65,58.65,58.65
YER070W,401.80,401.80,401.80,401.80,401.80,401.80,401.80
YER073W,3.44,2.51,3.44,3.44,3.44,3.44,3.44
YER075C,1.03,5.72,2.34,5.72,5.72,5.72,5.72
YER078C,28.59,28.59,28.59,16.63,28.59,28.59,28.59
YER081W,91.76,225.13,225.13,225.13,225.13,225.13,225.13
YER086W,3.21,3.21,3.21,3.21,3.21,3.21,3.21
YER087W,29.18,29.18,29.18,29.18,13.96,29.18,29.18
YER088C,308.57,308.57,308.57,34.66,2023.99,308.57,308.57
YER089C,0.79,1.69,3.17,0.51,0.11,1.69,1.69
YER090W,2.94,2.94,1.95,2.94,2.94,2.94,0.58
YER091C,10.64,10.64,10.64,10.64,10.64,10.64,32.00
YER092W,9.20,9.20,9.20,9.20,9.20,1.85,0.64
YER098W,67.96,67.96,67.96,67.96,64.56,6.45,18.27
YER099C,29.93,28.86,28.86,28.86,28.86,28.86,28.86
YER103W,1.40,1.40,1.40,1.40,1.40,1.40,1.40
YER105C,136.09,43.52,43.52,43.52,43.52,43.52,43.52
YER111C,8.45,8.45,8.45,8.45,8.45,8.45,8.45
YER113C,135.87,135.87,135.87,175.80,135.87,135.87,135.87
YER115C,7.84,7.84,7.84,7.84,7.84,7.84,7.84
YER116C,7.73,7.73,7.73,7.73,7.73,1.71,7.73
YER119C,45.23,45.23,59.89,45.23,45.23,100.24,45.23
YER125W,63.08,66.43,63.08,12.37,63.08,63.08,63.08
YER128W,62.93,39.34,39.34,7.51,39.34,39.34,39.34
YER133W,0.67,1.60,1.60,1.60,1.60,1.60,1.60
YER137C,45.02,45.02,148.07,45.02,45.02,45.02,45.02
YER138C,4.26,4.26,4.26,4.26,4.26,4.26,4.26
YER139C,17.10,28.59,28.59,24.97,28.59,28.59,28.59
YER140W,2.37,2.37,9.85,2.37,2.37,1.94,2.37
YER141W,103.28,39.23,39.23,39.23,39.23,39.23,42.42
YER142C,9.49,5.99,8.09,5.99,5.99,5.99,5.99
YER143W,0.78,2.93,2.93,2.93,2.93,2.93,2.93
YER144C,58.60,58.60,42.61,58.60,58.60,58.60,58.60
YER145C,28.86,28.86,28.86,28.86,28.86,28.86,28.86
YER151C,9.05,8.00,8.00,8.00,8.00,8.00,3.39
YER152C,177.11,177.11,177.11,177.11,177.11,177.11,177.11
YER160C,10.37,3.54,10.37,10.37,32.00,10.37,10.37
YER163C,21.08,21.08,21.08,21.08,21.08,21.08,21.08
YER164W,30.07,30.07,30.07,30.07,30.07,30.07,34.76
YER165W,4.64,7.93,7.93,7.93,7.93,7.93,7.93
YER170W,40.72,13.13,40.72,40.72,40.72,40.72,40.72
YER171W,7.29,9.02,9.02,9.02,9.02,9.02,9.02
YER172C,10.83,10.83,10.83,10.83,10.83,10.83,10.83
YER174C,155.08,155.08,155.08,362.07,155.08,155.08,155.08
YER175C,4.22,4.22,2.70,4.22,4.22,7.42,4.22
YER178W,0.38,0.54,0.54,0.54,0.54,0.54,0.54
YER180C-A,699.23,225.07,225.07,225.07,225.07,83.84,225.07
YER183C,919.65,919.65,919.65,919.65,919.65,919.65,919.65
YER184C,10.94,10.94,10.94,10.94,10.94,10.94,10.94
YER187W,1.10,1.10,1.10,1.81,3.64,1.10,1.10
YER190W,13.80,14.04,11.81,12.61,12.61,12.61,12.61
YFL001W,13.07,31.81,13.07,13.07,13.07,13.07,13.07
YFL002C,15.11,15.11,15.11,15.11,19.10,15.11,15.11
YFL002W-A,3.78,3.78,3.78,3.78,3.78,3.78,3.78
YFL005W,47.91,47.91,47.91,47.91,47.91,47.91,47.91
YFL007W,44.11,27.78,44.11,44.11,44.11,51.66,44.11
YFL009W,2.13,7.57,2.13,2.13,2.13,2.13,2.13
YFL011W,57.33,57.33,57.33,78.27,281.89,57.33,57.33
YFL017C,436.60,436.60,436.60,436.60,54.42,150.79,436.60
YFL018C,26.00,26.00,24.39,152.85,26.00,80.06,26.00
YFL022C,12.11,12.11,12.11,12.11,17.54,12.11,12.11
YFL030W,63.04,28.27,16.23,3.57,16.23,16.23,16.23
YFL036W,21.97,50.55,50.55,50.55,50.55,50.55,50.55
YFL038C,1.50,1.50,1.50,6.79,1.50,0.88,1.50
YFL041W,25.70,25.70,25.70,25.70,25.70,25.70,25.70
YFL044C,11.18,11.18,17.63,11.18,11.18,11.18,11.18
YFL045C,148.49,321.10,321.10,321.10,320.72,321.10,321.10
YFL053W,28.87,12.80,15.47,15.47,15.47,15.47,15.47
YFL054C,245.14,245.14,103.66,188.75,245.14,245.14,245.14
YFL055W,3.84,3.84,3.84,3.84,3.84,3.84,3.84
YFL058W,48.47,48.47,48.47,6.63,9.88,48.47,48.47
YFL059W,32.43,32.43,32.43,22.57,32.43,32.43,27.73
YFL060C,5.45,5.45,5.45,5.45,5.45,5.45,5.45
YFL061W,26.21,26.21,26.21,26.21,26.21,114.77,26.21
YFR005C,123.81,123.81,123.81,127.46,123.81,123.81,123.81
YFR009W,12.36,12.36,12.36,12.36,12.36,12.36,12.36
YFR010W,1.59,1.59,2.38,1.59,1.59,1.59,1.59
YFR012W,19.56,19.56,19.56,19.56,19.56,19.56,19.56
YFR015C,5.19,5.19,5.19,5.19,2.15,5.19,5.19
YFR016C,12.02,12.02,12.02,12.02,12.02,2.12,12.02
YFR018C,17.77,28.92,17.77,5.64,17.77,17.77,17.77
YFR019W,13.47,1.56,1.56,1.56,1.56,1.56,1.56
YFR020W,1.78,1.78,1.01,1.78,1.78,1.78,0.45
YFR021W,41.39,41.39,41.39,41.39,41.39,41.39,41.39
YFR025C,9.17,9.17,9.17,9.17,15.25,9.17,9.17
YFR028C,0.43,0.43,0.43,0.43,0.86,0.63,0.43
YFR030W,65.19,65.19,65.19,65.19,65.19,65.19,65.19
YFR033C,30.22,30.22,30.22,30.22,30.22,74.28,30.22
YFR038W,15.17,6.88,6.88,6.88,6.88,6.88,6.88
YFR040W,2.79,2.79,2.79,2.79,4.79,2.79,2.79
YFR044C,70.37,70.37,70.37,70.37,70.37,70.37,70.37
YFR047C,33.92,62.78,33.92,33.92,33.92,33.92,33.92
YFR049W,716.16,716.16,716.16,716.16,716.16,1959.20,716.16
YFR053C,37.72,37.72,37.72,37.72,37.72,5.95,37.72
YFR055W,34.44,35.93,35.93,35.93,35.93,19.33,35.93
YGL001C,128.57,15.64,15.64,15.64,15.64,15.64,15.64
YGL002W,68.39,18.24,20.34,68.39,68.39,68.39,68.39
YGL003C,5.01,51.30,51.30,51.30,51.30,51.30,51.30
YGL006W,131.31,131.31,131.31,131.31,66.71,131.31,242.54
YGL008C,9.19,9.19,16.60,9.19,25.33,9.19,9.19
YGL009C,10.45,10.45,5.33,10.45,10.45,10.45,4.55
YGL012W,9.79,9.79,9.79,9.79,9.79,9.79,9.79
YGL017W,65.77,65.77,65.77,90.42,65.77,49.78,65.77
YGL022W,190.10,190.10,190.10,190.10,190.10,190.10,190.10
YGL026C,10.09,10.09,10.09,10.09,2.32,10.09,10.09
YGL027C,10.62,10.62,10.62,10.62,10.62,10.62,10.62
YGL037C,98.54,32.17,32.17,32.17,32.17,123.01,32.17
YGL038C,13.89,18.00,26.48,13.89,2.25,13.89,13.89
YGL040C,83.77,83.77,83.77,83.77,83.77,83.77,83.77
YGL047W,0.69,0.69,0.69,0.47,0.69,0.69,0.69
YGL048C,5.81,5.81,5.81,5.81,5.81,5.81,5.81
YGL050W,6.21,6.21,6.21,6.21,6.21,6.21,6.21
YGL055W,0.62,0.62,0.62,0.62,0.62,0.62,0.62
YGL058W,4.73,4.73,4.73,4.73,4.73,4.73,4.91
YGL062W,5.09,5.09,5.09,5.09,5.09,5.09,3.03
YGL063W,14.86,14.86,14.86,14.86,14.86,14.86,14.86
YGL064C,106.64,106.64,106.64,106.64,106.64,106.64,106.64
YGL065C,13.91,13.91,21.33,13.91,13.91,13.91,13.91
YGL067W,4.28,4.28,4.28,4.28,4.28,4.28,4.28
YGL068W,18.44,18.44,18.44,18.44,67.99,18.44,18.44
YGL071W,188.30,96.91,96.91,96.91,96.91,96.91,96.91
YGL077C,4.65,4.65,4.65,4.65,4.65,4.65,4.65
YGL078C,10.14,5.13,4.08,5.13,5.13,2.54,5.13
YGL080W,46.42,46.42,46.42,46.42,46.42,46.42,46.42
YGL084C,14.41,14.41,14.41,6.36,14.41,39.91,14.41
YGL093W,53.05,53.05,53.05,53.05,53.05,53.05,53.05
YGL101W,19.68,19.68,19.68,19.68,19.68,6.64,19.68
YGL116W,57.54,57.54,57.54,57.54,57.54,57.54,57.54
YGL117W,4.25,4.25,4.25,4.25,4.25,4.25,4.25
YGL120C,19.72,19.72,19.72,19.72,19.72,19.72,19.72
YGL125W,14.64,14.64,14.64,14.64,14.64,14.64,49.92
YGL130W,3.24,3.24,3.24,3.24,3.24,3.24,3.24
YGL136C,1.92,1.92,1.92,1.92,1.92,1.92,1.92
YGL137W,56.18,56.18,56.18,56.18,56.18,56.18,56.18
YGL139W,11.86,11.86,11.86,2.74,11.86,11.86,11.86
YGL142C,4.33,5.61,4.33,4.33,4.33,4.33,4.33
YGL144C,17.39,17.39,17.39,17.39,17.39,24.85,17.39
YGL148W,109.07,109.07,109.07,100.82,109.07,109.07,109.07
YGL154C,0.66,0.66,0.86,1.58,0.66,0.66,0.66
YGL155W,2.13,2.13,2.13,2.13,2.13,2.13,0.73
YGL156W,5.03,5.03,5.03,5.03,5.03,5.03,5.03
YGL162W,179.79,179.79,179.79,179.79,179.79,179.79,179.79
YGL163C,30.69,30.69,30.69,30.69,30.69,30.69,30.69
YGL164C,63.50,63.50,63.50,63.50,63.50,63.50,63.50
YGL167C,3.63,3.63,3.63,3.63,3.63,3.63,3.63
YGL169W,5.63,2.31,3.75,3.75,3.75,3.75,3.75
YGL171W,39.32,37.07,39.32,39.32,39.32,39.32,39.32
YGL178W,21.92,21.92,21.92,21.92,14.90,21.92,21.92
YGL184C,45.75,131.07,45.75,97.64,45.75,45.75,261.24
YGL186C,28.74,15.16,15.16,15.16,15.16,19.84,15.16
YGL187C,30.48,30.48,30.48,30.48,30.48,30.48,30.48
YGL191W,25.46,25.46,25.46,25.46,25.46,25.46,25.46
YGL194C,35.35,64.50,64.50,64.50,64.50,92.81,64.50
YGL195W,67.39,67.39,67.39,67.39,67.39,374.21,67.39
YGL196W,0.98,1.77,1.77,0.14,1.89,1.77,1.77
YGL201C,0.69,0.69,0.69,0.69,0.69,0.69,0.69
YGL202W,90.25,90.25,90.25,90.25,90.25,90.25,90.25
YGL205W,119.29,119.29,119.29,119.29,119.29,119.29,119.29
YGL207W,4.35,4.35,4.35,4.35,2.91,4.35,4.35
YGL224C,0.97,1.23,1.23,0.63,0.76,1.23,1.23
YGL225W,23.30,23.30,19.75,23.30,23.30,23.30,23.30
YGL234W,81.15,81.15,81.15,81.15,81.15,81.15,62.30
YGL245W,297.79,297.79,297.79,297.79,297.79,88.60,297.79
YGL248W,47.33,38.81,295.86,43.57,43.57,43.57,43.57
YGL251C,11.50,11.50,11.50,11.50,3.88,11.50,11.50
YGL253W,19.74,6.91,5.26,5.26,5.26,5.26,5.26
YGL255W,20.43,20.43,20.43,20.43,20.43,20.43,20.43
YGL256W,12.82,12.82,12.82,13.70,12.82,12.82,12.82
YGL258W,4.38,4.38,4.38,4.38,4.38,6.43,4.38
YGR001C,434.04,434.04,434.04,434.04,434.04,1851.94,434.04
YGR002C,292.29,292.29,292.29,662.37,292.29,292.29,292.29
YGR006W,110.40,114.82,110.40,110.40,110.40,110.40,110.40
YGR007W,5.05,5.05,5.05,5.05,5.05,5.05,1.52
YGR009C,72.42,72.42,72.42,72.42,72.42,72.42,72.42
YGR010W,52.43,52.43,85.40,52.43,68.82,52.43,52.43
YGR012W,39.01,39.01,37.12,50.10,39.01,39.01,39.01
YGR014W,130.91,130.91,130.91,130.91,130.91,130.91,130.91
YGR015C,52.09,52.09,52.09,52.09,52.09,52.09,52.09
YGR019W,60.95,60.95,15.86,60.95,60.95,60.95,60.95
YGR020C,52.21,52.21,52.21,52.21,98.10,61.96,52.21
YGR024C,33.49,33.49,33.49,67.75,38.84,33.49,36.61
YGR026W,1.38,1.38,1.38,1.38,1.38,2.45,1.38
YGR027C,22.77,22.77,22.77,55.27,22.77,22.77,22.77
YGR029W,8.72,8.72,37.48,8.72,8.57,8.72,8.72
YGR032W,2.95,2.95,2.95,2.95,3.58,2.95,2.95
YGR036C,96.04,250.32,250.32,250.32,250.32,471.33,250.32
YGR038C-B,268.67,268.67,268.67,268.67,268.67,268.67,268.67
YGR038W,154.29,154.29,154.29,154.29,154.29,154.29,656.25
YGR043C,29.45,29.45,29.45,29.45,29.45,44.04,29.45
YGR046W,152.31,152.31,152.31,1724.35,152.31,152.31,418.06
YGR047C,20.45,20.45,20.45,31.37,14.83,20.45,86.32
YGR055W,19.24,27.23,27.23,27.23,38.90,27.23,27.23
YGR060W,3.90,3.90,3.90,3.90,3.90,3.90,3.90
YGR061C,23.32,36.43,36.43,36.43,125.76,36.43,36.43
YGR062C,21.99,21.99,21.99,21.99,13.98,21.99,21.99
YGR065C,2.85,2.85,2.85,2.85,2.85,2.02,2.85
YGR084C,18.60,18.60,18.60,14.64,18.60,18.60,113.89
YGR087C,17.82,17.82,17.82,17.82,17.82,17.82,17.82
YGR088W,297.78,297.78,297.78,297.78,297.78,941.22,297.78
YGR093W,44.59,76.81,70.51,76.81,76.81,76.81,76.81
YGR094W,20.43,20.43,20.43,20.43,20.43,20.43,20.43
YGR096W,29.17,29.17,29.17,50.18,29.17,29.17,29.17
YGR106C,39.75,21.46,28.87,21.46,21.46,21.46,21.46
YGR109W-B,14.81,14.81,14.81,14.81,14.81,14.81,14.81
YGR110W,3.96,3.96,3.96,3.96,3.96,3.96,3.96
YGR121C,16.01,7.06,16.01,16.01,16.01,16.01,16.01
YGR123C,6.56,6.56,6.56,6.77,6.56,6.56,6.56
YGR124W,9.16,3.08,3.08,3.08,3.08,3.08,3.08
YGR138C,38.55,43.24,43.24,43.24,43.24,78.70,43.24
YGR143W,36.12,36.12,36.12,36.12,36.12,36.12,36.12
YGR144W,1.35,1.38,1.38,1.38,1.38,1.38,1.38
YGR152C,16.71,16.71,16.71,16.71,55.30,57.10,14.83
YGR154C,89.44,89.44,89.44,89.44,117.82,89.44,89.44
YGR155W,98.38,98.38,46.12,98.38,98.38,98.38,98.38
YGR157W,93.57,93.57,93.57,93.57,31.51,93.57,93.57
YGR159C,3.13,21.29,21.29,21.29,21.29,21.29,21.29
YGR161C-D,5.65,6.98,5.65,5.65,5.65,2.86,3.65
YGR161W-B,3.95,3.95,3.95,3.95,3.95,3.95,3.95
YGR165W,33.68,33.68,33.68,33.68,33.68,33.68,33.68
YGR169C,35.48,35.48,35.48,248.06,35.48,35.48,35.48
YGR170W,138.52,138.52,138.52,138.52,138.52,138.52,138.52
YGR171C,104.58,104.58,104.58,104.58,104.58,104.58,104.58
YGR173W,16.47,16.47,16.47,16.47,16.47,16.47,16.47
YGR175C,3.11,3.11,3.11,3.11,3.11,3.11,3.11
YGR177C,12.45,25.17,12.45,12.45,55.54,13.29,12.45
YGR179C,121.42,27.82,27.82,27.82,27.82,27.82,27.82
YGR180C,14.83,13.75,14.83,41.20,35.88,14.83,14.83
YGR183C,8.44,8.44,65.87,36.56,2.96,8.44,7.35
YGR184C,29.35,29.35,25.34,29.35,29.35,29.35,29.35
YGR185C,9.43,9.43,8.97,9.80,9.43,9.43,9.43
YGR191W,7.83,7.83,7.83,7.83,6.55,7.83,7.83
YGR192C,32.05,32.05,32.05,32.05,32.05,32.05,32.05
YGR193C,10.99,10.99,11.57,10.99,10.99,10.99,10.99
YGR194C,28.97,28.97,28.97,28.97,28.97,28.97,28.97
YGR197C,12.54,30.26,30.26,30.26,30.26,30.26,30.26
YGR199W,3.64,0.65,3.64,3.64,3.64,3.64,3.64
YGR201C,9.76,5.25,9.76,9.76,9.76,9.76,9.76
YGR202C,173.58,173.58,173.58,173.58,265.43,33.56,173.58
YGR204W,3.51,3.51,3.51,3.51,0.47,3.51,3.51
YGR205W,0.84,0.84,0.84,0.84,1.14,0.84,0.32
YGR208W,1.23,1.23,1.23,0.57,1.23,1.23,1.23
YGR209C,20.98,20.98,20.98,23.22,20.98,20.98,20.98
YGR215W,4.16,21.04,21.04,21.04,21.04,21.04,21.04
YGR216C,16.84,16.84,16.84,24.57,16.84,16.84,16.84
YGR218W,124.12,124.12,124.12,124.12,124.12,124.12,124.12
YGR222W,0.36,0.10,0.36,0.83,0.26,0.07,0.36
YGR227W,36.38,36.38,36.38,36.38,36.38,36.38,36.38
YGR229C,208.96,208.96,208.96,208.96,208.96,208.96,208.96
YGR230W,3.70,1.94,3.70,3.70,3.19,3.70,3.70
YGR234W,11.36,11.36,11.36,11.36,11.36,11.36,31.70
YGR240C,6.49,6.49,6.49,6.16,6.49,6.49,6.49
YGR243W,2.16,5.25,5.25,5.25,0.75,10.27,1.87
YGR244C,12.31,18.71,12.31,12.31,12.31,12.31,12.31
YGR246C,170.93,170.93,170.93,170.93,170.93,170.93,170.93
YGR247W,316.11,316.11,316.11,316.11,199.17,316.11,316.11
YGR248W,12.13,12.13,12.13,12.13,12.13,12.13,5.39
YGR252W,349.88,349.88,349.88,349.88,133.69,349.88,349.88
YGR254W,21.19,21.19,21.19,21.19,2.53,21.19,21.19
YGR255C,278.81,1647.90,424.49,278.81,278.81,278.81,278.81
YGR256W,17.46,17.46,4.65,17.46,17.46,31.85,40.79
YGR260W,24.45,24.45,338.01,24.45,24.45,14.08,24.45
YGR262C,34.75,34.75,34.75,34.75,34.75,75.59,34.75
YGR263C,2364.40,3328.52,2364.40,2364.40,2364.40,2364.40,2364.40
YGR264C,72.02,72.02,90.50,127.15,72.02,72.02,72.02
YGR267C,6.95,6.95,6.95,6.95,6.95,6.95,6.95
YGR270W,85.93,85.93,85.93,85.93,15.25,30.69,66.11
YGR271W,11.67,5.33,11.67,39.91,11.67,11.67,11.67
YGR277C,9.63,9.63,9.63,9.63,9.63,9.63,9.63
YGR278W,78.48,78.48,78.48,426.95,126.81,78.48,78.48
YGR282C,21.04,19.04,62.62,21.04,21.04,21.04,21.04
YGR286C,30.50,16.57,10.67,30.50,30.50,30.50,30.50
YGR287C,20.51,20.51,20.51,20.51,20.51,20.51,20.51
YGR289C,33.28,33.28,33.28,33.28,33.28,33.28,39.45
YGR292W,37.99,37.99,37.99,37.99,82.96,37.99,37.99
YHL003C,1.10,2.61,1.10,1.10,1.10,1.10,1.10
YHL010C,30.38,14.15,16.71,54.59,54.59,54.59,54.59
YHL011C,4.60,4.60,4.60,4.60,1.87,4.60,4.60
YHL012W,2.31,2.31,2.31,1.03,5.28,3.83,2.31
YHL013C,138.80,18.40,18.40,129.35,19.93,18.40,18.40
YHL014C,22.78,22.78,22.78,22.78,22.78,22.78,22.78
YHL016C,7.10,24.48,7.10,4.46,7.10,7.10,7.10
YHL017W,69.86,69.86,69.86,69.86,69.86,69.86,69.86
YHL018W,3.59,2.68,2.68,2.68,2.68,2.68,2.68
YHL019C,10.91,10.91,10.91,10.91,17.99,9.92,10.91
YHL030W,8.35,8.35,8.35,8.35,8.35,1.14,6.17
YHL032C,18.73,18.73,6.48,18.73,13.37,18.73,18.73
YHL033C,30.52,30.52,30.52,30.52,30.52,30.52,30.52
YHL034C,4.43,4.43,4.43,4.43,4.43,25.69,12.06
YHL036W,8.78,59.53,59.53,59.53,27.38,59.53,59.53
YHR001W-A,22.08,22.08,22.08,22.08,22.08,22.08,22.08
YHR002W,1.18,1.18,1.18,1.18,1.18,0.57,1.18
YHR004C,1.06,1.06,1.06,1.06,1.06,1.06,1.06
YHR007C,19.72,19.72,19.72,6.33,19.72,19.72,19.72
YHR008C,14.42,14.42,31.66,44.15,14.42,5.44,14.42
YHR011W,17.20,6.96,17.20,17.20,17.20,17.20,17.20
YHR013C,19.26,11.42,19.26,90.48,19.26,19.26,19.26
YHR018C,28.17,22.92,28.17,28.17,28.17,28.17,3.11
YHR019C,19.69,83.22,67.41,83.22,83.22,83.22,83.22
YHR020W,3.79,3.79,2.36,3.79,3.79,3.79,3.79
YHR024C,3.46,3.46,3.75,3.46,3.46,16.03,3.46
YHR025W,3.90,3.90,3.90,3.90,3.90,3.90,3.90
YHR026W,30.98,30.98,4.70,30.98,30.98,30.98,30.98
YHR031C,129.99,156.53,129.99,129.99,129.99,129.99,129.99
YHR034C,10.52,10.52,10.52,10.52,10.52,10.52,10.52
YHR037W,0.47,0.47,0.47,1.70,0.47,0.47,0.06
YHR039C-A,1.56,1.56,1.56,1.56,0.36,1.56,1.56
YHR042W,5.76,5.76,5.76,5.76,5.76,5.76,5.76
YHR043C,8.70,8.70,8.70,8.70,8.70,8.70,8.70
YHR044C,10.89,10.89,10.89,10.89,10.89,10.89,10.89
YHR046C,21.28,21.28,21.28,21.28,21.28,21.28,21.28
YHR047C,51.55,12.58,12.58,331.43,12.58,12.58,12.58
YHR049W,96.93,96.93,96.93,96.93,96.93,96.93,96.93
YHR051W,7.29,7.29,7.29,7.29,7.29,7.29,7.29
YHR058C,5.51,5.51,5.51,5.51,5.51,5.51,4.81
YHR063C,83.45,41.19,41.19,41.19,41.19,41.19,41.19
YHR065C,2.01,2.01,2.01,2.01,2.01,2.01,2.01
YHR067W,36.04,36.04,36.04,36.04,36.04,36.04,36.04
YHR068W,23.43,23.43,23.43,23.43,23.43,23.43,23.43
YHR069C,16.10,81.96,16.10,16.10,16.10,16.10,6.19
YHR070W,668.82,85.47,217.55,217.55,217.55,217.55,179.33
YHR072W,7.90,7.90,7.90,1.77,7.90,7.90,7.90
YHR074W,441.62,441.62,441.62,441.62,353.24,441.62,422.57
YHR075C,14.32,14.32,19.80,14.32,14.32,14.32,14.32
YHR076W,2.96,2.96,2.96,2.96,2.96,5.83,2.96
YHR079C-A,22.31,22.31,22.31,22.31,22.31,22.31,22.31
YHR091C,4.00,4.00,4.00,4.00,4.00,4.00,4.00
YHR092C,6.50,6.50,6.50,6.50,3.33,6.50,6.50
YHR094C,36.44,36.44,36.44,36.44,37.34,36.44,36.44
YHR096C,46.22,29.72,46.22,46.22,46.22,46.22,46.22
YHR100C,2.85,7.90,7.90,7.90,7.90,7.90,7.90
YHR104W,88.33,88.33,88.33,88.33,88.33,88.33,19.49
YHR106W,551.11,114.01,114.01,114.01,114.01,114.01,114.01
YHR109W,60.16,312.87,173.20,173.20,605.77,173.20,173.20
YHR111W,44.44,44.44,44.44,247.95,44.44,44.44,44.44
YHR112C,155.27,88.10,590.83,155.27,155.27,57.48,155.27
YHR113W,1.20,2.38,1.20,1.20,1.20,1.20,1.20
YHR116W,12.47,12.47,12.47,12.47,12.47,12.47,12.47
YHR119W,5.47,5.47,5.47,5.47,5.47,5.47,5.47
YHR123W,18.27,24.02,24.02,24.02,24.02,24.02,3.79
YHR128W,8.52,8.52,16.02,8.52,8.52,8.52,8.52
YHR137W,15.65,15.65,15.65,15.65,15.65,15.65,15.65
YHR140W,338.07,338.07,338.07,338.07,768.06,338.07,338.07
YHR144C,15.57,45.20,15.57,15.57,12.73,15.57,15.57
YHR151C,171.12,37.36,37.36,37.36,37.36,37.36,37.36
YHR155W,14.18,14.18,19.43,14.18,14.18,14.18,14.18
YHR159W,22.50,5.26,22.50,60.02,22.50,22.50,22.50
YHR162W,20.27,7.55,20.27,20.27,20.21,20.27,20.27
YHR163W,39.35,39.35,39.35,39.35,39.35,39.35,39.35
YHR169W,115.35,115.35,115.35,193.85,197.21,115.35,115.35
YHR171W,237.72,686.37,237.72,237.72,237.72,237.72,237.72
YHR174W,31.96,31.96,28.95,31.96,31.96,31.96,31.96
YHR176W,48.63,48.63,48.63,48.63,48.63,48.63,48.63
YHR179W,3.57,3.57,3.57,3.57,3.57,3.57,3.57
YHR183W,17.61,17.61,17.61,17.61,17.61,17.61,17.61
YHR188C,82.31,82.31,21.10,82.31,82.31,82.31,82.31
YHR189W,73.62,73.62,77.11,73.62,73.62,73.62,73.62
YHR190W,27.59,27.59,27.59,27.59,27.59,27.59,27.59
YHR201C,286.50,75.91,75.91,109.58,75.91,75.91,75.91
YHR208W,41.94,41.94,41.94,41.94,41.94,41.94,41.94
YHR209W,121.57,121.57,121.57,121.57,121.57,121.57,121.57
YHR211W,31.00,10.23,16.48,31.00,31.00,31.00,31.00
YHR213W,4.55,11.78,11.78,11.78,11.78,11.78,11.78
YHR215W,33.24,95.80,33.24,33.24,33.24,33.24,33.24
YHR216W,0.25,0.24,0.09,0.18,0.25,0.25,0.25
YIL002C,13.01,61.05,35.67,35.67,35.67,35.67,35.67
YIL006W,0.21,0.08,0.08,0.08,0.08,0.08,0.08
YIL009W,1.51,1.51,1.51,1.51,1.51,1.56,1.51
YIL010W,39.55,39.55,39.55,39.55,39.55,39.55,39.55
YIL013C,37.70,41.11,19.70,41.11,41.11,41.11,41.11
YIL017C,3.51,1.79,5.25,3.51,3.51,3.51,3.51
YIL020C,6.90,6.90,19.77,6.90,6.90,6.90,6.90
YIL021W,156.93,156.93,156.93,156.93,156.93,156.93,156.93
YIL023C,9.72,9.72,9.72,9.72,9.72,9.72,4.90
YIL029C,580.78,580.78,580.78,580.78,580.78,580.78,1590.30
YIL043C,20.03,20.03,20.03,20.03,20.03,64.00,94.47
YIL048W,37.04,37.04,37.04,37.04,37.04,37.04,87.07
YIL049W,143.21,227.08,227.08,227.08,227.08,227.08,227.08
YIL051C,3.87,24.45,24.45,24.45,24.45,24.45,24.45
YIL053W,4.47,4.47,4.47,4.47,4.47,4.47,4.47
YIL060W,17.04,17.04,17.04,86.35,17.04,17.04,17.04
YIL062C,51.55,11.94,4.97,19.04,19.04,19.04,19.04
YIL064W,2.59,2.59,2.59,2.59,2.59,0.28,2.59
YIL066C,13.68,13.68,13.68,13.68,13.68,13.68,13.68
YIL074C,6.60,6.60,6.60,6.60,6.60,6.60,6.60
YIL078W,80.36,80.36,80.36,120.62,84.46,80.36,80.36
YIL079C,21.16,74.56,21.16,21.16,21.16,21.16,21.16
YIL082W-A,13.14,13.14,79.58,18.34,13.14,13.14,13.14
YIL083C,17.13,17.13,17.13,17.13,17.13,17.13,17.13
YIL087C,28.07,81.36,28.07,28.07,28.07,28.07,28.07
YIL094C,50.66,109.50,50.66,50.66,50.66,50.66,50.66
YIL099W,4.48,4.48,4.48,4.48,4.48,4.48,4.48
YIL101C,4.21,4.21,4.21,4.21,4.21,4.21,4.21
YIL103W,105.32,105.32,105.32,105.32,105.32,105.32,105.32
YIL106W,10.82,10.82,10.82,10.82,10.82,10.82,10.82
YIL107C,2.40,2.40,2.40,2.40,2.40,2.40,2.40
YIL111W,39.08,39.08,39.08,39.08,39.08,39.08,39.08
YIL113W,40.25,40.25,40.25,40.25,9.55,40.25,40.25
YIL115C,2.02,2.02,1.07,0.78,3.03,2.77,0.62
YIL116W,28.34,28.34,28.34,83.98,28.34,28.34,28.34
YIL118W,161.35,60.54,60.54,60.54,18.41,71.79,60.54
YIL123W,35.22,35.22,35.22,65.02,35.22,35.22,35.22
YIL124W,27.55,51.83,51.83,39.65,51.83,51.83,35.40
YIL125W,2.44,2.44,2.44,2.44,2.44,2.44,2.44
YIL126W,33.00,33.00,33.00,33.00,33.00,33.00,72.12
YIL127C,12.76,12.76,3.20,12.76,12.76,12.76,4.77
YIL129C,9.74,9.74,61.95,9.74,9.74,9.74,9.74
YIL134W,74.13,74.13,74.13,74.13,74.13,74.13,181.21
YIL143C,184.73,129.23,184.73,184.73,184.73,184.73,184.73
YIL145C,182.08,296.35,296.35,296.35,547.96,296.35,95.91
YIL153W,144.35,144.35,144.35,144.35,381.84,234.71,144.35
YIL155C,17.04,17.04,39.43,17.04,17.04,17.04,15.94
YIL156W,34.09,34.09,34.09,18.78,34.09,34.09,34.09
YIL160C,63.45,63.45,30.67,63.45,63.45,63.45,63.45
YIL162W,24.09,24.09,24.09,24.09,24.09,24.09,24.09
YIL163C,24.44,24.44,19.38,24.44,24.44,24.44,49.44
YIL166C,69.11,69.11,69.11,69.11,69.11,69.11,69.11
YIL172C,18.38,3.49,18.38,1.70,18.38,18.38,98.08
YIL173W,6.73,6.73,6.73,6.73,9.93,6.73,6.73
YIR002C,10.79,10.79,10.79,10.79,10.79,10.79,10.79
YIR012W,51.98,269.12,49.45,51.98,51.98,51.98,51.98
YIR018W,20.18,20.18,20.18,20.18,20.18,20.18,20.18
YIR019C,33.46,21.31,74.92,33.46,33.46,33.46,33.46
YIR026C,23.08,173.21,54.88,54.88,16.74,26.57,54.88
YIR027C,11.45,11.45,11.45,11.45,11.45,11.45,11.45
YIR028W,62.45,62.45,62.45,62.45,62.45,62.45,118.97
YIR029W,35.45,35.45,35.45,35.45,35.45,35.45,35.45
YIR031C,3.15,3.15,3.15,0.96,3.15,3.15,3.15
YIR032C,174.77,174.77,174.77,174.77,174.77,361.85,174.77
YIR034C,9.48,9.48,9.48,9.48,9.48,9.48,9.48
YIR035C,1.68,1.68,1.68,1.68,1.68,5.51,1.68
YIR036C,4.19,4.19,4.19,4.19,4.19,4.19,4.19
YIR037W,4.34,3.87,4.34,7.00,4.34,4.34,1.52
YIR038C,21.72,21.72,10.01,21.72,21.72,21.72,3.12
YJL002C,13.32,13.32,13.32,13.32,13.32,13.32,13.32
YJL003W,12.12,19.69,10.14,12.12,12.12,12.12,12.12
YJL005W,50.88,50.88,50.88,50.88,183.72,50.88,429.54
YJL010C,33.44,33.44,33.44,33.44,33.44,33.44,33.44
YJL012C,32.27,104.85,32.27,31.88,32.27,32.27,32.27
YJL024C,37.14,37.14,37.14,37.14,19.98,37.14,37.14
YJL026W,50.61,33.22,50.61,50.61,50.61,50.61,50.61
YJL031C,0.85,0.85,0.85,0.85,0.85,0.85,0.85
YJL033W,11.63,11.63,11.63,11.63,11.63,11.63,11.63
YJL034W,0.76,0.27,0.76,0.76,0.76,0.76,0.76
YJL035C,21.20,21.20,21.20,21.20,21.20,75.84,21.20
YJL039C,19.95,19.95,19.95,19.95,19.95,19.95,19.95
YJL045W,96.38,96.38,96.38,124.95,96.38,96.38,96.38
YJL046W,119.28,119.28,119.28,119.28,119.28,119.28,119.28
YJL052W,27.23,27.23,2.64,27.23,27.23,27.23,27.23
YJL055W,9.48,9.48,9.48,9.48,9.48,9.48,9.48
YJL056C,41.59,41.59,41.59,41.59,41.59,41.59,41.59
YJL060W,9.10,9.10,9.10,9.10,9.10,9.10,5.35
YJL061W,20.04,20.04,20.04,20.04,20.04,20.04,20.04
YJL068C,88.16,88.16,88.16,88.16,88.16,88.16,88.16
YJL071W,8.70,8.70,8.85,8.70,7.34,8.70,8.70
YJL074C,67.26,67.26,67.26,26.45,67.26,67.26,67.26
YJL078C,55.48,55.48,55.48,55.48,55.48,55.48,55.48
YJL080C,4.80,4.80,4.80,4.80,4.80,4.80,4.80
YJL088W,86.56,86.56,86.56,86.56,86.56,86.56,229.48
YJL091C,57.27,149.75,57.27,57.27,57.27,57.27,18.05
YJL092W,23.40,23.40,23.40,14.67,23.40,23.40,19.98
YJL095W,5.17,6.40,6.40,6.40,6.40,6.40,2.97
YJL097W,5.54,5.54,5.54,5.73,5.54,4.97,7.88
YJL100W,8.97,8.97,8.97,8.97,8.97,40.27,8.97
YJL101C,45.33,45.33,45.33,45.33,45.33,45.33,45.33
YJL102W,4.79,4.79,4.79,4.79,4.79,4.79,4.79
YJL117W,38.72,38.72,38.72,38.72,38.72,38.72,7.02
YJL121C,3.12,3.12,3.12,3.12,3.12,0.20,3.12
YJL125C,14.79,14.79,14.79,14.79,20.77,14.79,14.79
YJL126W,23.68,23.68,9.20,23.68,23.68,23.68,23.68
YJL129C,786.58,1002.59,786.58,786.58,786.58,786.58,786.58
YJL130C,2.54,2.54,2.54,2.54,2.54,2.54,6.43
YJL133W,182.73,276.14,182.73,182.73,182.73,182.73,182.73
YJL134W,25.15,25.15,25.15,25.15,25.15,25.15,25.15
YJL137C,37.22,37.22,37.22,37.22,37.22,49.55,23.09
YJL138C,23.99,23.99,23.99,9.53,23.99,23.99,23.99
YJL139C,39.14,39.14,49.62,26.59,39.14,66.02,39.14
YJL145W,15.95,15.95,15.95,57.23,15.95,15.95,15.95
YJL151C,177.87,177.87,177.87,316.84,177.87,177.87,177.87
YJL153C,13.80,10.13,10.13,10.13,10.13,10.13,10.13
YJL154C,109.77,109.77,109.77,109.77,109.77,109.77,109.77
YJL155C,7.64,7.64,7.64,7.64,7.64,7.64,7.64
YJL159W,18.35,34.83,18.35,18.35,18.35,18.35,18.35
YJL166W,4.02,3.45,4.02,4.02,4.02,4.02,4.02
YJL167W,9.52,39.75,39.75,39.75,39.75,39.75,39.75
YJL168C,175.51,175.51,58.86,175.51,175.51,72.68,175.51
YJL170C,17.89,47.00,17.89,17.89,17.89,14.96,17.89
YJL172W,14.95,14.95,14.95,14.95,14.95,14.95,91.69
YJL176C,5.03,5.60,5.19,3.77,3.77,3.77,3.77
YJL181W,14.24,18.38,5.34,14.24,6.83,14.24,17.72
YJL194W,6.22,1.84,1.84,1.84,0.39,0.26,1.84
YJL196C,5.11,6.42,5.11,5.11,5.11,5.11,5.11
YJL197W,28.22,28.22,28.22,28.22,28.22,28.22,57.89
YJL198W,145.26,145.26,145.26,145.26,145.26,38.67,525.59
YJL200C,1358.07,2344.74,1358.07,1358.07,1358.07,1358.07,1358.07
YJL206C,8.33,8.33,8.33,8.33,8.33,8.33,8.33
YJL207C,172.94,172.94,172.94,172.94,172.94,172.94,172.94
YJL212C,28.95,28.95,28.95,28.95,28.95,28.95,46.65
YJL213W,16.01,8.93,16.01,16.01,16.01,16.01,16.01
YJL214W,20.18,38.43,38.43,38.43,6.94,38.43,38.43
YJL216C,22.04,22.04,22.04,22.04,22.04,22.04,22.04
YJL218W,34.70,23.70,23.70,23.70,23.70,23.70,23.70
YJL219W,5.52,10.89,47.26,10.89,10.89,10.89,10.89
YJL221C,2.47,2.36,2.47,2.47,2.47,2.47,2.47
YJL222W,11.79,1.98,1.98,1.98,4.89,1.98,1.98
YJR001W,53.51,154.02,53.51,53.51,159.98,53.51,114.27
YJR009C,13.26,13.26,13.26,13.26,13.26,13.26,13.26
YJR010W,1.23,8.21,8.21,8.21,8.21,8.21,8.21
YJR013W,20.34,20.34,20.34,20.34,21.06,20.34,13.62
YJR016C,66.18,66.18,66.18,66.18,66.18,66.18,66.18
YJR019C,26.33,26.33,26.33,26.33,26.33,26.33,26.33
YJR024C,7.51,7.51,7.22,7.51,7.51,7.51,7.26
YJR025C,126.40,126.40,135.70,126.40,126.40,126.40,126.40
YJR029W,106.56,214.60,214.60,214.60,214.60,214.60,273.98
YJR035W,42.18,42.18,16.03,42.18,42.18,42.18,42.18
YJR040W,86.53,82.74,295.14,86.53,86.53,138.82,86.53
YJR044C,129.40,129.40,129.40,129.40,129.40,129.40,129.40
YJR045C,109.42,109.42,109.42,109.42,109.42,109.42,109.42
YJR048W,45.01,50.46,50.46,50.46,50.46,50.46,372.27
YJR049C,88.79,49.28,49.28,49.28,49.28,49.28,49.28
YJR051W,43.79,43.79,43.79,43.79,43.79,43.79,43.79
YJR052W,3.87,3.87,3.87,3.87,3.87,3.87,2.46
YJR054W,57.46,57.46,57.46,57.46,57.46,30.09,57.46
YJR055W,2.63,6.71,2.63,2.63,2.63,2.63,9.02
YJR057W,6.10,6.10,6.10,6.10,6.10,6.10,6.10
YJR068W,141.93,141.93,141.93,141.93,141.93,141.93,141.93
YJR069C,70.83,70.83,70.83,1456.97,70.83,88.00,70.83
YJR070C,187.00,441.48,187.00,187.00,187.00,187.00,187.00
YJR073C,13.36,13.36,13.36,13.36,13.36,13.36,13.36
YJR076C,3.57,3.57,3.57,1.22,3.57,3.57,3.57
YJR077C,14.00,14.00,14.00,14.00,14.00,14.00,14.00
YJR078W,23.41,23.41,23.41,23.41,23.41,23.41,23.41
YJR090C,39.31,22.61,22.61,22.61,22.61,22.61,22.61
YJR095W,110.00,110.00,110.00,588.80,110.00,110.00,110.00
YJR096W,11.68,11.68,11.68,11.68,11.68,25.26,11.68
YJR097W,34.06,34.06,34.06,13.06,34.06,34.06,34.06
YJR098C,4.18,4.56,4.56,4.56,4.56,4.56,4.56
YJR099W,39.47,39.47,39.47,39.47,39.47,39.47,39.47
YJR103W,20.18,20.18,20.18,20.18,12.08,20.18,20.18
YJR104C,6.52,6.52,6.52,6.52,6.52,6.52,6.52
YJR105W,14.10,14.10,14.10,14.10,10.67,14.10,14.10
YJR107W,15.24,15.24,15.24,15.24,15.24,15.24,15.24
YJR109C,13.39,13.39,13.39,2.28,13.39,13.39,13.39
YJR110W,286.29,418.07,1479.92,286.29,286.29,286.29,286.29
YJR117W,17.33,34.55,17.33,17.33,17.33,5.15,2.01
YJR118C,13.93,11.75,3.60,13.93,14.98,13.93,13.93
YJR121W,0.86,0.86,0.86,0.86,0.86,0.86,0.86
YJR130C,5.25,5.25,5.25,5.25,5.25,5.25,5.25
YJR131W,13.54,13.54,13.54,13.54,22.53,13.54,13.54
YJR133W,7.18,7.18,7.18,7.18,7.18,7.18,7.18
YJR134C,159.58,159.58,159.58,159.58,159.58,159.58,159.58
YJR137C,15.68,15.68,15.68,15.68,15.68,15.68,15.68
YJR139C,138.75,138.75,138.75,138.75,138.75,138.75,138.75
YJR143C,22.03,22.03,22.03,18.68,22.03,22.03,22.03
YJR148W,21.24,21.24,21.24,21.24,21.24,21.24,21.24
YJR149W,17.58,17.58,17.58,17.58,17.58,17.58,17.58
YJR152W,20.20,20.20,244.31,20.20,20.20,20.20,20.20
YJR153W,264.59,264.59,264.59,264.59,264.59,413.36,264.59
YJR155W,0.62,0.62,0.62,0.84,0.69,0.62,0.62
YJR158W,1.00,1.00,0.30,1.00,1.00,1.00,1.00
YJR159W,8.89,8.89,8.89,8.89,8.89,8.89,8.89
YJR160C,20.53,20.53,20.53,20.53,20.53,20.53,20.53
YKL001C,56.55,56.55,56.55,56.55,31.48,112.96,56.55
YKL004W,40.84,205.53,40.84,40.84,24.24,40.84,40.84
YKL008C,9.40,11.29,15.46,24.26,11.29,11.29,11.29
YKL010C,92.63,92.63,92.63,92.63,92.63,92.63,92.63
YKL014C,94.19,94.19,94.19,94.19,94.19,28.26,94.19
YKL016C,26.47,26.47,26.47,26.47,11.76,26.47,26.47
YKL019W,91.30,148.50,85.11,85.11,85.11,57.22,429.84
YKL024C,30.23,30.23,30.23,30.23,30.23,30.23,30.23
YKL026C,8.65,8.65,34.63,8.65,8.65,8.65,8.40
YKL029C,300.10,57.21,57.21,57.21,57.21,57.21,57.21
YKL035W,23.71,23.71,23.71,23.71,23.71,23.71,23.71
YKL046C,20.13,20.13,20.13,20.13,20.13,20.13,20.13
YKL055C,182.99,182.99,182.99,182.99,182.99,182.99,58.22
YKL056C,0.51,0.51,1.04,0.19,0.51,0.51,1.37
YKL057C,2.40,2.40,2.40,2.40,2.40,2.40,2.40
YKL058W,3.39,3.39,2.68,3.39,3.47,3.39,3.39
YKL059C,11.65,11.65,11.65,11.65,11.65,11.65,11.65
YKL060C,13.71,19.14,55.96,13.71,13.71,13.71,8.01
YKL067W,2.09,2.56,2.09,2.09,2.09,3.32,2.09
YKL069W,4.58,4.58,4.31,4.58,4.58,4.58,4.58
YKL071W,5.52,5.52,5.52,5.52,5.52,5.52,5.52
YKL078W,801.22,801.22,801.22,961.53,801.22,801.22,801.22
YKL080W,299.65,299.65,299.65,299.65,299.65,299.65,299.65
YKL084W,10.83,10.83,10.83,10.83,10.83,10.83,10.83
YKL085W,11.64,11.64,11.64,11.64,11.64,11.64,11.64
YKL087C,3.58,3.58,3.58,3.58,3.58,3.58,3.58
YKL088W,1.15,1.15,0.22,1.15,2.45,1.15,1.15
YKL089W,16.86,16.86,16.86,16.86,16.86,16.86,63.49
YKL094W,4.50,4.50,4.50,6.87,4.50,8.72,4.50
YKL103C,17.69,17.69,17.69,17.69,17.69,17.69,17.69
YKL104C,1.82,1.82,1.82,4.50,1.82,1.82,0.96
YKL105C,6.40,6.40,6.40,6.40,6.40,9.11,6.40
YKL106W,25.10,15.37,25.10,25.10,25.10,25.10,20.33
YKL109W,34.79,14.83,34.79,34.79,34.79,34.79,34.79
YKL110C,148.20,37.57,37.57,37.57,124.79,37.57,37.57
YKL112W,8.74,5.81,2.34,2.77,2.77,2.77,2.77
YKL113C,72.39,220.45,72.39,72.39,72.39,72.39,72.39
YKL120W,6.05,6.05,6.05,6.05,6.05,3.62,6.05
YKL127W,51.90,51.90,51.90,123.60,51.90,51.90,51.90
YKL128C,19.77,19.77,39.86,40.92,19.77,19.77,19.77
YKL132C,2.55,2.55,2.55,2.55,2.55,2.55,1.46
YKL134C,12.50,12.50,12.50,12.50,12.50,12.50,12.50
YKL140W,34.75,34.75,16.56,34.75,34.75,20.16,34.75
YKL141W,50.37,50.37,50.37,50.37,50.37,50.37,50.37
YKL142W,16.26,16.26,6.72,9.70,16.26,16.26,16.26
YKL146W,199.87,199.87,167.18,199.87,105.54,199.87,199.87
YKL148C,91.04,91.04,91.04,91.04,91.04,91.04,91.04
YKL150W,13.67,13.67,13.67,13.67,13.67,34.34,13.67
YKL151C,61.88,123.08,61.88,39.54,61.88,61.88,16.13
YKL152C,365.29,365.29,365.29,178.85,365.29,365.29,365.29
YKL157W,380.21,380.21,380.21,380.21,252.46,380.21,380.21
YKL162C,3.18,3.18,3.18,3.18,3.18,3.18,3.18
YKL165C,5.00,5.00,5.00,5.00,5.00,5.00,5.00
YKL174C,186.30,186.30,186.30,203.63,126.56,186.30,186.30
YKL181W,4.11,4.11,3.04,4.11,4.11,4.17,4.11
YKL182W,2.76,2.76,2.76,2.76,2.76,2.76,2.76
YKL184W,9.69,8.80,9.69,9.69,9.69,9.69,13.70
YKL188C,37.73,37.73,37.73,37.73,37.73,37.73,37.73
YKL191W,15.58,17.23,17.23,6.31,17.23,17.23,17.23
YKL192C,7.57,7.57,7.57,7.57,7.57,7.57,7.57
YKL194C,7.31,7.31,7.31,7.31,7.31,1.25,7.31
YKL195W,6.90,0.96,6.90,6.90,6.90,6.90,6.90
YKL197C,5.37,5.37,5.37,5.37,5.51,5.37,5.37
YKL210W,615.51,615.51,615.51,615.51,1100.01,615.51,688.43
YKL211C,13.88,31.38,31.38,31.38,31.38,31.38,31.38
YKL212W,75.95,75.95,75.95,75.95,75.95,75.95,75.95
YKL215C,9.64,9.64,9.64,9.64,9.64,9.64,9.64
YKL216W,15.20,15.20,15.20,15.20,15.20,15.20,15.20
YKL217W,6.89,6.89,6.89,2.34,6.89,6.89,6.89
YKL218C,0.38,0.38,0.38,0.57,1.64,0.38,0.38
YKL219W,2.54,2.92,2.54,2.54,2.54,2.46,4.19
YKL220C,1.33,5.96,1.33,1.33,1.33,1.33,1.33
YKR002W,0.69,0.69,0.69,0.69,0.69,0.86,0.69
YKR005C,3.34,3.34,3.62,3.34,3.34,3.34,3.34
YKR007W,146.56,146.56,146.56,146.56,146.56,146.56,146.56
YKR009C,18.79,18.79,18.79,18.79,18.79,18.79,18.79
YKR014C,139.19,139.19,735.15,139.19,139.19,139.19,38.34
YKR017C,4.88,37.21,37.21,37.21,37.21,99.86,37.21
YKR019C,64.96,64.96,64.96,64.96,46.09,64.96,64.96
YKR024C,5.20,5.20,7.22,5.01,5.20,5.20,5.20
YKR029C,44.08,44.08,44.08,107.09,44.08,33.68,12.61
YKR031C,59.92,59.92,59.92,59.92,59.92,59.92,59.92
YKR035W-A,18.19,8.46,8.46,8.46,8.46,14.78,8.46
YKR037C,46.49,46.49,46.49,46.49,46.49,46.49,46.49
YKR038C,46.96,46.96,39.66,46.96,46.96,46.96,46.96
YKR039W,8.81,10.28,8.81,8.81,8.81,8.81,8.81
YKR043C,3.73,3.73,3.73,4.61,1.53,3.73,3.73
YKR044W,3.40,3.40,3.40,3.40,7.58,3.40,3.40
YKR051W,22.87,22.87,22.87,22.87,22.87,22.87,22.87
YKR052C,33.34,32.80,32.80,32.80,32.80,32.80,111.27
YKR053C,6.12,6.12,1.68,6.12,6.12,6.12,6.12
YKR055W,20.90,20.90,20.90,18.22,20.90,39.02,20.90
YKR058W,47.27,131.20,47.27,47.27,47.27,47.27,18.04
YKR059W,50.77,50.77,50.77,50.77,50.77,50.77,50.77
YKR061W,205.99,205.99,379.43,205.99,205.99,43.12,205.99
YKR063C,136.38,136.38,37.10,136.38,136.38,136.38,136.38
YKR066C,4.47,4.47,4.47,4.47,4.47,4.47,4.47
YKR067W,250.98,250.98,229.31,250.98,250.98,250.98,250.98
YKR069W,9.06,9.06,9.06,9.06,9.06,9.06,14.80
YKR072C,96.28,96.28,64.99,134.77,96.28,96.28,96.28
YKR076W,14.42,22.24,22.24,11.16,22.24,22.24,22.24
YKR078W,10.82,8.26,10.82,10.82,10.82,10.82,10.60
YKR080W,1.33,1.33,1.33,1.33,1.33,1.33,1.33
YKR086W,15.53,15.53,15.53,15.53,15.53,15.53,15.53
YKR089C,1.94,1.94,2.05,10.52,1.94,1.94,1.94
YKR091W,85.71,85.71,85.71,85.71,85.71,85.71,85.71
YKR093W,195.43,195.43,195.43,195.43,195.43,195.43,195.43
YKR095W,9.53,6.08,6.08,4.21,6.08,6.08,6.08
YKR097W,31.59,31.59,31.59,31.59,13.98,31.59,31.59
YKR098C,6.77,6.77,6.77,6.77,6.77,6.77,6.77
YKR099W,7.82,7.82,26.82,7.82,7.82,7.82,7.82
YKR102W,64.18,64.18,64.18,64.18,64.18,64.18,64.18
YLL001W,18.96,18.96,18.96,18.96,18.96,18.96,18.96
YLL002W,273.00,146.33,273.00,273.00,696.76,638.00,273.00
YLL008W,9.74,26.94,9.74,9.74,9.74,9.74,9.74
YLL010C,89.93,47.07,89.93,89.93,89.93,89.93,89.93
YLL011W,23.25,23.25,23.25,23.25,23.25,23.25,23.25
YLL012W,66.27,66.27,66.27,66.27,37.53,66.27,66.27
YLL015W,10.27,10.27,10.27,5.25,10.27,7.22,10.27
YLL018C,18.65,18.65,18.65,7.63,5.62,18.65,18.65
YLL018C-A,16.89,16.89,16.89,16.89,16.89,16.89,16.89
YLL024C,5.73,5.73,5.73,5.73,5.73,5.73,5.73
YLL028W,54.22,54.22,54.22,54.22,30.85,54.22,43.08
YLL029W,53.27,53.27,53.27,33.44,53.27,46.31,53.27
YLL031C,48.93,48.93,16.28,48.93,48.93,48.93,48.93
YLL034C,201.43,201.43,201.43,201.43,201.43,75.16,166.83
YLL036C,176.62,176.62,176.62,176.62,176.62,176.62,176.62
YLL041C,10.83,11.45,37.68,11.45,11.45,11.45,11.45
YLL043W,35.15,14.04,35.15,35.15,35.15,35.15,31.09
YLL045C,7.88,7.88,7.88,7.88,3.70,7.88,7.88
YLL048C,20.80,20.80,20.80,20.80,20.80,20.80,20.80
YLL051C,8.17,8.17,8.17,8.17,8.17,8.17,8.17
YLL052C,35.63,106.02,228.17,228.17,228.17,228.17,228.17
YLL053C,34.66,34.66,34.66,34.66,34.66,34.66,34.66
YLL057C,14.48,14.48,14.48,24.82,114.20,14.48,14.48
YLL058W,120.35,335.35,122.16,120.35,120.35,120.35,120.35
YLL060C,0.77,0.77,0.77,0.77,1.00,0.77,4.29
YLL061W,0.98,0.98,0.98,0.98,0.98,0.98,0.98
YLL062C,66.27,66.27,66.27,66.27,15.76,66.27,66.27
YLL066C,21.99,21.99,21.99,6.20,21.99,21.99,21.99
YLL067C,29.24,20.94,29.24,29.24,29.24,29.24,29.24
YLR007W,1.02,2.75,2.75,2.75,7.90,2.75,2.75
YLR011W,19.40,19.40,19.40,19.40,19.40,19.40,19.40
YLR017W,405.56,405.56,405.56,688.21,508.43,405.56,296.44
YLR019W,69.15,69.15,69.15,69.15,69.15,69.15,69.15
YLR020C,25.91,25.91,25.91,25.91,25.91,25.91,25.91
YLR022C,10.40,10.40,10.40,10.40,10.40,10.40,10.40
YLR027C,11.11,11.11,11.11,11.11,11.11,11.11,11.11
YLR028C,0.82,0.82,0.82,0.82,0.82,0.82,0.82
YLR032W,29.56,29.56,29.56,29.56,11.05,29.56,29.56
YLR033W,195.76,115.97,71.39,71.39,19.17,71.39,71.39
YLR035C-A,1.89,1.89,1.89,1.89,1.89,1.89,1.89
YLR038C,7.45,7.45,2.42,7.45,10.10,8.75,7.45
YLR043C,3.54,3.54,3.54,3.54,3.54,3.54,2.02
YLR044C,4.72,4.72,4.72,4.72,4.72,4.72,4.72
YLR047C,21.76,21.76,21.76,21.76,21.76,21.76,21.76
YLR056W,0.88,0.28,0.88,0.88,0.88,0.88,0.88
YLR057W,50.47,50.47,50.47,50.47,50.47,50.47,50.47
YLR058C,62.23,62.23,62.23,62.23,62.23,62.23,62.23
YLR060W,13.78,13.78,13.78,13.78,13.78,13.78,10.35
YLR067C,0.51,0.49,0.49,1.75,0.49,0.49,0.49
YLR069C,4.51,4.51,4.51,4.51,4.51,4.51,4.51
YLR070C,127.66,127.66,127.66,127.66,127.66,127.66,127.66
YLR078C,1.72,0.31,0.31,0.31,0.56,0.31,0.36
YLR081W,11.93,11.93,11.93,14.79,11.93,8.55,11.93
YLR089C,3.42,4.89,0.72,3.42,3.42,3.42,3.42
YLR092W,67.15,67.15,91.46,67.15,67.15,67.15,67.15
YLR097C,7.30,7.30,7.30,7.30,2.93,7.30,7.30
YLR099C,36.82,36.82,36.82,36.82,36.82,33.72,36.82
YLR100W,14.71,46.91,46.91,41.09,46.91,46.91,49.39
YLR105C,315.56,315.56,315.56,315.56,315.56,315.56,315.56
YLR106C,14.81,19.20,14.81,14.81,14.81,14.81,25.78
YLR109W,35.31,35.31,35.31,35.31,35.31,35.31,35.31
YLR116W,2.16,2.16,0.39,2.16,2.16,2.16,2.16
YLR118C,119.78,119.78,119.78,119.78,119.78,119.78,119.78
YLR126C,6.42,6.42,6.42,6.42,6.42,3.98,6.42
YLR130C,8.66,6.48,8.66,26.60,8.66,8.66,8.66
YLR133W,19.43,19.43,19.43,19.43,19.43,7.93,41.68
YLR134W,1.93,1.93,1.93,3.35,1.93,1.93,1.93
YLR137W,28.31,28.31,28.31,28.31,28.31,28.31,24.95
YLR138W,85.73,37.20,85.73,85.73,85.73,85.73,85.73
YLR142W,31.17,9.29,31.17,31.17,31.17,210.23,31.17
YLR143W,1.85,0.85,1.85,1.85,1.85,1.85,1.85
YLR144C,16.68,16.68,16.68,16.68,16.68,16.68,16.68
YLR146C,61.13,61.13,61.13,61.13,61.13,61.13,61.13
YLR151C,1.20,1.20,1.20,1.20,1.20,1.20,1.20
YLR153C,4.01,4.01,4.01,4.01,4.01,4.01,4.01
YLR155C,74.80,74.80,74.80,74.80,74.80,74.80,74.80
YLR157C,30.12,30.12,30.12,30.12,30.12,30.12,30.12
YLR157C-B,128.49,37.26,37.26,37.26,37.26,37.26,37.26
YLR158C,326.77,326.77,326.77,326.77,326.77,326.77,326.77
YLR160C,40.56,40.56,214.35,40.56,40.56,40.56,40.56
YLR163C,53.88,17.26,53.88,53.88,53.88,11.85,53.88
YLR164W,1171.59,1171.59,1171.59,1171.59,1171.59,1171.59,1171.59
YLR165C,14.57,14.57,14.57,14.57,14.57,14.57,31.08
YLR172C,6.07,6.07,6.07,8.63,5.68,6.07,6.07
YLR174W,38.16,38.16,34.94,38.16,38.16,38.16,38.16
YLR180W,38.80,38.80,31.81,38.80,38.80,45.72,38.80
YLR189C,9.12,9.12,9.12,9.12,9.12,9.12,9.12
YLR195C,4.27,4.27,4.27,4.27,4.27,4.27,4.27
YLR197W,642.11,642.11,642.11,642.11,642.11,1396.86,642.11
YLR201C,32.79,32.79,32.79,32.79,32.79,32.79,32.79
YLR208W,6.70,6.70,6.70,6.70,6.70,6.70,6.70
YLR209C,79.35,79.35,79.35,38.79,79.35,327.29,8.77
YLR211C,35.73,17.05,17.05,17.05,17.05,17.05,17.05
YLR214W,13.75,13.75,13.75,13.75,13.75,13.75,13.75
YLR229C,29.53,46.68,40.66,46.68,34.60,46.68,46.68
YLR231C,2.89,2.89,1.32,9.25,2.89,2.89,2.89
YLR237W,34.09,34.09,34.09,34.09,34.09,196.11,34.09
YLR239C,154.76,354.05,354.05,354.05,354.05,354.05,354.05
YLR240W,40.42,40.42,40.42,40.42,40.42,40.42,40.42
YLR244C,11.42,5.93,11.42,11.42,11.42,11.42,3.88
YLR245C,9.39,9.39,9.39,4.26,9.39,9.39,21.54
YLR246W,10.85,4.66,10.85,10.85,10.85,10.85,10.85
YLR258W,13.72,13.72,13.72,13.72,13.72,13.72,13.72
YLR260W,11.40,11.40,27.10,11.40,11.40,11.40,11.40
YLR262C,79.40,79.40,79.40,79.40,79.40,79.40,79.40
YLR270W,1.49,1.49,1.49,1.49,1.49,1.49,1.49
YLR274W,73.19,73.19,73.19,73.19,73.19,73.19,73.19
YLR276C,11.36,11.36,11.36,11.36,11.36,11.36,11.36
YLR281C,52.17,35.35,35.35,35.35,35.35,35.35,35.35
YLR284C,0.80,3.70,3.70,6.00,3.70,3.70,28.93
YLR285W,147.37,147.37,147.37,147.37,147.37,322.69,147.37
YLR286C,130.12,130.12,130.12,130.12,130.12,211.06,130.12
YLR289W,84.72,84.72,223.10,84.72,286.96,84.72,16.10
YLR295C,2.07,2.07,2.07,2.07,2.07,2.07,2.07
YLR299W,69.66,69.66,69.66,69.66,69.66,69.66,244.46
YLR300W,36.87,36.87,36.87,36.87,36.87,36.87,36.87
YLR303W,1.81,1.81,1.81,1.81,1.81,1.81,1.81
YLR304C,19.37,139.18,19.37,19.37,19.37,19.37,19.37
YLR305C,34.70,34.70,34.70,34.70,34.70,34.70,34.70
YLR307W,46.25,46.25,46.25,46.25,46.25,46.25,46.25
YLR308W,26.20,26.20,26.20,26.20,26.20,26.20,26.20
YLR310C,31.09,31.09,31.09,31.09,31.09,31.09,31.09
YLR318W,183.17,173.66,183.17,183.17,64.14,973.31,183.17
YLR328W,257.76,126.35,178.93,126.35,126.35,126.35,126.35
YLR333C,0.27,0.27,0.27,0.27,0.27,0.27,0.48
YLR342W,12.48,12.48,12.48,12.48,12.48,12.48,12.48
YLR343W,15.69,15.69,15.69,15.69,15.69,15.69,15.69
YLR345W,1.45,0.47,1.45,1.45,1.45,1.45,1.45
YLR348C,23.13,23.13,23.13,23.13,50.50,23.13,169.12
YLR350W,130.73,130.73,130.73,130.73,130.73,332.89,2907.42
YLR351C,3.94,3.94,3.94,3.94,3.94,3.94,3.94
YLR354C,33.27,33.27,33.27,33.27,33.27,33.27,33.27
YLR355C,21.61,5.08,5.08,5.08,5.08,10.43,5.08
YLR359W,7.33,12.90,7.33,7.33,7.33,10.63,7.33
YLR360W,258.76,555.90,184.21,184.21,184.21,184.21,184.21
YLR368W,8.90,8.90,8.90,8.90,8.90,8.90,8.90
YLR369W,40.18,40.18,40.18,40.18,40.18,40.18,40.18
YLR372W,1.21,1.21,1.21,1.21,1.21,1.21,1.21
YLR377C,722.26,328.15,328.15,328.15,328.15,328.15,328.15
YLR380W,49.60,49.60,49.60,49.60,49.60,49.60,49.60
YLR381W,27.52,15.28,15.28,15.28,15.28,15.28,15.28
YLR382C,35.97,47.62,47.62,47.62,47.62,51.29,47.62
YLR386W,2.42,2.42,2.42,2.42,2.42,9.45,19.46
YLR389C,118.37,118.37,20.89,118.37,118.37,118.37,613.47
YLR394W,8.67,12.35,12.35,12.35,12.35,12.35,12.35
YLR395C,14.79,14.79,14.79,14.79,14.79,14.79,14.79
YLR398C,4.20,9.61,9.61,9.61,9.61,9.61,9.61
YLR401C,8.41,8.41,3.98,8.41,8.41,8.41,8.41
YLR405W,56.94,56.94,56.94,56.94,40.83,56.94,56.94
YLR410W,24.22,312.20,29.48,29.48,5.87,29.48,29.48
YLR410W-B,26.54,53.39,53.39,53.39,53.39,11.43,53.39
YLR418C,19.82,19.82,19.82,19.82,19.82,11.93,19.82
YLR419W,43.37,43.37,43.37,43.37,22.63,43.37,10.47
YLR420W,10.72,10.72,10.72,10.72,10.72,10.72,10.72
YLR426W,569.41,569.41,9360.88,569.41,569.41,569.41,569.41
YLR427W,1.91,1.91,1.91,2.64,1.91,1.91,1.91
YLR431C,133.14,133.14,133.14,34.71,309.70,147.35,133.14
YLR432W,364.97,373.02,156.31,156.31,156.31,156.31,156.31
YLR433C,15.92,5.59,5.59,5.59,5.59,8.39,5.59
YLR438W,703.19,569.02,569.02,569.02,569.02,569.02,569.02
YLR439W,89.41,89.41,89.41,69.13,89.41,89.41,89.41
YLR446W,86.20,86.20,86.20,86.20,86.20,204.65,86.20
YLR447C,20.95,27.03,20.95,20.95,20.95,20.95,20.95
YLR448W,14.50,14.50,14.50,6.17,14.50,14.50,14.50
YLR450W,12.56,14.67,14.67,14.67,6.43,14.67,14.67
YML001W,31.94,36.08,36.08,36.08,36.08,36.08,36.08
YML002W,164.31,164.31,164.31,164.31,164.31,78.20,164.31
YML004C,26.36,26.36,46.49,26.36,26.36,26.36,26.36
YML005W,5.12,5.12,5.12,5.12,5.12,5.12,5.12
YML007W,69.18,69.18,69.18,40.58,69.18,69.18,69.18
YML008C,79.98,47.24,79.98,109.32,79.98,79.98,42.10
YML016C,53.62,53.62,53.62,44.42,53.62,53.62,53.62
YML021C,61.45,61.45,61.45,61.45,61.45,107.64,61.45
YML022W,13.38,13.38,13.38,13.38,13.38,13.38,13.38
YML023C,4.99,4.99,4.99,4.99,4.99,4.99,4.99
YML035C,5.46,6.15,5.46,5.46,5.46,5.46,5.46
YML037C,1.73,7.17,1.73,1.76,1.73,1.73,1.73
YML039W,28.66,28.66,28.66,28.66,28.66,28.66,28.66
YML041C,17.72,17.72,17.72,17.72,17.72,17.72,17.72
YML042W,10.38,10.38,1.76,10.38,10.38,10.38,10.38
YML045W,0.24,0.24,0.24,0.24,0.24,0.24,0.29
YML047C,3.09,3.09,3.09,3.09,3.09,3.09,3.09
YML054C,107.91,107.91,107.91,107.91,107.91,107.91,107.91
YML056C,7.41,7.41,7.41,7.41,6.31,7.41,7.41
YML057W,34.50,34.50,34.50,16.26,34.50,34.50,34.50
YML059C,2.49,2.49,2.49,2.49,2.49,10.38,2.49
YML060W,173.83,173.83,173.83,152.58,173.83,173.83,29.85
YML068W,16.18,16.18,16.18,16.18,16.18,16.18,6.97
YML070W,31.03,31.03,31.03,31.03,31.03,31.03,31.03
YML073C,657.65,657.65,657.65,657.65,657.65,657.65,657.65
YML075C,203.83,195.32,195.32,195.32,195.32,195.32,195.32
YML080W,12.68,12.68,12.68,12.68,12.68,6.78,12.68
YML081C-A,33.83,8.25,8.25,8.25,8.25,44.70,8.25
YML082W,12.33,12.33,12.33,12.33,12.33,12.33,12.33
YML086C,43.16,49.24,43.16,43.16,43.16,43.16,43.16
YML096W,17.15,39.56,17.15,17.15,17.15,17.15,17.15
YML097C,11.10,11.10,11.10,11.10,11.10,11.10,11.10
YML098W,181.41,181.41,181.41,181.41,181.41,181.41,181.41
YML100W,16.92,7.79,16.92,16.92,24.65,16.92,16.92
YML103C,1168.91,632.31,1091.68,632.31,632.31,632.31,632.31
YML106W,23.01,23.01,23.01,23.01,23.01,23.01,23.01
YML110C,292.36,292.36,292.36,292.36,292.36,292.36,98.79
YML114C,34.33,34.33,34.33,34.33,34.33,34.33,34.33
YML118W,85.15,85.15,85.15,85.15,85.15,85.15,85.15
YML120C,6.77,6.77,6.77,3.87,6.77,4.63,6.77
YML123C,5.58,5.58,3.87,5.58,5.58,5.58,5.58
YML125C,40.03,17.56,40.03,40.03,40.03,40.03,40.03
YML126C,287.66,88.48,88.48,88.48,88.48,88.48,74.53
YML132W,21.34,21.34,55.66,21.34,21.34,6.27,21.34
YMR006C,2.92,2.92,2.92,2.92,2.92,2.92,2.92
YMR008C,2.61,2.61,2.61,3.50,2.61,2.61,2.61
YMR009W,2.36,2.36,2.36,2.36,2.36,2.36,2.36
YMR011W,1.42,1.42,1.42,1.42,1.42,1.42,1.42
YMR013C,116.41,23.67,59.85,23.67,23.67,23.67,23.67
YMR015C,108.59,108.59,108.59,108.59,108.59,108.59,108.59
YMR019W,19.69,5.76,19.69,24.76,3.70,19.69,19.69
YMR020W,0.68,0.68,0.31,0.68,0.68,0.16,0.68
YMR022W,38.25,15.09,15.09,15.09,15.09,15.09,15.09
YMR026C,15.73,15.73,15.73,15.73,15.73,15.73,15.73
YMR029C,465.91,465.91,465.91,465.91,465.91,465.91,465.91
YMR036C,3.66,2.26,2.04,2.26,2.26,2.26,1.35
YMR041C,11.18,11.18,11.18,11.18,11.18,20.80,11.18
YMR042W,259.51,259.51,259.51,259.51,259.51,259.51,259.51
YMR045C,39.45,39.45,39.45,39.45,39.45,39.45,39.45
YMR050C,46.76,46.76,46.76,46.76,46.76,46.76,46.76
YMR054W,23.85,16.93,23.85,23.85,23.85,23.85,16.87
YMR056C,32.95,32.95,32.95,32.95,32.95,32.95,32.95
YMR058W,64.48,64.48,64.48,41.80,64.48,64.48,64.48
YMR062C,13.53,5.96,5.96,5.96,23.53,5.96,5.96
YMR065W,74.97,74.97,74.97,117.70,74.97,74.97,31.94
YMR069W,2.56,2.56,2.56,2.56,0.99,0.81,2.56
YMR083W,32.87,32.87,32.87,32.87,32.87,84.39,32.87
YMR084W,26.26,11.55,26.26,26.26,26.26,26.26,26.26
YMR085W,7.97,7.97,7.97,7.97,7.97,7.97,7.97
YMR086W,19.41,19.41,19.41,19.41,140.18,19.41,19.41
YMR087W,7.89,7.89,7.89,7.89,7.89,7.89,7.89
YMR088C,11.25,4.02,4.02,4.02,4.02,4.02,4.02
YMR091C,11.82,31.16,11.82,7.59,11.82,11.82,12.80
YMR093W,3.83,3.83,3.83,3.83,3.83,3.83,3.83
YMR095C,32.60,64.90,32.60,32.60,32.60,32.60,41.49
YMR096W,3.58,2.12,3.58,3.58,3.58,3.58,20.87
YMR099C,58.44,80.51,58.44,58.44,58.44,58.44,58.44
YMR101C,3.41,3.41,3.41,3.41,3.41,3.41,3.41
YMR105C,11.70,1.11,8.59,8.59,8.59,8.59,8.59
YMR106C,7.87,7.87,12.28,11.68,7.87,8.10,7.87
YMR108W,146.60,146.60,462.41,146.60,146.60,146.60,146.60
YMR110C,32.96,32.96,32.96,32.96,32.96,32.96,32.96
YMR113W,14.62,14.62,14.62,14.62,14.62,14.62,14.62
YMR120C,16.30,42.44,42.44,42.44,75.74,42.44,42.44
YMR125W,0.85,0.85,1.62,0.85,0.85,2.22,0.85
YMR127C,18.83,18.83,18.83,18.83,18.56,18.83,18.83
YMR128W,401.93,401.93,431.13,401.93,401.93,217.99,401.93
YMR145C,24.50,24.50,24.50,24.50,24.50,24.50,24.50
YMR147W,22.24,22.24,22.24,22.24,22.24,6.63,22.24
YMR153W,45.70,45.70,45.70,181.64,160.35,45.70,45.70
YMR154C,76.97,76.97,76.97,76.97,76.97,76.97,76.97
YMR160W,1.00,1.21,1.00,0.35,1.00,2.25,2.70
YMR162C,1.61,1.61,1.61,1.61,1.61,1.61,5.83
YMR165C,27.53,3.34,5.24,27.53,27.53,27.53,13.02
YMR169C,6.87,6.87,6.87,6.87,6.87,9.44,6.87
YMR170C,143.74,34.67,143.74,143.74,143.74,143.74,143.74
YMR180C,169.16,12.52,12.52,4.51,12.52,12.52,12.52
YMR189W,1.10,1.10,1.10,1.10,1.10,1.10,1.10
YMR190C,3.00,1.23,2.60,3.00,3.00,3.00,3.00
YMR191W,0.32,0.32,0.32,0.32,0.32,0.32,0.32
YMR194C-B,14.14,13.71,21.03,14.14,14.14,14.14,14.14
YMR202W,15.14,15.14,25.64,15.14,15.14,15.14,15.14
YMR205C,10.63,10.63,26.79,10.63,10.63,10.63,10.63
YMR207C,101.32,101.32,101.32,101.32,101.32,101.32,188.81
YMR208W,121.24,121.24,121.24,121.24,379.57,121.24,121.24
YMR210W,15.56,15.56,15.56,15.56,15.56,15.56,55.10
YMR217W,0.82,0.34,0.82,0.82,0.31,0.82,0.82
YMR218C,50.70,50.70,50.70,174.50,50.70,50.70,50.70
YMR220W,46.20,46.20,46.20,46.20,128.07,46.20,46.20
YMR223W,31.95,31.95,31.95,16.37,8.46,51.30,31.95
YMR226C,87.55,87.55,87.55,157.92,87.55,87.55,87.55
YMR234W,3.50,3.50,3.50,3.50,3.50,0.99,3.50
YMR238W,408.76,210.20,408.76,408.76,1198.52,408.76,408.76
YMR241W,4.76,4.76,4.76,4.76,4.76,6.90,4.76
YMR243C,61.80,61.80,30.71,61.80,61.80,61.80,61.80
YMR244W,0.59,1.60,1.60,1.31,1.60,1.50,1.60
YMR246W,4.98,4.98,4.98,4.98,7.57,4.98,4.98
YMR247C,195.30,195.30,195.30,195.30,195.30,195.30,195.30
YMR250W,13.58,13.58,13.58,13.58,13.58,13.58,13.58
YMR251W,70.80,70.80,51.46,70.80,70.80,70.80,314.29
YMR251W-A,28.66,28.66,28.66,28.66,28.66,28.66,28.66
YMR256C,17.16,17.16,17.16,17.16,17.16,17.16,17.16
YMR257C,155.36,155.36,155.36,155.36,141.11,155.36,53.90
YMR261C,14.08,14.08,14.08,14.08,14.08,14.08,14.08
YMR266W,1.39,1.39,6.61,1.39,1.39,1.39,1.39
YMR267W,6.02,6.02,6.02,6.02,6.02,6.02,6.02
YMR269W,45.91,130.95,33.03,45.91,45.91,45.91,45.91
YMR271C,36.35,36.35,23.42,36.35,36.35,36.35,36.35
YMR272C,1.91,1.91,1.91,1.91,1.91,1.91,1.91
YMR276W,6.78,6.78,6.78,6.78,6.78,12.36,6.78
YMR277W,8.39,8.39,8.39,2.63,8.39,4.92,8.39
YMR278W,11.61,11.61,11.61,11.61,11.61,11.61,3.06
YMR280C,2.55,2.55,2.55,2.55,1.50,2.55,2.55
YMR281W,7.83,7.83,7.83,13.93,7.83,7.83,4.19
YMR284W,6.73,6.73,6.73,6.73,6.73,6.73,6.73
YMR289W,63.90,63.90,10.70,63.90,63.90,63.90,63.90
YMR290C,67.61,67.61,20.05,67.61,67.61,67.61,412.39
YMR292W,16.14,16.14,16.14,16.14,16.14,16.14,16.14
YMR293C,11.16,11.16,5.01,11.16,11.16,11.16,11.16
YMR296C,24.78,30.50,19.18,24.78,24.78,24.78,24.78
YMR298W,5.64,5.90,5.90,3.11,5.90,5.90,4.73
YMR300C,3.60,3.60,3.60,3.60,0.64,3.60,3.60
YMR301C,4.90,4.90,4.90,4.90,2.13,4.90,3.67
YMR303C,7.75,91.80,1.49,7.75,7.75,7.75,7.75
YMR304W,4.59,3.51,3.51,3.51,3.51,3.51,3.51
YMR306W,25.61,25.61,25.61,25.61,25.61,25.61,52.58
YMR310C,60.01,60.01,26.67,60.01,122.44,60.01,60.01
YMR313C,1.86,1.86,1.86,1.86,0.36,1.86,4.82
YMR318C,20.86,20.86,20.86,20.86,20.86,20.86,4.79
YMR319C,14.44,14.44,14.44,14.44,14.44,14.44,63.77
YMR322C,33.52,33.52,24.71,33.52,33.52,33.52,17.61
YMR323W,19.70,19.70,19.70,19.70,19.70,16.32,19.70
YNL003C,2.27,2.27,2.27,2.27,2.27,2.27,2.27
YNL005C,3.02,3.02,3.02,3.71,3.02,3.02,3.02
YNL009W,20.99,20.99,36.81,20.99,20.99,20.99,20.99
YNL010W,18.81,93.99,112.90,93.99,43.28,93.99,93.99
YNL012W,0.58,0.73,0.73,0.73,0.73,0.73,0.73
YNL021W,33.74,22.66,33.74,33.74,33.74,33.74,33.74
YNL023C,119.63,119.63,119.63,119.63,119.63,119.63,119.63
YNL025C,15.97,15.97,15.97,112.75,15.97,15.97,15.97
YNL029C,45.85,45.85,45.85,130.37,45.85,26.91,45.85
YNL031C,7.00,7.00,7.00,7.00,7.00,7.00,7.00
YNL032W,9.67,8.62,16.79,16.79,16.79,16.79,16.79
YNL036W,1.77,1.77,1.77,1.77,3.44,1.77,13.74
YNL037C,0.60,0.60,0.60,0.60,0.60,0.60,0.60
YNL038W,30.66,82.61,82.61,82.61,82.61,82.61,82.61
YNL040W,1.71,7.92,3.24,4.58,4.58,4.58,4.58
YNL045W,10.14,10.14,10.14,10.14,10.14,10.14,10.14
YNL048W,2.51,2.51,2.51,2.51,2.51,2.51,2.51
YNL052W,2.42,2.42,2.66,2.42,2.42,0.45,2.42
YNL053W,15.48,15.48,15.48,15.48,15.48,15.48,15.48
YNL054W,6.72,6.72,27.16,6.72,6.72,6.72,11.58
YNL056W,35.41,35.41,35.41,35.41,35.41,35.41,35.41
YNL063W,39.60,39.60,145.21,39.60,37.57,59.21,39.60
YNL065W,32.50,32.50,32.50,32.50,32.50,32.50,32.50
YNL066W,28.73,28.73,28.73,28.73,28.73,41.96,28.73
YNL071W,18.68,214.14,130.31,214.14,214.14,214.14,214.14
YNL073W,4.05,2.24,4.05,4.05,4.05,4.05,4.05
YNL074C,18.50,18.50,18.50,18.50,18.50,18.50,18.50
YNL084C,109.84,109.84,109.84,109.84,109.84,109.84,109.84
YNL085W,133.86,133.86,133.86,133.86,133.86,133.86,291.02
YNL090W,2.38,2.38,2.38,2.38,2.38,2.38,2.38
YNL092W,1.77,12.57,12.57,12.57,12.57,9.20,12.57
YNL093W,154.04,154.04,31.67,216.19,154.04,129.63,154.04
YNL097C,43.04,43.04,43.04,43.04,43.04,60.32,43.04
YNL098C,26.92,26.92,26.92,26.92,26.92,26.92,26.92
YNL101W,14.49,14.49,14.49,14.49,14.49,14.49,14.49
YNL102W,11.29,11.29,11.29,11.29,11.29,11.29,11.29
YNL104C,30.95,30.95,30.95,30.95,34.19,30.95,30.95
YNL106C,13.76,13.76,13.76,13.76,13.76,13.76,13.76
YNL112W,18.84,18.84,18.84,18.84,18.84,18.84,18.84
YNL113W,20.70,10.55,13.34,22.60,22.60,22.60,22.60
YNL117W,7.26,12.87,7.26,7.26,7.26,7.26,7.26
YNL119W,44.62,44.62,44.62,44.62,44.62,44.62,44.62
YNL127W,1589.81,1589.81,1589.81,1589.81,2974.83,5809.91,1589.81
YNL129W,1.40,1.40,1.27,8.12,1.40,1.40,1.40
YNL130C,32.66,32.66,32.66,32.66,97.47,32.66,32.66
YNL131W,6.42,6.42,6.42,6.42,2.06,6.42,6.42
YNL140C,47.76,47.76,47.76,47.76,47.76,47.76,47.76
YNL141W,21.54,21.54,11.21,21.54,21.54,5.73,21.54
YNL142W,62.98,62.98,62.98,62.98,62.98,794.55,62.98
YNL144C,117.13,1167.85,50.98,117.13,117.13,147.64,117.13
YNL153C,26.81,26.81,26.81,26.81,28.75,26.81,26.81
YNL159C,109.74,298.84,109.74,68.42,109.74,109.74,109.74
YNL167C,0.60,0.60,0.60,0.60,0.60,0.60,1.85
YNL169C,218.26,218.26,218.26,218.26,218.26,693.28,218.26
YNL178W,35.25,35.25,35.25,35.25,35.25,35.25,35.25
YNL180C,101.17,101.17,101.17,101.17,101.17,101.17,101.17
YNL186W,3.22,8.56,3.22,3.22,3.22,3.22,3.22
YNL191W,5.78,5.78,5.78,5.78,5.78,5.78,5.78
YNL192W,33.44,25.00,25.00,25.00,25.00,25.00,25.00
YNL194C,59.41,19.58,19.58,19.58,19.58,19.58,19.58
YNL202W,30.71,30.71,30.71,30.71,30.71,30.71,30.71
YNL209W,102.18,102.18,102.18,102.18,102.18,79.22,102.18
YNL212W,1.42,1.42,1.42,0.15,1.42,1.42,1.42
YNL217W,86.55,86.55,42.92,86.55,86.55,86.55,86.55
YNL218W,20.34,20.34,20.34,20.34,20.34,20.34,20.34
YNL219C,14.80,14.80,14.80,14.80,14.80,14.80,14.80
YNL220W,2.21,2.21,2.21,0.29,2.21,2.21,2.21
YNL221C,42.72,42.72,80.39,42.72,42.72,42.72,43.25
YNL222W,0.54,0.54,0.54,0.54,0.54,0.54,0.54
YNL227C,53.12,53.12,53.12,53.12,61.61,53.12,53.12
YNL229C,23.44,2.14,2.14,2.14,2.14,2.14,2.14
YNL236W,3.38,21.76,13.51,21.76,21.76,21.76,21.76
YNL241C,16.80,16.80,16.80,16.80,16.80,13.65,16.80
YNL242W,116.08,116.08,116.08,116.08,116.08,116.08,116.08
YNL243W,15.36,15.36,15.36,15.36,15.36,28.28,1.13
YNL247W,7.09,7.09,7.09,21.77,7.09,11.18,7.09
YNL249C,9.39,9.39,30.26,9.39,8.69,9.39,9.39
YNL253W,135.55,135.55,135.55,135.55,123.85,135.55,135.55
YNL256W,44.90,44.90,44.90,44.90,33.42,44.90,44.90
YNL260C,11.26,11.26,11.26,5.06,11.26,11.26,16.07
YNL261W,14.09,14.09,14.09,14.09,14.09,14.09,1.79
YNL262W,1.91,1.91,1.91,1.91,2.90,1.91,0.97
YNL265C,35.97,35.97,14.53,35.97,35.97,35.97,35.97
YNL267W,1.43,1.43,1.43,1.43,1.43,1.43,1.43
YNL268W,62.03,62.03,62.03,62.03,62.03,62.03,62.03
YNL270C,24.36,24.36,24.36,24.36,24.36,24.36,24.36
YNL274C,720.85,720.85,720.85,2416.19,720.85,720.85,720.85
YNL275W,3.86,3.86,3.86,3.86,3.86,3.86,3.86
YNL277W,17.22,17.22,36.74,17.22,17.22,8.68,17.22
YNL280C,298.10,79.88,341.79,298.10,298.10,298.10,298.10
YNL284C-B,119.95,119.95,119.95,119.95,119.95,160.12,119.95
YNL287W,7.07,7.07,7.07,7.07,7.07,7.07,7.07
YNL290W,28.11,28.11,28.11,28.11,28.11,28.11,28.11
YNL292W,20.15,54.54,20.15,20.15,20.15,20.15,20.15
YNL297C,30.66,30.66,30.66,93.74,30.66,30.66,30.66
YNL299W,7.04,7.04,7.04,7.04,60.67,7.04,2.22
YNL312W,17.57,17.57,17.57,17.57,17.57,17.57,17.57
YNL316C,1.83,1.83,1.83,1.83,1.83,1.83,1.83
YNL318C,24.60,24.60,24.60,24.60,24.60,24.60,24.60
YNL321W,39.45,39.45,8.07,39.45,39.45,39.45,39.45
YNL322C,14.28,14.28,14.28,14.28,14.28,14.28,14.28
YNL323W,1.04,1.78,1.78,1.78,1.78,1.78,1.78
YNL325C,88.48,88.48,88.48,737.21,88.48,88.48,17.15
YNL326C,34.70,28.54,34.70,34.70,34.70,34.70,34.70
YNL329C,6.76,6.76,6.76,6.76,6.76,6.76,6.76
YNL330C,9.02,13.19,9.49,13.19,13.19,13.19,13.19
YNL331C,2.11,2.11,2.11,2.11,2.11,2.11,2.63
YNL333W,4.31,4.31,4.31,4.31,4.31,4.31,4.31
YNL334C,8.96,8.96,8.96,8.96,2.18,8.96,8.96
YNL335W,126.80,126.80,126.80,126.80,126.80,126.80,126.80
YNR001C,7.70,9.74,7.70,7.70,7.70,7.70,7.70
YNR008W,52.47,52.47,52.47,52.47,52.77,52.47,52.47
YNR011C,8.96,8.96,8.96,8.96,8.96,8.96,8.96
YNR012W,29.13,29.13,29.13,29.13,29.13,29.13,29.74
YNR013C,16.25,16.25,16.25,16.25,16.25,16.25,7.90
YNR015W,74.41,74.41,74.41,74.41,74.41,134.23,74.41
YNR016C,9.01,13.83,9.01,3.78,9.01,9.01,9.01
YNR018W,1.49,1.90,1.90,1.90,1.90,1.80,1.90
YNR019W,2.53,2.53,2.53,2.53,3.88,2.53,2.53
YNR027W,19.38,9.04,7.96,9.04,9.04,9.04,9.04
YNR030W,3.08,3.08,3.08,12.51,3.08,1.57,3.67
YNR032W,37.16,37.16,34.86,37.16,37.16,37.16,37.16
YNR033W,9.99,9.99,1.80,9.99,9.99,6.79,9.99
YNR034W,707.62,707.62,707.62,707.62,707.62,110.00,707.62
YNR038W,1.48,2.89,1.48,4.44,1.48,1.48,1.48
YNR041C,27.26,27.26,27.26,27.26,27.26,27.26,27.26
YNR043W,3.70,3.70,3.70,3.70,3.70,3.70,3.70
YNR050C,9.58,43.37,5.02,9.58,9.58,9.58,9.58
YNR053C,27.16,24.83,24.83,24.83,24.83,24.83,24.83
YNR056C,1.52,0.61,0.61,1.28,0.61,0.61,0.36
YNR057C,28.65,28.65,28.65,28.65,28.65,28.65,28.65
YNR058W,348.75,3806.95,348.75,348.75,348.75,348.75,348.75
YNR060W,10.17,10.17,10.17,10.17,10.17,10.17,10.17
YNR063W,29.66,29.66,29.66,29.66,29.66,29.66,29.66
YNR066C,93.45,93.45,93.45,93.45,93.45,143.04,134.22
YNR067C,15.71,15.71,15.71,15.71,15.71,15.71,15.71
YNR071C,8.40,8.40,8.40,8.40,8.40,8.40,8.40
YNR072W,1.07,0.66,0.66,0.66,0.66,0.66,0.66
YNR073C,52.54,52.54,42.13,52.54,52.54,52.54,52.54
YOL003C,16.95,16.95,16.95,16.95,16.95,16.95,16.95
YOL011W,7.89,4.40,10.94,4.40,4.40,4.40,4.40
YOL012C,24.29,24.29,24.29,24.29,24.29,24.29,24.29
YOL013C,6.38,8.37,8.37,8.37,33.43,8.37,8.37
YOL020W,9.09,4.23,9.09,9.09,9.09,9.09,9.09
YOL023W,49.87,49.87,49.87,49.87,25.34,49.87,49.87
YOL024W,1.05,2.70,2.70,2.70,2.70,2.70,2.70
YOL027C,96.64,96.64,96.64,96.64,96.64,96.64,96.64
YOL033W,2.47,3.81,2.47,2.47,1.18,2.47,2.47
YOL041C,7.43,7.43,7.43,7.43,7.43,7.43,7.43
YOL043C,359.39,359.39,359.39,359.39,359.39,359.39,359.39
YOL044W,108.97,108.97,108.97,108.97,108.97,108.97,108.97
YOL049W,23.25,23.25,23.25,23.25,23.25,23.25,23.25
YOL051W,4.90,4.90,4.90,4.90,4.90,10.10,4.90
YOL052C,9.08,9.08,9.08,9.08,9.08,9.08,9.08
YOL053W,22.42,22.42,22.42,151.09,22.42,22.42,22.42
YOL054W,21.25,21.25,21.25,21.25,21.25,21.25,21.25
YOL055C,17.53,17.53,17.53,17.53,17.53,17.53,17.53
YOL056W,19.18,19.18,18.01,19.18,12.27,19.18,19.18
YOL058W,14.56,14.56,14.56,14.56,14.56,11.18,14.56
YOL059W,2.31,2.31,2.31,2.31,2.31,2.31,2.31
YOL061W,9.26,9.26,9.26,9.26,9.26,3.62,9.26
YOL064C,79.20,79.20,79.20,79.20,79.20,79.20,79.20
YOL065C,2.58,2.58,2.58,2.58,2.58,2.58,2.58
YOL066C,15.11,15.11,15.11,9.38,15.11,15.11,15.11
YOL068C,5.87,5.87,5.87,37.13,5.87,5.87,5.87
YOL069W,23.74,23.74,23.74,23.74,23.74,23.74,23.74
YOL075C,11.21,11.21,8.60,11.21,11.21,11.21,11.21
YOL077W-A,184.21,184.21,184.21,184.21,184.21,184.21,184.21
YOL081W,391.71,178.91,42.94,42.94,42.94,35.60,42.94
YOL084W,2.81,2.81,2.81,2.81,2.81,2.81,3.53
YOL086C,10.45,54.97,54.97,54.97,54.97,33.85,54.97
YOL089C,6.28,6.28,6.28,6.28,6.28,6.28,6.28
YOL090W,8.45,8.45,8.45,4.22,8.45,8.45,8.45
YOL092W,32.16,32.16,22.11,32.16,56.27,32.16,32.16
YOL093W,9.61,9.61,9.61,9.61,9.61,9.61,9.61
YOL095C,76.65,166.68,76.65,76.65,76.65,76.65,76.65
YOL096C,6.29,6.29,6.29,6.29,6.29,6.29,6.29
YOL097C,7.94,7.94,37.19,7.94,7.94,7.94,7.94
YOL102C,7.50,7.50,7.50,7.50,7.50,7.50,7.50
YOL103W,8.60,8.63,8.60,6.48,8.60,8.60,8.60
YOL103W-B,104.46,104.46,104.46,144.76,104.46,104.46,104.46
YOL114C,51.58,51.58,51.58,51.58,51.58,51.58,51.58
YOL115W,141.29,261.10,261.10,109.86,261.10,261.10,261.10
YOL122C,602.73,602.73,602.73,1643.65,602.73,602.73,92.74
YOL124C,2.94,4.28,4.28,4.28,4.28,4.28,4.28
YOL125W,22.32,22.32,22.32,22.32,22.32,22.32,36.77
YOL126C,3.44,3.44,3.44,3.44,3.44,3.44,3.44
YOL129W,6.26,6.26,6.26,6.26,6.26,6.26,6.26
YOL130W,7.81,7.81,18.32,8.41,7.81,7.81,7.81
YOL131W,1.25,4.11,4.11,4.11,4.11,4.11,4.11
YOL133W,4.15,4.15,4.15,4.15,4.15,4.15,4.15
YOL136C,16.18,16.18,16.18,14.35,16.18,16.18,16.18
YOL140W,3.24,3.24,3.24,3.24,3.24,3.24,3.24
YOL141W,71.04,86.84,71.04,71.04,71.04,71.04,71.04
YOL143C,5.07,5.07,5.07,5.07,4.94,5.07,5.07
YOL151W,676.41,1358.79,1358.79,1358.79,1358.79,1358.79,1358.79
YOL152W,10.21,10.21,10.21,10.21,10.21,10.21,10.21
YOL156W,22.38,22.38,22.38,22.38,22.38,54.31,16.61
YOL157C,2.88,2.88,2.88,2.88,2.88,2.88,2.88
YOL165C,190.95,259.60,259.60,259.60,259.60,259.60,259.60
YOR001W,107.69,107.69,107.69,107.69,107.69,107.69,107.69
YOR002W,31.36,31.36,19.23,31.36,31.36,51.20,31.36
YOR011W,2.66,2.66,2.66,2.66,2.66,2.66,2.66
YOR025W,27.55,27.55,27.55,27.55,27.55,24.86,27.55
YOR033C,3.74,0.78,3.74,3.74,28.45,3.74,1.26
YOR034C,180.10,180.10,180.10,180.10,180.10,180.10,180.10
YOR040W,67.61,67.61,67.61,67.61,67.61,67.61,67.61
YOR046C,23.18,23.18,23.18,23.18,35.26,14.16,23.18
YOR051C,0.52,0.52,0.52,0.52,0.52,0.52,0.52
YOR054C,4.59,4.59,4.59,4.59,4.59,4.59,4.59
YOR065W,56.35,24.99,56.35,56.35,56.35,56.35,56.35
YOR067C,479.33,123.88,123.88,123.88,62.41,123.88,265.20
YOR071C,242.48,106.03,106.03,106.03,106.03,195.61,106.03
YOR074C,4.18,1.84,1.84,1.84,1.84,1.84,1.84
YOR081C,18.25,31.57,31.57,31.57,31.57,10.61,31.57
YOR086C,92.14,92.14,92.14,92.14,92.14,92.14,92.14
YOR090C,1.93,1.67,1.67,1.67,0.27,1.67,1.95
YOR095C,19.85,19.85,19.85,19.85,19.85,19.85,19.85
YOR097C,30.29,30.29,30.29,30.29,30.29,54.36,26.16
YOR098C,12.79,12.79,12.79,8.05,12.79,12.79,12.79
YOR099W,1.25,1.75,1.25,1.25,1.25,1.25,1.25
YOR100C,12.32,12.32,12.32,12.32,0.89,12.32,12.32
YOR101W,12.29,12.29,12.29,8.50,12.29,12.29,12.29
YOR108W,16.09,16.09,16.09,16.09,16.09,16.09,16.09
YOR109W,8.63,8.63,8.63,5.72,8.63,8.63,8.63
YOR111W,10.33,13.36,10.33,10.33,10.33,10.33,10.33
YOR116C,18.92,18.92,18.92,18.92,18.92,18.92,18.92
YOR117W,39.00,39.00,39.00,39.00,39.00,39.00,39.00
YOR119C,12.72,12.72,12.72,14.80,12.72,12.72,12.72
YOR120W,10.86,10.86,10.86,5.25,10.86,10.86,10.86
YOR124C,23.07,23.07,23.07,23.07,27.83,23.24,23.07
YOR125C,1.13,1.13,1.13,1.13,1.13,1.13,1.13
YOR126C,15.58,16.55,41.08,41.08,41.08,41.08,41.08
YOR128C,20.07,20.07,20.07,26.64,20.07,20.07,20.07
YOR130C,9.83,21.32,21.32,21.32,21.32,21.32,21.32
YOR131C,84.87,177.12,84.87,84.87,84.87,22.45,84.87
YOR136W,1.07,1.07,1.07,1.07,1.07,1.07,1.07
YOR138C,1.04,1.04,0.64,1.04,1.04,1.33,1.04
YOR142W,18.06,30.29,30.29,30.29,30.29,35.85,30.29
YOR142W-B,19.87,19.87,19.87,18.30,19.87,19.87,18.68
YOR143C,25.93,25.93,25.93,25.93,25.93,27.10,25.93
YOR145C,10.04,10.04,10.04,10.04,10.04,10.04,10.04
YOR147W,29.77,54.41,33.40,45.48,54.41,54.41,54.41
YOR149C,219.93,81.37,81.37,81.37,81.37,69.26,81.37
YOR151C,21.55,41.51,41.51,14.55,41.51,41.51,41.51
YOR155C,13.58,13.58,13.58,30.16,13.58,13.58,13.58
YOR156C,0.85,0.85,0.85,0.85,0.85,0.85,0.85
YOR158W,63.68,63.68,63.68,63.68,63.68,63.68,63.68
YOR161C,59.60,125.54,125.54,125.54,125.54,125.54,125.54
YOR162C,52.82,52.82,52.82,10.95,52.82,52.82,52.82
YOR163W,5.37,5.37,5.37,5.37,5.37,5.37,5.37
YOR168W,55.19,55.19,55.19,55.19,55.19,55.19,55.19
YOR171C,36.83,73.02,73.02,73.02,73.02,38.78,73.02
YOR172W,208.14,208.14,208.14,208.14,208.14,86.76,208.14
YOR173W,5.40,5.40,5.40,5.40,5.40,5.40,5.40
YOR175C,14.30,14.30,33.85,14.30,14.30,14.30,14.30
YOR176W,61.62,61.62,61.62,61.62,61.62,61.62,61.62
YOR177C,16.54,21.89,21.89,21.89,16.91,21.89,21.89
YOR180C,3.76,3.76,3.76,3.76,3.76,2.51,3.76
YOR181W,37.41,37.41,37.41,37.41,37.41,37.41,37.41
YOR184W,47.85,15.40,47.85,47.85,47.85,60.60,47.85
YOR187W,22.92,22.92,9.25,22.92,188.33,22.92,22.92
YOR190W,27.92,27.92,27.92,27.92,27.92,27.92,56.87
YOR192C,11.44,13.63,13.63,13.63,29.87,53.68,13.63
YOR192C-B,184.46,184.46,184.46,184.46,184.46,184.46,184.46
YOR196C,5.20,5.20,5.20,16.53,5.20,5.20,5.20
YOR202W,8.32,8.32,8.32,8.32,8.32,8.32,8.32
YOR204W,20.42,20.42,20.42,20.42,20.42,20.42,20.42
YOR207C,75.07,75.07,75.07,75.07,75.07,75.07,75.07
YOR208W,4.59,2.13,2.13,2.13,2.13,1.81,2.13
YOR209C,2.81,2.81,2.81,2.81,1.80,2.81,2.81
YOR210W,0.94,0.94,0.94,0.94,0.94,0.94,0.94
YOR211C,21.10,21.10,21.10,21.10,21.10,21.10,21.10
YOR215C,3.75,3.75,3.75,3.75,3.75,7.36,3.75
YOR216C,11.28,30.28,11.28,11.28,11.28,11.28,11.28
YOR221C,54.17,54.17,54.17,54.17,54.17,54.17,54.17
YOR222W,7.67,7.67,7.67,4.10,7.67,5.53,7.67
YOR226C,28.42,28.42,28.42,28.42,28.42,28.42,13.66
YOR227W,12.82,26.85,12.82,12.82,12.82,12.82,12.82
YOR236W,55.05,412.16,55.05,55.05,65.92,31.82,55.05
YOR241W,40.96,40.96,40.96,40.96,40.96,40.96,40.96
YOR243C,7.11,17.02,54.30,7.11,7.11,7.11,2.37
YOR244W,15.60,15.60,15.60,15.60,15.60,15.60,15.60
YOR245C,96.12,96.12,96.12,137.56,96.12,96.12,96.12
YOR246C,36.24,36.24,36.24,36.24,36.24,36.24,57.66
YOR249C,2.47,2.47,5.11,2.47,2.47,2.47,2.47
YOR251C,53.70,53.70,25.83,53.70,53.70,53.70,53.70
YOR253W,3.95,3.95,3.09,3.95,3.95,3.95,3.95
YOR257W,167.13,167.13,167.13,167.13,167.13,167.13,167.13
YOR259C,93.33,93.33,93.33,93.33,93.33,93.33,93.33
YOR262W,31.03,31.03,31.03,66.75,31.03,31.03,16.67
YOR269W,25.43,25.43,25.43,25.43,25.43,25.43,25.43
YOR270C,14.68,14.68,18.79,14.68,14.68,14.68,14.68
YOR273C,55.58,27.65,55.58,55.58,55.58,55.58,80.74
YOR274W,2.22,11.52,11.52,11.52,11.52,11.52,4.84
YOR278W,3.55,28.60,28.60,28.60,28.60,28.60,28.60
YOR283W,74.28,74.28,74.28,264.53,74.28,74.28,74.28
YOR285W,8.65,18.89,8.65,8.65,8.65,8.65,8.65
YOR286W,7.97,7.97,7.97,7.54,7.97,7.97,7.97
YOR303W,3.35,3.35,2.57,3.35,3.35,3.35,3.35
YOR304W,2.76,4.07,4.07,4.07,4.07,2.31,4.07
YOR306C,0.57,1.29,1.29,1.29,1.29,1.29,1.29
YOR311C,60.02,62.77,60.02,60.02,60.02,60.02,785.78
YOR316C,302.89,1143.50,302.89,302.89,302.89,417.24,302.89
YOR317W,529.42,170.37,170.37,170.37,170.37,170.37,170.37
YOR320C,1.18,1.75,27.12,1.75,0.30,0.75,1.75
YOR321W,59.58,59.58,59.58,59.58,15.60,59.58,59.58
YOR323C,169.55,169.55,169.55,169.55,169.55,169.55,169.55
YOR332W,10.12,10.12,10.12,10.12,10.12,18.49,10.12
YOR334W,23.39,27.73,23.39,23.39,23.39,23.39,23.39
YOR335C,0.99,0.28,0.99,0.99,0.99,0.99,0.99
YOR336W,29.97,29.97,29.97,29.97,29.97,29.97,29.97
YOR339C,4.07,4.07,4.07,4.07,1.73,4.07,4.07
YOR341W,27.10,27.10,27.10,27.10,27.10,59.30,27.10
YOR342C,3.77,1.93,1.93,1.93,1.93,1.71,1.93
YOR343W-B,45.34,45.34,45.34,45.34,45.34,45.34,45.34
YOR347C,93.39,93.39,93.39,93.39,93.39,93.39,93.39
YOR348C,6.20,6.20,2.43,6.20,41.04,6.20,6.20
YOR358W,3.65,3.65,3.65,1.72,3.65,3.65,3.65
YOR360C,0.79,0.79,0.79,4.97,0.79,0.79,0.79
YOR374W,14.92,2.31,13.47,13.47,13.47,13.47,13.47
YOR375C,8.39,8.39,22.43,8.39,8.39,8.39,8.39
YOR377W,1.96,1.96,1.96,1.96,1.96,1.96,4.13
YOR381W,39.63,39.63,39.63,39.63,39.63,39.82,39.63
YOR384W,10.23,5.02,10.23,10.23,10.23,10.23,10.23
YOR388C,4.00,4.00,4.00,4.00,4.00,4.00,4.00
YOR391C,8.74,8.74,8.74,8.74,0.39,8.74,8.74
YOR393W,100.18,100.18,152.07,100.18,100.18,100.18,100.18
YPL001W,49.62,49.62,49.62,49.62,49.62,49.62,49.62
YPL007C,15.94,16.53,16.53,16.53,16.53,16.53,16.53
YPL008W,83.80,50.84,50.84,50.84,50.84,50.84,50.84
YPL015C,3.52,3.52,3.52,3.52,3.52,3.52,3.52
YPL017C,21.08,21.08,21.08,21.08,21.08,20.31,21.08
YPL023C,25.05,25.05,25.05,25.05,14.58,25.05,25.05
YPL028W,6.58,9.93,9.93,9.93,9.93,9.93,9.93
YPL029W,38.60,38.60,38.60,38.60,38.60,38.60,38.60
YPL030W,6.23,6.23,6.23,6.23,6.23,6.23,6.23
YPL036W,43.15,43.15,6.25,43.15,43.15,81.86,43.15
YPL040C,45.96,45.96,45.96,45.96,45.96,45.96,50.97
YPL053C,0.25,0.25,0.25,0.25,0.82,0.25,0.25
YPL057C,119.76,119.76,119.76,119.76,119.76,119.76,61.72
YPL059W,0.21,0.44,0.21,0.12,0.21,0.21,0.02
YPL060W,7.97,7.97,7.97,7.97,7.97,7.97,7.97
YPL061W,93.51,93.51,93.51,93.51,93.51,93.51,93.51
YPL069C,12.48,12.48,12.48,12.48,12.48,12.48,12.48
YPL072W,2.23,2.23,2.23,2.23,2.23,2.23,2.23
YPL075W,3.89,3.89,3.89,3.89,3.89,3.89,3.89
YPL076W,93.72,93.72,93.72,93.72,93.72,394.50,253.22
YPL078C,1.12,1.12,1.12,1.12,1.12,1.12,1.12
YPL081W,109.23,109.23,109.23,109.23,109.23,40.39,109.23
YPL087W,18.49,18.49,18.49,18.49,18.49,18.49,18.49
YPL088W,3.36,3.36,3.36,3.36,3.36,3.71,3.36
YPL091W,8.38,8.38,8.38,8.38,6.73,8.38,8.38
YPL092W,4.37,4.37,4.37,4.37,4.37,4.37,4.37
YPL095C,73.65,73.65,21.92,234.47,73.65,73.65,73.65
YPL096C-A,60.26,60.26,283.54,60.26,53.40,60.26,60.26
YPL096W,1.52,1.52,1.52,1.52,5.12,1.52,1.52
YPL097W,10.96,10.96,10.96,10.96,10.96,10.96,10.96
YPL098C,5.50,5.50,0.86,5.50,5.50,5.50,5.50
YPL099C,139.81,139.81,139.81,139.81,139.81,139.81,266.20
YPL104W,11.14,1.53,4.24,3.91,2.65,2.65,2.65
YPL110C,222.82,222.82,222.82,222.82,212.19,222.82,222.82
YPL111W,19.11,19.11,19.11,19.11,3.87,19.11,10.88
YPL116W,3.52,3.52,3.52,3.52,3.52,3.52,3.52
YPL117C,19.68,7.27,9.85,16.91,7.27,7.27,7.27
YPL118W,6.03,6.03,6.03,4.71,6.03,6.03,6.03
YPL119C,2.97,2.97,2.97,2.97,2.97,2.97,0.97
YPL120W,23.16,23.16,23.16,23.16,23.16,23.16,128.59
YPL123C,3.18,3.18,3.18,3.18,3.18,3.18,3.18
YPL132W,0.76,0.76,0.76,0.76,0.76,1.71,0.76
YPL134C,11.36,2.54,11.36,11.36,11.36,11.36,11.36
YPL135W,1.34,0.34,1.34,6.64,1.34,1.34,1.34
YPL147W,6.50,6.50,6.50,6.50,6.50,6.50,6.50
YPL148C,5.14,5.14,5.14,5.14,12.68,5.14,5.14
YPL152W,5.44,5.44,7.21,5.44,8.35,5.44,5.44
YPL160W,260.07,404.01,404.01,404.01,404.01,404.01,201.95
YPL172C,21.86,21.86,21.86,21.86,21.86,21.86,21.86
YPL174C,29.02,29.02,29.02,29.02,31.14,29.02,29.02
YPL175W,1.40,1.40,1.40,1.40,1.40,1.40,2.39
YPL179W,7.53,7.53,7.53,7.60,3.15,7.53,7.53
YPL188W,27.74,27.74,21.00,27.74,27.74,27.74,27.74
YPL189W,4.32,4.32,4.32,4.32,4.32,4.32,4.32
YPL191C,78.42,78.42,78.42,78.42,78.42,78.42,186.17
YPL206C,3.31,3.31,3.31,3.31,3.31,3.31,0.92
YPL207W,13.07,13.07,13.07,13.07,13.07,13.07,13.07
YPL212C,8.34,8.34,8.34,8.34,8.34,38.10,8.34
YPL214C,25.70,18.34,25.70,25.70,25.70,25.70,25.70
YPL216W,7.68,7.68,7.68,7.68,7.68,7.68,7.68
YPL227C,12.01,13.38,4.81,13.38,13.38,13.38,13.38
YPL228W,14.09,14.09,14.71,14.09,14.09,14.09,14.09
YPL231W,6.68,6.68,6.68,7.50,6.68,6.68,6.68
YPL234C,41.58,20.12,41.58,41.58,41.58,41.58,23.48
YPL235W,28.72,12.35,28.72,28.72,28.72,28.72,28.72
YPL240C,63.67,17.59,17.59,17.59,17.59,17.59,17.59
YPL244C,10.53,10.53,10.53,10.53,10.53,10.53,10.53
YPL248C,66.34,66.34,66.34,66.34,66.34,98.29,66.34
YPL252C,14.10,14.10,14.10,14.10,14.10,14.10,14.10
YPL254W,12.68,12.68,12.68,12.68,12.68,12.68,12.68
YPL257W-B,21.84,23.50,23.50,23.50,23.50,23.50,23.50
YPL258C,255.92,255.92,255.92,255.92,255.92,255.92,155.96
YPL262W,2.69,2.69,2.69,2.69,2.69,2.69,2.69
YPL265W,7.12,63.74,63.74,96.41,63.74,63.74,68.65
YPL266W,1.17,1.17,1.17,1.17,1.17,1.17,1.17
YPL268W,27.82,27.82,27.82,27.82,6.76,27.82,27.82
YPL271W,213.28,213.28,455.78,213.28,69.30,213.28,213.28
YPL273W,41.80,41.80,41.80,69.80,41.80,41.80,41.80
YPL274W,25.94,25.94,25.94,25.94,25.94,25.94,25.94
YPL280W,9.76,8.67,53.74,8.67,8.67,8.67,8.67
YPL281C,21.04,21.04,21.04,21.04,21.04,21.04,21.04
YPR001W,13.76,13.76,13.76,9.76,13.76,13.76,13.76
YPR002W,6.18,6.18,6.18,6.18,6.18,6.18,6.18
YPR003C,13.00,13.00,13.00,13.00,13.00,13.00,13.00
YPR006C,27.05,27.05,27.05,27.05,27.05,27.05,27.05
YPR007C,6.35,6.35,6.35,6.35,6.35,6.35,6.35
YPR010C,5.99,5.99,5.99,5.99,5.99,5.99,5.99
YPR011C,2.61,2.61,2.61,2.61,6.10,2.61,2.61
YPR018W,36.09,36.09,36.09,10.12,36.09,36.09,36.09
YPR019W,45.51,45.51,45.51,45.51,70.76,45.51,45.51
YPR020W,8.07,28.43,28.43,28.43,28.43,28.43,28.43
YPR021C,85.43,85.43,85.43,85.43,53.34,85.43,85.43
YPR024W,22.92,22.92,22.92,22.92,7.56,22.92,22.92
YPR026W,36.16,36.16,36.16,36.16,36.16,36.16,36.16
YPR027C,31.68,31.68,31.68,31.68,31.68,31.68,10.06
YPR029C,17.51,17.51,8.14,32.26,17.51,17.51,4.12
YPR030W,9.06,9.06,5.55,8.35,9.06,9.06,8.68
YPR033C,556.26,556.26,556.26,556.26,556.26,556.26,556.26
YPR035W,10.20,10.20,10.20,10.20,10.20,3.44,10.20
YPR036W,7.40,69.08,7.40,7.40,7.40,7.40,7.40
YPR037C,169.21,239.18,38.51,38.51,38.51,38.51,67.65
YPR042C,29.31,29.31,27.29,29.31,22.31,29.31,18.08
YPR047W,2.44,2.44,2.44,2.59,2.44,2.44,2.44
YPR049C,179.19,108.20,132.59,108.20,108.20,108.20,85.31
YPR056W,17.44,17.44,17.44,17.44,17.44,17.44,17.44
YPR058W,3.79,3.79,3.79,3.79,2.50,3.79,3.79
YPR060C,119.48,48.41,119.48,119.48,119.48,100.51,119.48
YPR062W,51.34,51.34,51.34,51.34,51.34,51.34,51.34
YPR066W,3.01,3.01,3.01,3.01,3.01,3.01,8.10
YPR068C,288.81,277.78,288.81,288.81,116.94,288.81,288.81
YPR069C,53.96,53.96,53.96,19.57,53.96,53.96,53.96
YPR071W,19.78,19.78,19.78,19.78,19.78,19.78,19.78
YPR073C,218.18,68.28,218.18,52.65,218.18,218.18,218.18
YPR074C,25.51,75.98,25.51,25.51,25.51,25.51,25.51
YPR079W,4.20,19.26,16.22,19.26,19.26,8.89,11.44
YPR080W,7.46,5.94,7.46,7.46,7.46,7.46,7.46
YPR081C,48.08,48.08,48.08,48.08,48.08,48.08,48.08
YPR083W,41.05,41.05,41.05,41.05,41.05,41.05,12.87
YPR093C,7.77,20.53,20.53,20.53,20.53,20.53,21.93
YPR109W,1.23,6.14,6.14,6.14,6.14,15.69,6.14
YPR113W,17.71,24.41,24.41,24.41,24.41,24.41,28.24
YPR118W,18.09,18.09,18.09,28.32,18.09,18.09,18.09
YPR121W,2.72,2.72,0.86,2.72,2.72,2.72,1.42
YPR122W,1.12,2.21,2.21,2.21,2.21,2.21,2.21
YPR125W,46.89,46.89,46.89,46.89,46.89,46.89,46.89
YPR127W,0.41,0.41,0.41,0.41,0.41,0.41,0.41
YPR128C,27.33,27.33,27.33,27.33,27.33,27.10,27.33
YPR137C-B,9.80,9.80,9.80,45.22,9.80,9.80,9.80
YPR138C,136.57,142.93,142.93,142.93,142.93,142.93,142.93
YPR139C,9.58,138.60,9.58,9.58,9.58,9.58,2.88
YPR140W,54.01,54.01,54.01,54.01,54.01,54.01,54.01
YPR144C,19.05,11.07,11.07,5.95,11.07,11.07,11.07
YPR145W,23.82,23.82,40.16,36.21,23.82,8.30,23.82
YPR156C,60.66,60.66,517.34,60.66,60.66,60.66,60.66
YPR157W,10.04,10.04,10.04,10.04,26.58,5.57,10.04
YPR159W,89.55,89.55,89.55,57.53,89.55,89.55,89.55
YPR160W,21.31,4.52,4.52,4.52,15.64,4.52,4.52
YPR162C,31.25,31.25,17.50,31.25,31.25,31.25,31.25
YPR165W,274.74,80.15,80.15,80.15,80.15,80.15,80.15
YPR167C,54.06,54.06,54.06,54.06,54.06,54.06,93.25
YPR170W-B,355.91,355.91,556.02,355.91,355.91,355.91,355.91
YPR173C,6.39,6.39,6.39,6.39,6.39,6.39,6.39
YPR176C,2.54,2.54,2.54,2.54,2.54,2.54,0.67
YPR178W,4.52,4.52,4.52,4.52,4.52,4.52,4.52
YPR179C,54.09,54.09,54.09,54.09,54.09,54.09,54.09
YPR183W,42.39,42.39,48.61,42.39,20.41,0.53,42.39
YPR184W,17.14,23.42,23.42,23.42,4.49,23.42,23.42
YPR186C,3.73,4.45,3.73,3.73,3.73,3.73,3.73
YPR187W,63.45,63.45,63.45,40.79,63.45,63.45,63.45
YPR189W,3.20,3.20,3.20,3.20,3.20,3.20,3.20
YPR191W,50.19,114.25,149.30,114.25,114.25,114.25,114.25
YPR192W,1459.95,1360.27,1459.95,1459.95,1459.95,1459.95,1459.95
YPR193C,34.80,34.80,34.80,34.80,34.80,34.80,34.80
YPR204W,48.17,23.37,70.09,19.51,48.17,48.17,48.17
nogene,3.89,9.59,9.59,9.59,9.59,1.31,9.59
