compound_uid,model_metabolite_id,primary_name,formula,charge,compartment,smiles,inchikey,kegg_id,chebi_id,metanetx_id,source_database,source_record_id,confidence_level,notes
MODEL_CMPD:0000001,s_0001,(1->3)-beta-D-glucan,C6H10O5,0,ce,,,,,,Yeast-MetaTwin,s_0001,model,Extracted from Yeast-MetaTwin model; external IDs to be filled by mapping phase.
MODEL_CMPD:0000002,s_0002,(1->3)-beta-D-glucan,C6H10O5,0,c,,,,,,Yeast-MetaTwin,s_0002,model,Extracted from Yeast-MetaTwin model; external IDs to be filled by mapping phase.
MODEL_CMPD:0000003,s_0003,(1->3)-beta-D-glucan,C6H10O5,0,e,,,,,,Yeast-MetaTwin,s_0003,model,Extracted from Yeast-MetaTwin model; external IDs to be filled by mapping phase.
MODEL_CMPD:0000004,s_0004,(1->6)-beta-D-glucan,C6H10O5,0,ce,,,,,,Yeast-MetaTwin,s_0004,model,Extracted from Yeast-MetaTwin model; external IDs to be filled by mapping phase.
MODEL_CMPD:0000005,s_0006,"(2-amino-4-hydroxy-7,8-dihydropteridin-6-yl)methyl trihydrogen diphosphate",C7H8N5O8P2,-3,m,,,,,,Yeast-MetaTwin,s_0006,model,Extracted from Yeast-MetaTwin model; external IDs to be filled by mapping phase.
MODEL_CMPD:0000006,s_0007,(2E)-3-(methoxycarbonyl)pent-2-enedioic acid,C7H6O6,-2,c,,,,,,Yeast-MetaTwin,s_0007,model,Extracted from Yeast-MetaTwin model; external IDs to be filled by mapping phase.
MODEL_CMPD:0000007,s_0008,"(2R,3R)-2,3-dihydroxy-3-methylpentanoate",C6H11O4,-1,m,,,,,,Yeast-MetaTwin,s_0008,model,Extracted from Yeast-MetaTwin model; external IDs to be filled by mapping phase.
MODEL_CMPD:0000008,s_0009,"(2R,3S)-3-isopropylmalate",C7H10O5,-2,c,,,,,,Yeast-MetaTwin,s_0009,model,Extracted from Yeast-MetaTwin model; external IDs to be filled by mapping phase.
MODEL_CMPD:0000009,s_0010,(2S)-2-isopropyl-3-oxosuccinate,C7H8O5,-2,c,,,,,,Yeast-MetaTwin,s_0010,model,Extracted from Yeast-MetaTwin model; external IDs to be filled by mapping phase.
MODEL_CMPD:0000010,s_0011,(2S)-2-isopropyl-3-oxosuccinate,C7H8O5,-2,m,,,,,,Yeast-MetaTwin,s_0011,model,Extracted from Yeast-MetaTwin model; external IDs to be filled by mapping phase.
MODEL_CMPD:0000011,s_0012,"(2S,3R)-3-hydroxybutane-1,2,3-tricarboxylic acid",C7H7O7,-3,m,,,,,,Yeast-MetaTwin,s_0012,model,Extracted from Yeast-MetaTwin model; external IDs to be filled by mapping phase.
MODEL_CMPD:0000012,s_0013,"(5S,6S)-di-HETE",C20H31O4,-1,c,,,,,,Yeast-MetaTwin,s_0013,model,Extracted from Yeast-MetaTwin model; external IDs to be filled by mapping phase.
MODEL_CMPD:0000013,s_0014,"(5S,6S)-di-HETE",C20H31O4,-1,n,,,,,,Yeast-MetaTwin,s_0014,model,Extracted from Yeast-MetaTwin model; external IDs to be filled by mapping phase.
MODEL_CMPD:0000014,s_0015,(N(omega)-L-arginino)succinic acid,C10H17N4O6,-1,c,,,,,,Yeast-MetaTwin,s_0015,model,Extracted from Yeast-MetaTwin model; external IDs to be filled by mapping phase.
MODEL_CMPD:0000015,s_0016,"(R)-2,3-dihydroxy-3-methylbutanoate",C5H9O4,-1,m,,,,,,Yeast-MetaTwin,s_0016,model,Extracted from Yeast-MetaTwin model; external IDs to be filled by mapping phase.
MODEL_CMPD:0000016,s_0017,(R)-4'-phosphopantothenic acid,C9H15NO8P,-3,c,,,,,,Yeast-MetaTwin,s_0017,model,Extracted from Yeast-MetaTwin model; external IDs to be filled by mapping phase.
MODEL_CMPD:0000017,s_0018,(R)-5-diphosphomevalonic acid,C6H10O10P2,-4,c,,,,,,Yeast-MetaTwin,s_0018,model,Extracted from Yeast-MetaTwin model; external IDs to be filled by mapping phase.
MODEL_CMPD:0000018,s_0019,(R)-5-phosphomevalonic acid,C6H10O7P,-3,c,,,,,,Yeast-MetaTwin,s_0019,model,Extracted from Yeast-MetaTwin model; external IDs to be filled by mapping phase.
MODEL_CMPD:0000019,s_0020,(R)-acetoin,C4H8O2,0,c,,,,,,Yeast-MetaTwin,s_0020,model,Extracted from Yeast-MetaTwin model; external IDs to be filled by mapping phase.
MODEL_CMPD:0000020,s_0021,(R)-carnitine,C7H15NO3,0,c,,,,,,Yeast-MetaTwin,s_0021,model,Extracted from Yeast-MetaTwin model; external IDs to be filled by mapping phase.
MODEL_CMPD:0000021,s_0022,(R)-carnitine,C7H15NO3,0,e,,,,,,Yeast-MetaTwin,s_0022,model,Extracted from Yeast-MetaTwin model; external IDs to be filled by mapping phase.
MODEL_CMPD:0000022,s_0023,(R)-carnitine,C7H15NO3,0,m,,,,,,Yeast-MetaTwin,s_0023,model,Extracted from Yeast-MetaTwin model; external IDs to be filled by mapping phase.
MODEL_CMPD:0000023,s_0024,(R)-carnitine,C7H15NO3,0,p,,,,,,Yeast-MetaTwin,s_0024,model,Extracted from Yeast-MetaTwin model; external IDs to be filled by mapping phase.
MODEL_CMPD:0000024,s_0025,(R)-lactate,C3H5O3,-1,c,,,,,,Yeast-MetaTwin,s_0025,model,Extracted from Yeast-MetaTwin model; external IDs to be filled by mapping phase.
MODEL_CMPD:0000025,s_0026,(R)-lactate,C3H5O3,-1,e,,,,,,Yeast-MetaTwin,s_0026,model,Extracted from Yeast-MetaTwin model; external IDs to be filled by mapping phase.
MODEL_CMPD:0000026,s_0027,(R)-lactate,C3H5O3,-1,m,,,,,,Yeast-MetaTwin,s_0027,model,Extracted from Yeast-MetaTwin model; external IDs to be filled by mapping phase.
MODEL_CMPD:0000027,s_0028,(R)-mevalonate,C6H11O4,-1,c,,,,,,Yeast-MetaTwin,s_0028,model,Extracted from Yeast-MetaTwin model; external IDs to be filled by mapping phase.
MODEL_CMPD:0000028,s_0029,(R)-mevalonate,C6H11O4,-1,e,,,,,,Yeast-MetaTwin,s_0029,model,Extracted from Yeast-MetaTwin model; external IDs to be filled by mapping phase.
MODEL_CMPD:0000029,s_0030,(R)-pantoate,C6H11O4,-1,c,,,,,,Yeast-MetaTwin,s_0030,model,Extracted from Yeast-MetaTwin model; external IDs to be filled by mapping phase.
MODEL_CMPD:0000030,s_0031,(R)-pantothenate,C9H16NO5,-1,c,,,,,,Yeast-MetaTwin,s_0031,model,Extracted from Yeast-MetaTwin model; external IDs to be filled by mapping phase.
MODEL_CMPD:0000031,s_0032,(R)-pantothenate,C9H16NO5,-1,e,,,,,,Yeast-MetaTwin,s_0032,model,Extracted from Yeast-MetaTwin model; external IDs to be filled by mapping phase.
MODEL_CMPD:0000032,s_0033,(R)-S-lactoylglutathione,C13H20N3O8S,-1,c,,,,,,Yeast-MetaTwin,s_0033,model,Extracted from Yeast-MetaTwin model; external IDs to be filled by mapping phase.
MODEL_CMPD:0000033,s_0034,(R)-S-lactoylglutathione,C13H20N3O8S,-1,m,,,,,,Yeast-MetaTwin,s_0034,model,Extracted from Yeast-MetaTwin model; external IDs to be filled by mapping phase.
MODEL_CMPD:0000034,s_0035,"(R,R)-2,3-butanediol",C4H10O2,0,c,,,,,,Yeast-MetaTwin,s_0035,model,Extracted from Yeast-MetaTwin model; external IDs to be filled by mapping phase.
MODEL_CMPD:0000035,s_0036,"(R,R)-2,3-butanediol",C4H10O2,0,e,,,,,,Yeast-MetaTwin,s_0036,model,Extracted from Yeast-MetaTwin model; external IDs to be filled by mapping phase.
MODEL_CMPD:0000036,s_0037,"(S)-2,3-epoxysqualene",C30H50O,0,c,,,,,,Yeast-MetaTwin,s_0037,model,Extracted from Yeast-MetaTwin model; external IDs to be filled by mapping phase.
MODEL_CMPD:0000037,s_0038,"(S)-2,3-epoxysqualene",C30H50O,0,er,,,,,,Yeast-MetaTwin,s_0038,model,Extracted from Yeast-MetaTwin model; external IDs to be filled by mapping phase.
MODEL_CMPD:0000038,s_0039,(S)-2-acetyl-2-hydroxybutanoate,C6H9O4,-1,m,,,,,,Yeast-MetaTwin,s_0039,model,Extracted from Yeast-MetaTwin model; external IDs to be filled by mapping phase.
MODEL_CMPD:0000039,s_0042,(R)-3-hydroxydecanoyl-CoA,C31H50N7O18P3S,-4,p,,,,,,Yeast-MetaTwin,s_0042,model,Extracted from Yeast-MetaTwin model; external IDs to be filled by mapping phase.
MODEL_CMPD:0000040,s_0045,(S)-3-hydroxyhexacosanoyl-CoA,C47H82N7O18P3S,-4,p,,,,,,Yeast-MetaTwin,s_0045,model,Extracted from Yeast-MetaTwin model; external IDs to be filled by mapping phase.
MODEL_CMPD:0000041,s_0048,(R)-3-hydroxylauroyl-CoA,C33H54N7O18P3S,-4,p,,,,,,Yeast-MetaTwin,s_0048,model,Extracted from Yeast-MetaTwin model; external IDs to be filled by mapping phase.
MODEL_CMPD:0000042,s_0051,(S)-3-hydroxypalmitoyl-CoA,C37H62N7O18P3S,-4,p,,,,,,Yeast-MetaTwin,s_0051,model,Extracted from Yeast-MetaTwin model; external IDs to be filled by mapping phase.
MODEL_CMPD:0000043,s_0054,(S)-3-hydroxytetradecanoyl-CoA,C35H58N7O18P3S,-4,p,,,,,,Yeast-MetaTwin,s_0054,model,Extracted from Yeast-MetaTwin model; external IDs to be filled by mapping phase.
MODEL_CMPD:0000044,s_0056,(S)-3-methyl-2-oxopentanoate,C6H9O3,-1,c,,,,,,Yeast-MetaTwin,s_0056,model,Extracted from Yeast-MetaTwin model; external IDs to be filled by mapping phase.
MODEL_CMPD:0000045,s_0058,(S)-3-methyl-2-oxopentanoate,C6H9O3,-1,e,,,,,,Yeast-MetaTwin,s_0058,model,Extracted from Yeast-MetaTwin model; external IDs to be filled by mapping phase.
MODEL_CMPD:0000046,s_0060,(S)-3-methyl-2-oxopentanoate,C6H9O3,-1,m,,,,,,Yeast-MetaTwin,s_0060,model,Extracted from Yeast-MetaTwin model; external IDs to be filled by mapping phase.
MODEL_CMPD:0000047,s_0061,(S)-dihydroorotate,C5H5N2O4,-1,c,,,,,,Yeast-MetaTwin,s_0061,model,Extracted from Yeast-MetaTwin model; external IDs to be filled by mapping phase.
MODEL_CMPD:0000048,s_0062,(S)-lactaldehyde,C3H6O2,0,c,,,,,,Yeast-MetaTwin,s_0062,model,Extracted from Yeast-MetaTwin model; external IDs to be filled by mapping phase.
MODEL_CMPD:0000049,s_0063,(S)-lactate,C3H5O3,-1,c,,,,,,Yeast-MetaTwin,s_0063,model,Extracted from Yeast-MetaTwin model; external IDs to be filled by mapping phase.
MODEL_CMPD:0000050,s_0064,(S)-lactate,C3H5O3,-1,e,,,,,,Yeast-MetaTwin,s_0064,model,Extracted from Yeast-MetaTwin model; external IDs to be filled by mapping phase.
MODEL_CMPD:0000051,s_0065,(S)-lactate,C3H5O3,-1,m,,,,,,Yeast-MetaTwin,s_0065,model,Extracted from Yeast-MetaTwin model; external IDs to be filled by mapping phase.
MODEL_CMPD:0000052,s_0066,(S)-malate,C4H4O5,-2,c,,,,,,Yeast-MetaTwin,s_0066,model,Extracted from Yeast-MetaTwin model; external IDs to be filled by mapping phase.
MODEL_CMPD:0000053,s_0067,(S)-malate,C4H4O5,-2,e,,,,,,Yeast-MetaTwin,s_0067,model,Extracted from Yeast-MetaTwin model; external IDs to be filled by mapping phase.
MODEL_CMPD:0000054,s_0068,(S)-malate,C4H4O5,-2,m,,,,,,Yeast-MetaTwin,s_0068,model,Extracted from Yeast-MetaTwin model; external IDs to be filled by mapping phase.
MODEL_CMPD:0000055,s_0069,(S)-malate,C4H4O5,-2,p,,,,,,Yeast-MetaTwin,s_0069,model,Extracted from Yeast-MetaTwin model; external IDs to be filled by mapping phase.
MODEL_CMPD:0000056,s_0075,"1,3-bisphospho-D-glycerate",C3H4O10P2,-4,c,,,,,,Yeast-MetaTwin,s_0075,model,Extracted from Yeast-MetaTwin model; external IDs to be filled by mapping phase.
MODEL_CMPD:0000057,s_0076,1-(2-carboxyphenylamino)-1-deoxy-D-ribulose 5-phosphate,C12H13NO9P,-3,c,,,,,,Yeast-MetaTwin,s_0076,model,Extracted from Yeast-MetaTwin model; external IDs to be filled by mapping phase.
MODEL_CMPD:0000058,s_0077,1-(5-phospho-D-ribosyl)-5-[(5-phospho-D-ribosylamino)methylideneamino]imidazole-4-carboxamide,C15H21N5O15P2,-4,c,,,,,,Yeast-MetaTwin,s_0077,model,Extracted from Yeast-MetaTwin model; external IDs to be filled by mapping phase.
MODEL_CMPD:0000059,s_0078,1-(5-phosphoribosyl)-5'-AMP,C15H19N5O14P2,-4,c,,,,,,Yeast-MetaTwin,s_0078,model,Extracted from Yeast-MetaTwin model; external IDs to be filled by mapping phase.
MODEL_CMPD:0000060,s_0079,1-(sn-glycero-3-phospho)-1D-myo-inositol,C9H18O11P,-1,c,,,,,,Yeast-MetaTwin,s_0079,model,Extracted from Yeast-MetaTwin model; external IDs to be filled by mapping phase.
MODEL_CMPD:0000061,s_0080,1-(sn-glycero-3-phospho)-1D-myo-inositol,C9H18O11P,-1,e,,,,,,Yeast-MetaTwin,s_0080,model,Extracted from Yeast-MetaTwin model; external IDs to be filled by mapping phase.
MODEL_CMPD:0000062,s_0084,1-acylglycerophosphocholine,C9H20NO7PR,1,e,,,,,,Yeast-MetaTwin,s_0084,model,Extracted from Yeast-MetaTwin model; external IDs to be filled by mapping phase.
MODEL_CMPD:0000063,s_0086,1-C-(indol-3-yl)glycerol 3-phosphate,C11H12NO6P,-2,c,,,,,,Yeast-MetaTwin,s_0086,model,Extracted from Yeast-MetaTwin model; external IDs to be filled by mapping phase.
MODEL_CMPD:0000064,s_0087,1-methylnicotinamide,C7H9N2O,1,c,,,,,,Yeast-MetaTwin,s_0087,model,Extracted from Yeast-MetaTwin model; external IDs to be filled by mapping phase.
MODEL_CMPD:0000065,s_0089,1-phosphatidyl-1D-myo-inositol backbone,C9H15O9P,-1,c,,,,,,Yeast-MetaTwin,s_0089,model,Extracted from Yeast-MetaTwin model; external IDs to be filled by mapping phase.
MODEL_CMPD:0000066,s_0116,1-pyrroline-3-hydroxy-5-carboxylic acid,C5H6NO3,-1,c,,,,,,Yeast-MetaTwin,s_0116,model,Extracted from Yeast-MetaTwin model; external IDs to be filled by mapping phase.
MODEL_CMPD:0000067,s_0117,1-pyrroline-3-hydroxy-5-carboxylic acid,C5H6NO3,-1,m,,,,,,Yeast-MetaTwin,s_0117,model,Extracted from Yeast-MetaTwin model; external IDs to be filled by mapping phase.
MODEL_CMPD:0000068,s_0118,1-pyrroline-5-carboxylate,C5H6NO2,-1,c,,,,,,Yeast-MetaTwin,s_0118,model,Extracted from Yeast-MetaTwin model; external IDs to be filled by mapping phase.
MODEL_CMPD:0000069,s_0119,1-pyrroline-5-carboxylate,C5H6NO2,-1,m,,,,,,Yeast-MetaTwin,s_0119,model,Extracted from Yeast-MetaTwin model; external IDs to be filled by mapping phase.
MODEL_CMPD:0000070,s_0120,10-formyl-THF,C20H21N7O7,-2,c,,,,,,Yeast-MetaTwin,s_0120,model,Extracted from Yeast-MetaTwin model; external IDs to be filled by mapping phase.
MODEL_CMPD:0000071,s_0121,10-formyl-THF,C20H21N7O7,-2,m,,,,,,Yeast-MetaTwin,s_0121,model,Extracted from Yeast-MetaTwin model; external IDs to be filled by mapping phase.
MODEL_CMPD:0000072,s_0122,14-demethyllanosterol,C29H48O,0,c,,,,,,Yeast-MetaTwin,s_0122,model,Extracted from Yeast-MetaTwin model; external IDs to be filled by mapping phase.
MODEL_CMPD:0000073,s_0123,"1D-myo-inositol 1,3,4,5-tetrakisphosphate",C6H8O18P4,-8,n,,,,,,Yeast-MetaTwin,s_0123,model,Extracted from Yeast-MetaTwin model; external IDs to be filled by mapping phase.
MODEL_CMPD:0000074,s_0124,"1D-myo-inositol 1,4,5,6-tetrakisphosphate",C6H8O18P4,-8,n,,,,,,Yeast-MetaTwin,s_0124,model,Extracted from Yeast-MetaTwin model; external IDs to be filled by mapping phase.
MODEL_CMPD:0000075,s_0125,"1D-myo-inositol 1,4,5-trisphosphate",C6H9O15P3,-6,n,,,,,,Yeast-MetaTwin,s_0125,model,Extracted from Yeast-MetaTwin model; external IDs to be filled by mapping phase.
MODEL_CMPD:0000076,s_0126,1D-myo-inositol 1-phosphate,C6H11O9P,-2,c,,,,,,Yeast-MetaTwin,s_0126,model,Extracted from Yeast-MetaTwin model; external IDs to be filled by mapping phase.
MODEL_CMPD:0000077,s_0127,1D-myo-inositol 1-phosphate,C6H11O9P,-2,er,,,,,,Yeast-MetaTwin,s_0127,model,Extracted from Yeast-MetaTwin model; external IDs to be filled by mapping phase.
MODEL_CMPD:0000078,s_0129,1D-myo-inositol 3-phosphate,C6H11O9P,-2,m,,,,,,Yeast-MetaTwin,s_0129,model,Extracted from Yeast-MetaTwin model; external IDs to be filled by mapping phase.
MODEL_CMPD:0000079,s_0131,"2',3'-cyclic AMP",C10H11N5O6P,-1,c,,,,,,Yeast-MetaTwin,s_0131,model,Extracted from Yeast-MetaTwin model; external IDs to be filled by mapping phase.
MODEL_CMPD:0000080,s_0132,2'-deoxyadenosine,C10H13N5O3,0,c,,,,,,Yeast-MetaTwin,s_0132,model,Extracted from Yeast-MetaTwin model; external IDs to be filled by mapping phase.
MODEL_CMPD:0000081,s_0133,2'-deoxyadenosine,C10H13N5O3,0,e,,,,,,Yeast-MetaTwin,s_0133,model,Extracted from Yeast-MetaTwin model; external IDs to be filled by mapping phase.
MODEL_CMPD:0000082,s_0134,2'-deoxyguanosine,C10H13N5O4,0,c,,,,,,Yeast-MetaTwin,s_0134,model,Extracted from Yeast-MetaTwin model; external IDs to be filled by mapping phase.
MODEL_CMPD:0000083,s_0135,2'-deoxyguanosine,C10H13N5O4,0,e,,,,,,Yeast-MetaTwin,s_0135,model,Extracted from Yeast-MetaTwin model; external IDs to be filled by mapping phase.
MODEL_CMPD:0000084,s_0136,2'-deoxyinosine,C10H12N4O4,0,c,,,,,,Yeast-MetaTwin,s_0136,model,Extracted from Yeast-MetaTwin model; external IDs to be filled by mapping phase.
MODEL_CMPD:0000085,s_0137,2'-deoxyinosine,C10H12N4O4,0,e,,,,,,Yeast-MetaTwin,s_0137,model,Extracted from Yeast-MetaTwin model; external IDs to be filled by mapping phase.
MODEL_CMPD:0000086,s_0138,2'-deoxyuridine,C9H12N2O5,0,c,,,,,,Yeast-MetaTwin,s_0138,model,Extracted from Yeast-MetaTwin model; external IDs to be filled by mapping phase.
MODEL_CMPD:0000087,s_0139,2'-deoxyuridine,C9H12N2O5,0,e,,,,,,Yeast-MetaTwin,s_0139,model,Extracted from Yeast-MetaTwin model; external IDs to be filled by mapping phase.
MODEL_CMPD:0000088,s_0140,"2,3-bisphospho-D-glyceric acid",C3H3O10P2,-5,c,,,,,,Yeast-MetaTwin,s_0140,model,Extracted from Yeast-MetaTwin model; external IDs to be filled by mapping phase.
MODEL_CMPD:0000089,s_0141,"2,5-diamino-4-hydroxy-6-(5-phosphoribosylamino)pyrimidine",C9H14N5O8P,-2,c,,,,,,Yeast-MetaTwin,s_0141,model,Extracted from Yeast-MetaTwin model; external IDs to be filled by mapping phase.
MODEL_CMPD:0000090,s_0142,"2,5-diamino-6-(5-phosphono)ribitylamino-4(3H)-pyrimidinone",C9H16N5O8P,-2,c,,,,,,Yeast-MetaTwin,s_0142,model,Extracted from Yeast-MetaTwin model; external IDs to be filled by mapping phase.
MODEL_CMPD:0000091,s_0143,2-(3-amino-3-carboxypropyl)-L-histidine,C10H16N4O4,0,c,,,,,,Yeast-MetaTwin,s_0143,model,Extracted from Yeast-MetaTwin model; external IDs to be filled by mapping phase.
MODEL_CMPD:0000092,s_0144,2-[3-carboxy-3-(methylammonio)propyl]-L-histidine,C11H18N4O4,0,c,,,,,,Yeast-MetaTwin,s_0144,model,Extracted from Yeast-MetaTwin model; external IDs to be filled by mapping phase.
MODEL_CMPD:0000093,s_0145,2-acetamido-5-oxopentanoate,C7H10NO4,-1,m,,,,,,Yeast-MetaTwin,s_0145,model,Extracted from Yeast-MetaTwin model; external IDs to be filled by mapping phase.
MODEL_CMPD:0000094,s_0146,2-acetyllactic acid,C5H7O4,-1,m,,,,,,Yeast-MetaTwin,s_0146,model,Extracted from Yeast-MetaTwin model; external IDs to be filled by mapping phase.
MODEL_CMPD:0000095,s_0147,2-amino-3-carboxymuconate-6-semialdehyde,C7H6NO5,-1,c,,,,,,Yeast-MetaTwin,s_0147,model,Extracted from Yeast-MetaTwin model; external IDs to be filled by mapping phase.
MODEL_CMPD:0000096,s_0148,"2-amino-6-(hydroxymethyl)-7,8-dihydropteridin-4-ol",C7H9N5O2,0,m,,,,,,Yeast-MetaTwin,s_0148,model,Extracted from Yeast-MetaTwin model; external IDs to be filled by mapping phase.
MODEL_CMPD:0000097,s_0149,2-dehydropantoate,C6H9O4,-1,c,,,,,,Yeast-MetaTwin,s_0149,model,Extracted from Yeast-MetaTwin model; external IDs to be filled by mapping phase.
MODEL_CMPD:0000098,s_0150,2-dehydropantoate,C6H9O4,-1,m,,,,,,Yeast-MetaTwin,s_0150,model,Extracted from Yeast-MetaTwin model; external IDs to be filled by mapping phase.
MODEL_CMPD:0000099,s_0152,2-deoxy-D-ribose,C5H10O4,0,c,,,,,,Yeast-MetaTwin,s_0152,model,Extracted from Yeast-MetaTwin model; external IDs to be filled by mapping phase.
MODEL_CMPD:0000100,s_0153,2-deoxy-D-ribose 5-phosphate,C5H9O7P,-2,c,,,,,,Yeast-MetaTwin,s_0153,model,Extracted from Yeast-MetaTwin model; external IDs to be filled by mapping phase.
MODEL_CMPD:0000101,s_0154,"2-hexaprenyl-5-hydroxy-6-methoxy-3-methyl-1,4-benzoquinone",C38H56O4,0,m,,,,,,Yeast-MetaTwin,s_0154,model,Extracted from Yeast-MetaTwin model; external IDs to be filled by mapping phase.
MODEL_CMPD:0000102,s_0155,"2-hexaprenyl-6-methoxy-1,4-benzoquinone",C37H54O3,0,m,,,,,,Yeast-MetaTwin,s_0155,model,Extracted from Yeast-MetaTwin model; external IDs to be filled by mapping phase.
MODEL_CMPD:0000103,s_0156,"2-hexaprenyl-6-methoxy-3-methyl-1,4-benzoquinone",C38H56O3,0,m,,,,,,Yeast-MetaTwin,s_0156,model,Extracted from Yeast-MetaTwin model; external IDs to be filled by mapping phase.
MODEL_CMPD:0000104,s_0157,2-hexaprenyl-6-methoxyphenol,C37H56O2,0,m,,,,,,Yeast-MetaTwin,s_0157,model,Extracted from Yeast-MetaTwin model; external IDs to be filled by mapping phase.
MODEL_CMPD:0000105,s_0158,2-hydroxy-3-oxobutyl phosphate,C4H7O6P,-2,c,,,,,,Yeast-MetaTwin,s_0158,model,Extracted from Yeast-MetaTwin model; external IDs to be filled by mapping phase.
MODEL_CMPD:0000106,s_0161,2-hydroxyhexadecanal,C16H32O2,0,er,,,,,,Yeast-MetaTwin,s_0161,model,Extracted from Yeast-MetaTwin model; external IDs to be filled by mapping phase.
MODEL_CMPD:0000107,s_0162,2-isopropylmalate,C7H10O5,-2,c,,,,,,Yeast-MetaTwin,s_0162,model,Extracted from Yeast-MetaTwin model; external IDs to be filled by mapping phase.
MODEL_CMPD:0000108,s_0163,2-isopropylmalate,C7H10O5,-2,e,,,,,,Yeast-MetaTwin,s_0163,model,Extracted from Yeast-MetaTwin model; external IDs to be filled by mapping phase.
MODEL_CMPD:0000109,s_0164,2-isopropylmalate,C7H10O5,-2,m,,,,,,Yeast-MetaTwin,s_0164,model,Extracted from Yeast-MetaTwin model; external IDs to be filled by mapping phase.
MODEL_CMPD:0000110,s_0165,2-isopropylmaleic acid,C7H8O4,-2,c,,,,,,Yeast-MetaTwin,s_0165,model,Extracted from Yeast-MetaTwin model; external IDs to be filled by mapping phase.
MODEL_CMPD:0000111,s_0166,2-methylbutanal,C5H10O,0,c,,,,,,Yeast-MetaTwin,s_0166,model,Extracted from Yeast-MetaTwin model; external IDs to be filled by mapping phase.
MODEL_CMPD:0000112,s_0167,2-methylbutanal,C5H10O,0,e,,,,,,Yeast-MetaTwin,s_0167,model,Extracted from Yeast-MetaTwin model; external IDs to be filled by mapping phase.
MODEL_CMPD:0000113,s_0168,2-methylbutanal,C5H10O,0,m,,,,,,Yeast-MetaTwin,s_0168,model,Extracted from Yeast-MetaTwin model; external IDs to be filled by mapping phase.
MODEL_CMPD:0000114,s_0169,2-methylbutanol,C5H12O,0,c,,,,,,Yeast-MetaTwin,s_0169,model,Extracted from Yeast-MetaTwin model; external IDs to be filled by mapping phase.
MODEL_CMPD:0000115,s_0170,2-methylbutanol,C5H12O,0,e,,,,,,Yeast-MetaTwin,s_0170,model,Extracted from Yeast-MetaTwin model; external IDs to be filled by mapping phase.
MODEL_CMPD:0000116,s_0171,2-methylbutanol,C5H12O,0,m,,,,,,Yeast-MetaTwin,s_0171,model,Extracted from Yeast-MetaTwin model; external IDs to be filled by mapping phase.
MODEL_CMPD:0000117,s_0172,2-methylbutyl acetate,C7H14O2,0,c,,,,,,Yeast-MetaTwin,s_0172,model,Extracted from Yeast-MetaTwin model; external IDs to be filled by mapping phase.
MODEL_CMPD:0000118,s_0173,2-methylbutyl acetate,C7H14O2,0,e,,,,,,Yeast-MetaTwin,s_0173,model,Extracted from Yeast-MetaTwin model; external IDs to be filled by mapping phase.
MODEL_CMPD:0000119,s_0174,2-methylcitrate,C7H7O7,-3,m,,,,,,Yeast-MetaTwin,s_0174,model,Extracted from Yeast-MetaTwin model; external IDs to be filled by mapping phase.
MODEL_CMPD:0000120,s_0176,2-oxoadipic acid,C6H6O5,-2,c,,,,,,Yeast-MetaTwin,s_0176,model,Extracted from Yeast-MetaTwin model; external IDs to be filled by mapping phase.
MODEL_CMPD:0000121,s_0177,2-oxoadipic acid,C6H6O5,-2,m,,,,,,Yeast-MetaTwin,s_0177,model,Extracted from Yeast-MetaTwin model; external IDs to be filled by mapping phase.
MODEL_CMPD:0000122,s_0178,2-oxobutanoate,C4H5O3,-1,c,,,,,,Yeast-MetaTwin,s_0178,model,Extracted from Yeast-MetaTwin model; external IDs to be filled by mapping phase.
MODEL_CMPD:0000123,s_0179,2-oxobutanoate,C4H5O3,-1,m,,,,,,Yeast-MetaTwin,s_0179,model,Extracted from Yeast-MetaTwin model; external IDs to be filled by mapping phase.
MODEL_CMPD:0000124,s_0180,2-oxoglutarate,C5H4O5,-2,c,,,,,,Yeast-MetaTwin,s_0180,model,Extracted from Yeast-MetaTwin model; external IDs to be filled by mapping phase.
MODEL_CMPD:0000125,s_0181,2-oxoglutarate,C5H4O5,-2,e,,,,,,Yeast-MetaTwin,s_0181,model,Extracted from Yeast-MetaTwin model; external IDs to be filled by mapping phase.
MODEL_CMPD:0000126,s_0182,2-oxoglutarate,C5H4O5,-2,m,,,,,,Yeast-MetaTwin,s_0182,model,Extracted from Yeast-MetaTwin model; external IDs to be filled by mapping phase.
MODEL_CMPD:0000127,s_0183,2-oxoglutarate,C5H4O5,-2,n,,,,,,Yeast-MetaTwin,s_0183,model,Extracted from Yeast-MetaTwin model; external IDs to be filled by mapping phase.
MODEL_CMPD:0000128,s_0184,2-oxoglutarate,C5H4O5,-2,p,,,,,,Yeast-MetaTwin,s_0184,model,Extracted from Yeast-MetaTwin model; external IDs to be filled by mapping phase.
MODEL_CMPD:0000129,s_0185,2-phenylethanol,C8H10O,0,c,,,,,,Yeast-MetaTwin,s_0185,model,Extracted from Yeast-MetaTwin model; external IDs to be filled by mapping phase.
MODEL_CMPD:0000130,s_0186,2-phenylethanol,C8H10O,0,e,,,,,,Yeast-MetaTwin,s_0186,model,Extracted from Yeast-MetaTwin model; external IDs to be filled by mapping phase.
MODEL_CMPD:0000131,s_0187,2-phenylethanol,C8H10O,0,m,,,,,,Yeast-MetaTwin,s_0187,model,Extracted from Yeast-MetaTwin model; external IDs to be filled by mapping phase.
MODEL_CMPD:0000132,s_0188,2-phospho-D-glyceric acid,C3H4O7P,-3,c,,,,,,Yeast-MetaTwin,s_0188,model,Extracted from Yeast-MetaTwin model; external IDs to be filled by mapping phase.
MODEL_CMPD:0000133,s_0189,geranylgeranyl diphosphate,C20H33O7P2,-3,c,,,,,,Yeast-MetaTwin,s_0189,model,Extracted from Yeast-MetaTwin model; external IDs to be filled by mapping phase.
MODEL_CMPD:0000134,s_0190,farnesyl diphosphate,C15H25O7P2,-3,c,,,,,,Yeast-MetaTwin,s_0190,model,Extracted from Yeast-MetaTwin model; external IDs to be filled by mapping phase.
MODEL_CMPD:0000135,s_0191,farnesyl diphosphate,C15H25O7P2,-3,m,,,,,,Yeast-MetaTwin,s_0191,model,Extracted from Yeast-MetaTwin model; external IDs to be filled by mapping phase.
MODEL_CMPD:0000136,s_0192,"3',5'-cyclic AMP",C10H11N5O6P,-1,c,,,,,,Yeast-MetaTwin,s_0192,model,Extracted from Yeast-MetaTwin model; external IDs to be filled by mapping phase.
MODEL_CMPD:0000137,s_0193,"3',5'-cyclic CMP",C9H11N3O7P,-1,c,,,,,,Yeast-MetaTwin,s_0193,model,Extracted from Yeast-MetaTwin model; external IDs to be filled by mapping phase.
MODEL_CMPD:0000138,s_0194,"3',5'-cyclic dAMP",C10H11N5O5P,-1,c,,,,,,Yeast-MetaTwin,s_0194,model,Extracted from Yeast-MetaTwin model; external IDs to be filled by mapping phase.
MODEL_CMPD:0000139,s_0195,"3',5'-cyclic GMP",C10H11N5O7P,-1,c,,,,,,Yeast-MetaTwin,s_0195,model,Extracted from Yeast-MetaTwin model; external IDs to be filled by mapping phase.
MODEL_CMPD:0000140,s_0196,"3',5'-cyclic IMP",C10H10N4O7P,-1,c,,,,,,Yeast-MetaTwin,s_0196,model,Extracted from Yeast-MetaTwin model; external IDs to be filled by mapping phase.
MODEL_CMPD:0000141,s_0197,3'-dephospho-CoA,C21H33N7O13P2S,-2,c,,,,,,Yeast-MetaTwin,s_0197,model,Extracted from Yeast-MetaTwin model; external IDs to be filled by mapping phase.
MODEL_CMPD:0000142,s_0200,3'-dephospho-CoA,C21H33N7O13P2S,-2,m,,,,,,Yeast-MetaTwin,s_0200,model,Extracted from Yeast-MetaTwin model; external IDs to be filled by mapping phase.
MODEL_CMPD:0000143,s_0201,3'-phospho-5'-adenylyl sulfate,C10H11N5O13P2S,-4,c,,,,,,Yeast-MetaTwin,s_0201,model,Extracted from Yeast-MetaTwin model; external IDs to be filled by mapping phase.
MODEL_CMPD:0000144,s_0204,3-(4-hydroxyphenyl)pyruvate,C9H7O4,-1,c,,,,,,Yeast-MetaTwin,s_0204,model,Extracted from Yeast-MetaTwin model; external IDs to be filled by mapping phase.
MODEL_CMPD:0000145,s_0206,3-(4-hydroxyphenyl)pyruvate,C9H7O4,-1,p,,,,,,Yeast-MetaTwin,s_0206,model,Extracted from Yeast-MetaTwin model; external IDs to be filled by mapping phase.
MODEL_CMPD:0000146,s_0207,3-(imidazol-4-yl)-2-oxopropyl dihydrogen phosphate,C6H7N2O5P,-2,c,,,,,,Yeast-MetaTwin,s_0207,model,Extracted from Yeast-MetaTwin model; external IDs to be filled by mapping phase.
MODEL_CMPD:0000147,s_0208,3-aminopropanal,C3H8NO,1,c,,,,,,Yeast-MetaTwin,s_0208,model,Extracted from Yeast-MetaTwin model; external IDs to be filled by mapping phase.
MODEL_CMPD:0000148,s_0209,3-dehydro-4-methylzymosterol,C28H44O,0,c,,,,,,Yeast-MetaTwin,s_0209,model,Extracted from Yeast-MetaTwin model; external IDs to be filled by mapping phase.
MODEL_CMPD:0000149,s_0210,3-dehydroquinate,C7H9O6,-1,c,,,,,,Yeast-MetaTwin,s_0210,model,Extracted from Yeast-MetaTwin model; external IDs to be filled by mapping phase.
MODEL_CMPD:0000150,s_0211,3-dehydroshikimate,C7H7O5,-1,c,,,,,,Yeast-MetaTwin,s_0211,model,Extracted from Yeast-MetaTwin model; external IDs to be filled by mapping phase.
MODEL_CMPD:0000151,s_0212,"3-hexaprenyl-4,5-dihydroxybenzoic acid",C37H53O4,-1,c,,,,,,Yeast-MetaTwin,s_0212,model,Extracted from Yeast-MetaTwin model; external IDs to be filled by mapping phase.
MODEL_CMPD:0000152,s_0213,"3-hexaprenyl-4,5-dihydroxybenzoic acid",C37H53O4,-1,m,,,,,,Yeast-MetaTwin,s_0213,model,Extracted from Yeast-MetaTwin model; external IDs to be filled by mapping phase.
MODEL_CMPD:0000153,s_0214,3-hexaprenyl-4-hydroxy-5-methoxybenzoic acid,C38H55O4,-1,m,,,,,,Yeast-MetaTwin,s_0214,model,Extracted from Yeast-MetaTwin model; external IDs to be filled by mapping phase.
MODEL_CMPD:0000154,s_0215,3-hexaprenyl-4-hydroxybenzoic acid,C37H53O3,-1,c,,,,,,Yeast-MetaTwin,s_0215,model,Extracted from Yeast-MetaTwin model; external IDs to be filled by mapping phase.
MODEL_CMPD:0000155,s_0216,3-hexaprenyl-4-hydroxybenzoic acid,C37H53O3,-1,m,,,,,,Yeast-MetaTwin,s_0216,model,Extracted from Yeast-MetaTwin model; external IDs to be filled by mapping phase.
MODEL_CMPD:0000156,s_0217,3-hydroxy-2-isopropyl-4-methoxy-4-oxobutanoate,C8H13O5,-1,c,,,,,,Yeast-MetaTwin,s_0217,model,Extracted from Yeast-MetaTwin model; external IDs to be filled by mapping phase.
MODEL_CMPD:0000157,s_0218,3-hydroxy-3-methylglutaryl-CoA,C27H39N7O20P3S,-5,c,,,,,,Yeast-MetaTwin,s_0218,model,Extracted from Yeast-MetaTwin model; external IDs to be filled by mapping phase.
MODEL_CMPD:0000158,s_0221,3-hydroxy-3-methylglutaryl-CoA,C27H39N7O20P3S,-5,m,,,,,,Yeast-MetaTwin,s_0221,model,Extracted from Yeast-MetaTwin model; external IDs to be filled by mapping phase.
MODEL_CMPD:0000159,s_0222,3-hydroxy-L-kynurenine,C10H12N2O4,0,c,,,,,,Yeast-MetaTwin,s_0222,model,Extracted from Yeast-MetaTwin model; external IDs to be filled by mapping phase.
MODEL_CMPD:0000160,s_0224,3-hydroxyanthranilate,C7H6NO3,-1,c,,,,,,Yeast-MetaTwin,s_0224,model,Extracted from Yeast-MetaTwin model; external IDs to be filled by mapping phase.
MODEL_CMPD:0000161,s_0229,3-hydroxyoctadecanoyl-CoA,C39H66N7O18P3S,-4,p,,,,,,Yeast-MetaTwin,s_0229,model,Extracted from Yeast-MetaTwin model; external IDs to be filled by mapping phase.
MODEL_CMPD:0000162,s_0231,3-ketosphinganine,C18H38NO2,1,er,,,,,,Yeast-MetaTwin,s_0231,model,Extracted from Yeast-MetaTwin model; external IDs to be filled by mapping phase.
MODEL_CMPD:0000163,s_0232,3-methyl-2-oxobutanoate,C5H7O3,-1,c,,,,,,Yeast-MetaTwin,s_0232,model,Extracted from Yeast-MetaTwin model; external IDs to be filled by mapping phase.
MODEL_CMPD:0000164,s_0233,3-methyl-2-oxobutanoate,C5H7O3,-1,m,,,,,,Yeast-MetaTwin,s_0233,model,Extracted from Yeast-MetaTwin model; external IDs to be filled by mapping phase.
MODEL_CMPD:0000165,s_0234,3-methylbutanal,C5H10O,0,c,,,,,,Yeast-MetaTwin,s_0234,model,Extracted from Yeast-MetaTwin model; external IDs to be filled by mapping phase.
MODEL_CMPD:0000166,s_0235,3-methylbutanal,C5H10O,0,e,,,,,,Yeast-MetaTwin,s_0235,model,Extracted from Yeast-MetaTwin model; external IDs to be filled by mapping phase.
MODEL_CMPD:0000167,s_0236,3-methylbutanal,C5H10O,0,m,,,,,,Yeast-MetaTwin,s_0236,model,Extracted from Yeast-MetaTwin model; external IDs to be filled by mapping phase.
MODEL_CMPD:0000168,s_0239,3-oxodecanoyl-CoA,C31H48N7O18P3S,-4,p,,,,,,Yeast-MetaTwin,s_0239,model,Extracted from Yeast-MetaTwin model; external IDs to be filled by mapping phase.
MODEL_CMPD:0000169,s_0243,3-oxohexacosanoyl-CoA,C47H80N7O18P3S,-4,p,,,,,,Yeast-MetaTwin,s_0243,model,Extracted from Yeast-MetaTwin model; external IDs to be filled by mapping phase.
MODEL_CMPD:0000170,s_0247,3-oxolauroyl-CoA,C33H52N7O18P3S,-4,p,,,,,,Yeast-MetaTwin,s_0247,model,Extracted from Yeast-MetaTwin model; external IDs to be filled by mapping phase.
MODEL_CMPD:0000171,s_0250,3-oxooctadecanoyl-CoA,C39H64N7O18P3S,-4,p,,,,,,Yeast-MetaTwin,s_0250,model,Extracted from Yeast-MetaTwin model; external IDs to be filled by mapping phase.
MODEL_CMPD:0000172,s_0253,3-oxopalmitoyl-CoA,C37H60N7O18P3S,-4,p,,,,,,Yeast-MetaTwin,s_0253,model,Extracted from Yeast-MetaTwin model; external IDs to be filled by mapping phase.
MODEL_CMPD:0000173,s_0257,3-oxotetradecanoyl-CoA,C35H56N7O18P3S,-4,p,,,,,,Yeast-MetaTwin,s_0257,model,Extracted from Yeast-MetaTwin model; external IDs to be filled by mapping phase.
MODEL_CMPD:0000174,s_0258,3-phospho-hydroxypyruvate,C3H2O7P,-3,c,,,,,,Yeast-MetaTwin,s_0258,model,Extracted from Yeast-MetaTwin model; external IDs to be filled by mapping phase.
MODEL_CMPD:0000175,s_0259,3-phospho-serine,C3H6NO6P,-2,c,,,,,,Yeast-MetaTwin,s_0259,model,Extracted from Yeast-MetaTwin model; external IDs to be filled by mapping phase.
MODEL_CMPD:0000176,s_0260,3-phosphonato-D-glycerate(3-),C3H4O7P,-3,c,,,,,,Yeast-MetaTwin,s_0260,model,Extracted from Yeast-MetaTwin model; external IDs to be filled by mapping phase.
MODEL_CMPD:0000177,s_0261,3-phosphoshikimic acid,C7H8O8P,-3,c,,,,,,Yeast-MetaTwin,s_0261,model,Extracted from Yeast-MetaTwin model; external IDs to be filled by mapping phase.
MODEL_CMPD:0000178,s_0262,"4,4-dimethyl-5alpha-cholesta-8,14,24-trien-3beta-ol",C29H46O,0,c,,,,,,Yeast-MetaTwin,s_0262,model,Extracted from Yeast-MetaTwin model; external IDs to be filled by mapping phase.
MODEL_CMPD:0000179,s_0263,"4,5-bis(diphospho)-1D-myo-inositol tetrakisphosphate",C6H7O30P8,-13,c,,,,,,Yeast-MetaTwin,s_0263,model,Extracted from Yeast-MetaTwin model; external IDs to be filled by mapping phase.
MODEL_CMPD:0000180,s_0264,4-(phosphonooxy)-L-threonine,C4H8NO7P,-2,c,,,,,,Yeast-MetaTwin,s_0264,model,Extracted from Yeast-MetaTwin model; external IDs to be filled by mapping phase.
MODEL_CMPD:0000181,s_0267,4-amino-2-methyl-5-diphosphomethylpyrimidine,C6H8N3O7P2,-3,c,,,,,,Yeast-MetaTwin,s_0267,model,Extracted from Yeast-MetaTwin model; external IDs to be filled by mapping phase.
MODEL_CMPD:0000182,s_0268,4-amino-2-methyl-5-phosphomethylpyrimidine,C6H8N3O4P,-2,c,,,,,,Yeast-MetaTwin,s_0268,model,Extracted from Yeast-MetaTwin model; external IDs to be filled by mapping phase.
MODEL_CMPD:0000183,s_0269,4-amino-4-deoxychorismate,C10H10NO5,-1,c,,,,,,Yeast-MetaTwin,s_0269,model,Extracted from Yeast-MetaTwin model; external IDs to be filled by mapping phase.
MODEL_CMPD:0000184,s_0270,4-amino-5-hydroxymethyl-2-methylpyrimidine,C6H9N3O,0,c,,,,,,Yeast-MetaTwin,s_0270,model,Extracted from Yeast-MetaTwin model; external IDs to be filled by mapping phase.
MODEL_CMPD:0000185,s_0271,4-aminobenzoate,C7H6NO2,-1,c,,,,,,Yeast-MetaTwin,s_0271,model,Extracted from Yeast-MetaTwin model; external IDs to be filled by mapping phase.
MODEL_CMPD:0000186,s_0272,4-aminobenzoate,C7H6NO2,-1,e,,,,,,Yeast-MetaTwin,s_0272,model,Extracted from Yeast-MetaTwin model; external IDs to be filled by mapping phase.
MODEL_CMPD:0000187,s_0273,4-aminobenzoate,C7H6NO2,-1,m,,,,,,Yeast-MetaTwin,s_0273,model,Extracted from Yeast-MetaTwin model; external IDs to be filled by mapping phase.
MODEL_CMPD:0000188,s_0274,4-aminobutanal,C4H10NO,1,c,,,,,,Yeast-MetaTwin,s_0274,model,Extracted from Yeast-MetaTwin model; external IDs to be filled by mapping phase.
MODEL_CMPD:0000189,s_0275,4-aminobutanal,C4H10NO,1,m,,,,,,Yeast-MetaTwin,s_0275,model,Extracted from Yeast-MetaTwin model; external IDs to be filled by mapping phase.
MODEL_CMPD:0000190,s_0279,4-diphospho-1D-myo-inositol pentakisphosphate,C6H6O27P7,-13,c,,,,,,Yeast-MetaTwin,s_0279,model,Extracted from Yeast-MetaTwin model; external IDs to be filled by mapping phase.
MODEL_CMPD:0000191,s_0280,4-guanidinobutanamide,C5H13N4O,1,c,,,,,,Yeast-MetaTwin,s_0280,model,Extracted from Yeast-MetaTwin model; external IDs to be filled by mapping phase.
MODEL_CMPD:0000192,s_0281,4-guanidinobutanoic acid,C5H11N3O2,0,c,,,,,,Yeast-MetaTwin,s_0281,model,Extracted from Yeast-MetaTwin model; external IDs to be filled by mapping phase.
MODEL_CMPD:0000193,s_0282,4-hydroxy-2-oxoglutarate,C5H4O6,-2,c,,,,,,Yeast-MetaTwin,s_0282,model,Extracted from Yeast-MetaTwin model; external IDs to be filled by mapping phase.
MODEL_CMPD:0000194,s_0283,4-hydroxy-2-oxoglutarate,C5H4O6,-2,m,,,,,,Yeast-MetaTwin,s_0283,model,Extracted from Yeast-MetaTwin model; external IDs to be filled by mapping phase.
MODEL_CMPD:0000195,s_0284,4-hydroxy-2-oxoglutarate,C5H4O6,-2,p,,,,,,Yeast-MetaTwin,s_0284,model,Extracted from Yeast-MetaTwin model; external IDs to be filled by mapping phase.
MODEL_CMPD:0000196,s_0285,4-hydroxy-L-threonine,C4H9NO4,0,c,,,,,,Yeast-MetaTwin,s_0285,model,Extracted from Yeast-MetaTwin model; external IDs to be filled by mapping phase.
MODEL_CMPD:0000197,s_0286,4-hydroxybenzoate,C7H5O3,-1,c,,,,,,Yeast-MetaTwin,s_0286,model,Extracted from Yeast-MetaTwin model; external IDs to be filled by mapping phase.
MODEL_CMPD:0000198,s_0287,4-hydroxybenzoate,C7H5O3,-1,m,,,,,,Yeast-MetaTwin,s_0287,model,Extracted from Yeast-MetaTwin model; external IDs to be filled by mapping phase.
MODEL_CMPD:0000199,s_0290,4-hydroxybenzoyl-CoA,C28H36N7O18P3S,-4,m,,,,,,Yeast-MetaTwin,s_0290,model,Extracted from Yeast-MetaTwin model; external IDs to be filled by mapping phase.
MODEL_CMPD:0000200,s_0291,4-methyl-2-oxopentanoate,C6H9O3,-1,c,,,,,,Yeast-MetaTwin,s_0291,model,Extracted from Yeast-MetaTwin model; external IDs to be filled by mapping phase.
MODEL_CMPD:0000201,s_0292,4-methyl-2-oxopentanoate,C6H9O3,-1,m,,,,,,Yeast-MetaTwin,s_0292,model,Extracted from Yeast-MetaTwin model; external IDs to be filled by mapping phase.
MODEL_CMPD:0000202,s_0293,4-methyl-5-(2-phosphonooxyethyl)thiazole,C6H8NO4PS,-2,c,,,,,,Yeast-MetaTwin,s_0293,model,Extracted from Yeast-MetaTwin model; external IDs to be filled by mapping phase.
MODEL_CMPD:0000203,s_0294,4-methylthio-2-oxobutanoate,C5H7O3S,-1,c,,,,,,Yeast-MetaTwin,s_0294,model,Extracted from Yeast-MetaTwin model; external IDs to be filled by mapping phase.
MODEL_CMPD:0000204,s_0295,4-phospho-L-aspartate,C4H6NO7P,-2,c,,,,,,Yeast-MetaTwin,s_0295,model,Extracted from Yeast-MetaTwin model; external IDs to be filled by mapping phase.
MODEL_CMPD:0000205,s_0296,4alpha-methylzymosterol,C28H46O,0,c,,,,,,Yeast-MetaTwin,s_0296,model,Extracted from Yeast-MetaTwin model; external IDs to be filled by mapping phase.
MODEL_CMPD:0000206,s_0297,4beta-methylzymosterol-4alpha-carboxylic acid,C29H45O3,-1,c,,,,,,Yeast-MetaTwin,s_0297,model,Extracted from Yeast-MetaTwin model; external IDs to be filled by mapping phase.
MODEL_CMPD:0000207,s_0298,5'-adenylyl sulfate,C10H12N5O10PS,-2,c,,,,,,Yeast-MetaTwin,s_0298,model,Extracted from Yeast-MetaTwin model; external IDs to be filled by mapping phase.
MODEL_CMPD:0000208,s_0299,5'-phosphoribosyl-4-(N-succinocarboxamide)-5-aminoimidazole,C13H15N4O12P,-4,c,,,,,,Yeast-MetaTwin,s_0299,model,Extracted from Yeast-MetaTwin model; external IDs to be filled by mapping phase.
MODEL_CMPD:0000209,s_0300,5'-phosphoribosyl-5-aminoimidazole,C8H13N3O7P,-1,c,,,,,,Yeast-MetaTwin,s_0300,model,Extracted from Yeast-MetaTwin model; external IDs to be filled by mapping phase.
MODEL_CMPD:0000210,s_0301,5'-phosphoribosyl-N-formylglycineamide,C8H13N2O9P,-2,c,,,,,,Yeast-MetaTwin,s_0301,model,Extracted from Yeast-MetaTwin model; external IDs to be filled by mapping phase.
MODEL_CMPD:0000211,s_0302,5'-phosphoribosyl-N-formylglycineamidine,C8H15N3O8P,-1,c,,,,,,Yeast-MetaTwin,s_0302,model,Extracted from Yeast-MetaTwin model; external IDs to be filled by mapping phase.
MODEL_CMPD:0000212,s_0303,5'-S-methyl-5'-thioadenosine,C11H15N5O3S,0,c,,,,,,Yeast-MetaTwin,s_0303,model,Extracted from Yeast-MetaTwin model; external IDs to be filled by mapping phase.
MODEL_CMPD:0000213,s_0304,"5,10-methenyl-THF",C20H20N7O6,-1,c,,,,,,Yeast-MetaTwin,s_0304,model,Extracted from Yeast-MetaTwin model; external IDs to be filled by mapping phase.
MODEL_CMPD:0000214,s_0305,"5,10-methenyl-THF",C20H20N7O6,-1,m,,,,,,Yeast-MetaTwin,s_0305,model,Extracted from Yeast-MetaTwin model; external IDs to be filled by mapping phase.
MODEL_CMPD:0000215,s_0306,"5,10-methylenetetrahydrofolate",C20H21N7O6,-2,c,,,,,,Yeast-MetaTwin,s_0306,model,Extracted from Yeast-MetaTwin model; external IDs to be filled by mapping phase.
MODEL_CMPD:0000216,s_0307,"5,10-methylenetetrahydrofolate",C20H21N7O6,-2,m,,,,,,Yeast-MetaTwin,s_0307,model,Extracted from Yeast-MetaTwin model; external IDs to be filled by mapping phase.
MODEL_CMPD:0000217,s_0308,"5,6,7,8-tetrahydrofolyl-L-glutamic acid",C24H27N8O9,-3,c,,,,,,Yeast-MetaTwin,s_0308,model,Extracted from Yeast-MetaTwin model; external IDs to be filled by mapping phase.
MODEL_CMPD:0000218,s_0309,"5,6-bis(diphospho)-1D-myo-inositol tetrakisphosphate",C6H7O30P8,-13,c,,,,,,Yeast-MetaTwin,s_0309,model,Extracted from Yeast-MetaTwin model; external IDs to be filled by mapping phase.
MODEL_CMPD:0000219,s_0310,5-(2-hydroxyethyl)-4-methylthiazole,C6H9NOS,0,c,,,,,,Yeast-MetaTwin,s_0310,model,Extracted from Yeast-MetaTwin model; external IDs to be filled by mapping phase.
MODEL_CMPD:0000220,s_0311,"5-(methylsulfanyl)-2,3-dioxopentyl phosphate",C6H9O6PS,-2,c,,,,,,Yeast-MetaTwin,s_0311,model,Extracted from Yeast-MetaTwin model; external IDs to be filled by mapping phase.
MODEL_CMPD:0000221,s_0312,5-[(5-phospho-1-deoxy-D-ribulos-1-ylamino)methylideneamino]-1-(5-phospho-D-ribosyl)imidazole-4-carboxamide,C15H21N5O15P2,-4,c,,,,,,Yeast-MetaTwin,s_0312,model,Extracted from Yeast-MetaTwin model; external IDs to be filled by mapping phase.
MODEL_CMPD:0000222,s_0313,5-amino-6-(5-phosphoribitylamino)uracil,C9H15N4O9P,-2,c,,,,,,Yeast-MetaTwin,s_0313,model,Extracted from Yeast-MetaTwin model; external IDs to be filled by mapping phase.
MODEL_CMPD:0000223,s_0314,5-amino-6-(D-ribitylamino)uracil,C9H16N4O6,0,c,,,,,,Yeast-MetaTwin,s_0314,model,Extracted from Yeast-MetaTwin model; external IDs to be filled by mapping phase.
MODEL_CMPD:0000224,s_0315,5-aminolevulinate,C5H9NO3,0,c,,,,,,Yeast-MetaTwin,s_0315,model,Extracted from Yeast-MetaTwin model; external IDs to be filled by mapping phase.
MODEL_CMPD:0000225,s_0316,5-aminolevulinate,C5H9NO3,0,e,,,,,,Yeast-MetaTwin,s_0316,model,Extracted from Yeast-MetaTwin model; external IDs to be filled by mapping phase.
MODEL_CMPD:0000226,s_0317,5-aminolevulinate,C5H9NO3,0,m,,,,,,Yeast-MetaTwin,s_0317,model,Extracted from Yeast-MetaTwin model; external IDs to be filled by mapping phase.
MODEL_CMPD:0000227,s_0318,5-diphospho-1D-myo-inositol pentakisphosphate,C6H6O27P7,-13,c,,,,,,Yeast-MetaTwin,s_0318,model,Extracted from Yeast-MetaTwin model; external IDs to be filled by mapping phase.
MODEL_CMPD:0000228,s_0319,5-formyltetrahydrofolic acid,C20H21N7O7,-2,c,,,,,,Yeast-MetaTwin,s_0319,model,Extracted from Yeast-MetaTwin model; external IDs to be filled by mapping phase.
MODEL_CMPD:0000229,s_0320,5-formyltetrahydrofolic acid,C20H21N7O7,-2,e,,,,,,Yeast-MetaTwin,s_0320,model,Extracted from Yeast-MetaTwin model; external IDs to be filled by mapping phase.
MODEL_CMPD:0000230,s_0321,5-formyltetrahydrofolic acid,C20H21N7O7,-2,m,,,,,,Yeast-MetaTwin,s_0321,model,Extracted from Yeast-MetaTwin model; external IDs to be filled by mapping phase.
MODEL_CMPD:0000231,s_0322,5-methyltetrahydrofolate,C20H23N7O6,-2,c,,,,,,Yeast-MetaTwin,s_0322,model,Extracted from Yeast-MetaTwin model; external IDs to be filled by mapping phase.
MODEL_CMPD:0000232,s_0323,5-methyltetrahydropteroyltri-L-glutamic acid,C30H35N9O12,-4,c,,,,,,Yeast-MetaTwin,s_0323,model,Extracted from Yeast-MetaTwin model; external IDs to be filled by mapping phase.
MODEL_CMPD:0000233,s_0324,5-O-(1-carboxyvinyl)-3-phosphoshikimic acid,C10H9O10P,-4,c,,,,,,Yeast-MetaTwin,s_0324,model,Extracted from Yeast-MetaTwin model; external IDs to be filled by mapping phase.
MODEL_CMPD:0000234,s_0325,5-phospho-ribosyl-glycineamide,C7H14N2O8P,-1,c,,,,,,Yeast-MetaTwin,s_0325,model,Extracted from Yeast-MetaTwin model; external IDs to be filled by mapping phase.
MODEL_CMPD:0000235,s_0326,5-phosphoribosyl-ATP,C15H19N5O20P4,-6,c,,,,,,Yeast-MetaTwin,s_0326,model,Extracted from Yeast-MetaTwin model; external IDs to be filled by mapping phase.
MODEL_CMPD:0000236,s_0327,5-phosphoribosylamine,C5H11NO7P,-1,c,,,,,,Yeast-MetaTwin,s_0327,model,Extracted from Yeast-MetaTwin model; external IDs to be filled by mapping phase.
MODEL_CMPD:0000237,s_0328,"6,7-dimethyl-8-(1-D-ribityl)lumazine",C13H17N4O6,-1,c,,,,,,Yeast-MetaTwin,s_0328,model,Extracted from Yeast-MetaTwin model; external IDs to be filled by mapping phase.
MODEL_CMPD:0000238,s_0329,6-(alpha-D-glucosaminyl)-1-phosphatidyl-1D-myo-inositol,C17H28NO17PR2,0,er,,,,,,Yeast-MetaTwin,s_0329,model,Extracted from Yeast-MetaTwin model; external IDs to be filled by mapping phase.
MODEL_CMPD:0000239,s_0330,6-(alpha-D-glucosaminyl)-O-acyl-1-phosphatidyl-1D-myo-inositol,,0,er,,,,,,Yeast-MetaTwin,s_0330,model,Extracted from Yeast-MetaTwin model; external IDs to be filled by mapping phase.
MODEL_CMPD:0000240,s_0331,6-(N-acetyl-alpha-D-glucosaminyl)-1-phosphatidyl-1D-myo-inositol,C19H30NO18PR2,0,er,,,,,,Yeast-MetaTwin,s_0331,model,Extracted from Yeast-MetaTwin model; external IDs to be filled by mapping phase.
MODEL_CMPD:0000241,s_0332,6-[6-(2-aminoethylphosphoryl)-alpha-mannosyl-(1->6)-2-(2-aminoethylphosphoryl)-alpha-mannosyl-(1->6)-alpha-2-(2-aminoethylphosphoryl)mannosyl-(1->4)-alpha-glucosaminyl]-O-acyl-1-phosphatidyl-1D-myo-inositol,C43H44N9O,0,er,,,,,,Yeast-MetaTwin,s_0332,model,Extracted from Yeast-MetaTwin model; external IDs to be filled by mapping phase.
MODEL_CMPD:0000242,s_0333,6-diphospho-1D-myo-inositol pentakisphosphate,C6H6O27P7,-13,c,,,,,,Yeast-MetaTwin,s_0333,model,Extracted from Yeast-MetaTwin model; external IDs to be filled by mapping phase.
MODEL_CMPD:0000243,s_0334,6-O-[alpha-D-mannosyl-(1->4)-alpha-D-glucosaminyl]-O-acyl-1-phosphatidyl-1D-myo-inositol,,0,er,,,,,,Yeast-MetaTwin,s_0334,model,Extracted from Yeast-MetaTwin model; external IDs to be filled by mapping phase.
MODEL_CMPD:0000244,s_0335,"6-O-phosphono-D-glucono-1,5-lactone",C6H9O9P,-2,c,,,,,,Yeast-MetaTwin,s_0335,model,Extracted from Yeast-MetaTwin model; external IDs to be filled by mapping phase.
MODEL_CMPD:0000245,s_0337,6-O-{2-O-[(2-aminoethyl)phosphoryl]-alpha-D-mannosyl-(1->4)-alpha-D-glucosaminyl}-O-acyl-1-phosphatidyl-1D-myo-inositol,,0,er,,,,,,Yeast-MetaTwin,s_0337,model,Extracted from Yeast-MetaTwin model; external IDs to be filled by mapping phase.
MODEL_CMPD:0000246,s_0338,6-O-{alpha-D-mannosyl-(1->2)-alpha-D-mannosyl-(1->6)-2-O-[(2-aminoethyl)phosphoryl]-alpha-D-mannosyl-(1->4)-alpha-D-glucosaminyl}-O-acyl-1-phosphatidyl-1D-myo-inositol,,0,er,,,,,,Yeast-MetaTwin,s_0338,model,Extracted from Yeast-MetaTwin model; external IDs to be filled by mapping phase.
MODEL_CMPD:0000247,s_0339,6-O-{alpha-D-mannosyl-(1->6)-2-O-[(2-aminoethyl)phosphoryl]-alpha-D-mannosyl-(1->4)-alpha-D-glucosaminyl}-O-acyl-1-phosphatidyl-1D-myo-inositol,,0,er,,,,,,Yeast-MetaTwin,s_0339,model,Extracted from Yeast-MetaTwin model; external IDs to be filled by mapping phase.
MODEL_CMPD:0000248,s_0340,6-phospho-D-gluconate,C6H10O10P,-3,c,,,,,,Yeast-MetaTwin,s_0340,model,Extracted from Yeast-MetaTwin model; external IDs to be filled by mapping phase.
MODEL_CMPD:0000249,s_0341,"7,8-diaminononanoate",C9H21N2O2,1,c,,,,,,Yeast-MetaTwin,s_0341,model,Extracted from Yeast-MetaTwin model; external IDs to be filled by mapping phase.
MODEL_CMPD:0000250,s_0342,"7,8-diaminononanoate",C9H21N2O2,1,e,,,,,,Yeast-MetaTwin,s_0342,model,Extracted from Yeast-MetaTwin model; external IDs to be filled by mapping phase.
MODEL_CMPD:0000251,s_0343,"7,8-dihydroneopterin",C9H13N5O4,0,c,,,,,,Yeast-MetaTwin,s_0343,model,Extracted from Yeast-MetaTwin model; external IDs to be filled by mapping phase.
MODEL_CMPD:0000252,s_0344,"7,8-dihydroneopterin",C9H13N5O4,0,m,,,,,,Yeast-MetaTwin,s_0344,model,Extracted from Yeast-MetaTwin model; external IDs to be filled by mapping phase.
MODEL_CMPD:0000253,s_0345,"7,8-dihydroneopterin 3'-phosphate",C9H12N5O7P,-2,c,,,,,,Yeast-MetaTwin,s_0345,model,Extracted from Yeast-MetaTwin model; external IDs to be filled by mapping phase.
MODEL_CMPD:0000254,s_0346,"7,8-dihydroneopterin 3'-triphosphate",C9H12N5O13P3,-4,c,,,,,,Yeast-MetaTwin,s_0346,model,Extracted from Yeast-MetaTwin model; external IDs to be filled by mapping phase.
MODEL_CMPD:0000255,s_0347,"7,8-dihydropteroate",C14H13N6O3,-1,c,,,,,,Yeast-MetaTwin,s_0347,model,Extracted from Yeast-MetaTwin model; external IDs to be filled by mapping phase.
MODEL_CMPD:0000256,s_0348,"7,8-dihydropteroate",C14H13N6O3,-1,m,,,,,,Yeast-MetaTwin,s_0348,model,Extracted from Yeast-MetaTwin model; external IDs to be filled by mapping phase.
MODEL_CMPD:0000257,s_0349,7-phospho-2-dehydro-3-deoxy-D-arabino-heptonic acid,C7H10O10P,-3,c,,,,,,Yeast-MetaTwin,s_0349,model,Extracted from Yeast-MetaTwin model; external IDs to be filled by mapping phase.
MODEL_CMPD:0000258,s_0350,7-phospho-2-dehydro-3-deoxy-D-arabino-heptonic acid,C7H10O10P,-3,m,,,,,,Yeast-MetaTwin,s_0350,model,Extracted from Yeast-MetaTwin model; external IDs to be filled by mapping phase.
MODEL_CMPD:0000259,s_0352,8-amino-7-oxononanoate,C9H17NO3,0,c,,,,,,Yeast-MetaTwin,s_0352,model,Extracted from Yeast-MetaTwin model; external IDs to be filled by mapping phase.
MODEL_CMPD:0000260,s_0354,8-amino-7-oxononanoate,C9H17NO3,0,e,,,,,,Yeast-MetaTwin,s_0354,model,Extracted from Yeast-MetaTwin model; external IDs to be filled by mapping phase.
MODEL_CMPD:0000261,s_0357,9H-xanthine,C5H4N4O2,0,c,,,,,,Yeast-MetaTwin,s_0357,model,Extracted from Yeast-MetaTwin model; external IDs to be filled by mapping phase.
MODEL_CMPD:0000262,s_0358,9H-xanthine,C5H4N4O2,0,e,,,,,,Yeast-MetaTwin,s_0358,model,Extracted from Yeast-MetaTwin model; external IDs to be filled by mapping phase.
MODEL_CMPD:0000263,s_0359,acetaldehyde,C2H4O,0,c,,,,,,Yeast-MetaTwin,s_0359,model,Extracted from Yeast-MetaTwin model; external IDs to be filled by mapping phase.
MODEL_CMPD:0000264,s_0360,acetaldehyde,C2H4O,0,e,,,,,,Yeast-MetaTwin,s_0360,model,Extracted from Yeast-MetaTwin model; external IDs to be filled by mapping phase.
MODEL_CMPD:0000265,s_0361,acetaldehyde,C2H4O,0,m,,,,,,Yeast-MetaTwin,s_0361,model,Extracted from Yeast-MetaTwin model; external IDs to be filled by mapping phase.
MODEL_CMPD:0000266,s_0362,acetate,C2H3O2,-1,c,,,,,,Yeast-MetaTwin,s_0362,model,Extracted from Yeast-MetaTwin model; external IDs to be filled by mapping phase.
MODEL_CMPD:0000267,s_0363,acetate,C2H3O2,-1,er,,,,,,Yeast-MetaTwin,s_0363,model,Extracted from Yeast-MetaTwin model; external IDs to be filled by mapping phase.
MODEL_CMPD:0000268,s_0364,acetate,C2H3O2,-1,e,,,,,,Yeast-MetaTwin,s_0364,model,Extracted from Yeast-MetaTwin model; external IDs to be filled by mapping phase.
MODEL_CMPD:0000269,s_0365,acetate,C2H3O2,-1,m,,,,,,Yeast-MetaTwin,s_0365,model,Extracted from Yeast-MetaTwin model; external IDs to be filled by mapping phase.
MODEL_CMPD:0000270,s_0366,acetate,C2H3O2,-1,n,,,,,,Yeast-MetaTwin,s_0366,model,Extracted from Yeast-MetaTwin model; external IDs to be filled by mapping phase.
MODEL_CMPD:0000271,s_0367,acetoacetyl-CoA,C25H36N7O18P3S,-4,c,,,,,,Yeast-MetaTwin,s_0367,model,Extracted from Yeast-MetaTwin model; external IDs to be filled by mapping phase.
MODEL_CMPD:0000272,s_0370,acetoacetyl-CoA,C25H36N7O18P3S,-4,m,,,,,,Yeast-MetaTwin,s_0370,model,Extracted from Yeast-MetaTwin model; external IDs to be filled by mapping phase.
MODEL_CMPD:0000273,s_0372,acetyl-ACP,C2H3OSR,0,m,,,,,,Yeast-MetaTwin,s_0372,model,Extracted from Yeast-MetaTwin model; external IDs to be filled by mapping phase.
MODEL_CMPD:0000274,s_0373,acetyl-CoA,C23H34N7O17P3S,-4,c,,,,,,Yeast-MetaTwin,s_0373,model,Extracted from Yeast-MetaTwin model; external IDs to be filled by mapping phase.
MODEL_CMPD:0000275,s_0376,acetyl-CoA,C23H34N7O17P3S,-4,m,,,,,,Yeast-MetaTwin,s_0376,model,Extracted from Yeast-MetaTwin model; external IDs to be filled by mapping phase.
MODEL_CMPD:0000276,s_0377,acetyl-CoA,C23H34N7O17P3S,-4,n,,,,,,Yeast-MetaTwin,s_0377,model,Extracted from Yeast-MetaTwin model; external IDs to be filled by mapping phase.
MODEL_CMPD:0000277,s_0378,acetyl-CoA,C23H34N7O17P3S,-4,p,,,,,,Yeast-MetaTwin,s_0378,model,Extracted from Yeast-MetaTwin model; external IDs to be filled by mapping phase.
MODEL_CMPD:0000278,s_0383,adenine,C5H5N5,0,c,,,,,,Yeast-MetaTwin,s_0383,model,Extracted from Yeast-MetaTwin model; external IDs to be filled by mapping phase.
MODEL_CMPD:0000279,s_0384,adenine,C5H5N5,0,e,,,,,,Yeast-MetaTwin,s_0384,model,Extracted from Yeast-MetaTwin model; external IDs to be filled by mapping phase.
MODEL_CMPD:0000280,s_0385,adenine,C5H5N5,0,m,,,,,,Yeast-MetaTwin,s_0385,model,Extracted from Yeast-MetaTwin model; external IDs to be filled by mapping phase.
MODEL_CMPD:0000281,s_0386,adenosine,C10H13N5O4,0,c,,,,,,Yeast-MetaTwin,s_0386,model,Extracted from Yeast-MetaTwin model; external IDs to be filled by mapping phase.
MODEL_CMPD:0000282,s_0387,adenosine,C10H13N5O4,0,e,,,,,,Yeast-MetaTwin,s_0387,model,Extracted from Yeast-MetaTwin model; external IDs to be filled by mapping phase.
MODEL_CMPD:0000283,s_0389,adenosine 2'-phosphate,C10H12N5O7P,-2,c,,,,,,Yeast-MetaTwin,s_0389,model,Extracted from Yeast-MetaTwin model; external IDs to be filled by mapping phase.
MODEL_CMPD:0000284,s_0390,"adenosine 3',5'-bismonophosphate",C10H11N5O10P2,-4,c,,,,,,Yeast-MetaTwin,s_0390,model,Extracted from Yeast-MetaTwin model; external IDs to be filled by mapping phase.
MODEL_CMPD:0000285,s_0391,"adenosine 3',5'-bismonophosphate",C10H11N5O10P2,-4,e,,,,,,Yeast-MetaTwin,s_0391,model,Extracted from Yeast-MetaTwin model; external IDs to be filled by mapping phase.
MODEL_CMPD:0000286,s_0392,"adenosine 3',5'-bismonophosphate",C10H11N5O10P2,-4,m,,,,,,Yeast-MetaTwin,s_0392,model,Extracted from Yeast-MetaTwin model; external IDs to be filled by mapping phase.
MODEL_CMPD:0000287,s_0393,adenylo-succinate,C14H14N5O11P,-4,c,,,,,,Yeast-MetaTwin,s_0393,model,Extracted from Yeast-MetaTwin model; external IDs to be filled by mapping phase.
MODEL_CMPD:0000288,s_0394,ADP,C10H12N5O10P2,-3,c,,,,,,Yeast-MetaTwin,s_0394,model,Extracted from Yeast-MetaTwin model; external IDs to be filled by mapping phase.
MODEL_CMPD:0000289,s_0395,ADP,C10H12N5O10P2,-3,er,,,,,,Yeast-MetaTwin,s_0395,model,Extracted from Yeast-MetaTwin model; external IDs to be filled by mapping phase.
MODEL_CMPD:0000290,s_0397,ADP,C10H12N5O10P2,-3,m,,,,,,Yeast-MetaTwin,s_0397,model,Extracted from Yeast-MetaTwin model; external IDs to be filled by mapping phase.
MODEL_CMPD:0000291,s_0398,ADP,C10H12N5O10P2,-3,n,,,,,,Yeast-MetaTwin,s_0398,model,Extracted from Yeast-MetaTwin model; external IDs to be filled by mapping phase.
MODEL_CMPD:0000292,s_0399,ADP,C10H12N5O10P2,-3,p,,,,,,Yeast-MetaTwin,s_0399,model,Extracted from Yeast-MetaTwin model; external IDs to be filled by mapping phase.
MODEL_CMPD:0000293,s_0402,ADP-ribose,C15H21N5O14P2,-2,n,,,,,,Yeast-MetaTwin,s_0402,model,Extracted from Yeast-MetaTwin model; external IDs to be filled by mapping phase.
MODEL_CMPD:0000294,s_0403,AICAR,C9H13N4O8P,-2,c,,,,,,Yeast-MetaTwin,s_0403,model,Extracted from Yeast-MetaTwin model; external IDs to be filled by mapping phase.
MODEL_CMPD:0000295,s_0404,Ala-tRNA(Ala),C3H7NOR,1,c,,,,,,Yeast-MetaTwin,s_0404,model,Extracted from Yeast-MetaTwin model; external IDs to be filled by mapping phase.
MODEL_CMPD:0000296,s_0405,allantoate,C4H7N4O4,-1,c,,,,,,Yeast-MetaTwin,s_0405,model,Extracted from Yeast-MetaTwin model; external IDs to be filled by mapping phase.
MODEL_CMPD:0000297,s_0406,allantoate,C4H7N4O4,-1,e,,,,,,Yeast-MetaTwin,s_0406,model,Extracted from Yeast-MetaTwin model; external IDs to be filled by mapping phase.
MODEL_CMPD:0000298,s_0407,allantoin,C4H6N4O3,0,c,,,,,,Yeast-MetaTwin,s_0407,model,Extracted from Yeast-MetaTwin model; external IDs to be filled by mapping phase.
MODEL_CMPD:0000299,s_0408,allantoin,C4H6N4O3,0,e,,,,,,Yeast-MetaTwin,s_0408,model,Extracted from Yeast-MetaTwin model; external IDs to be filled by mapping phase.
MODEL_CMPD:0000300,s_0409,"alpha,alpha-trehalose 6-phosphate",C12H21O14P,-2,c,,,,,,Yeast-MetaTwin,s_0409,model,Extracted from Yeast-MetaTwin model; external IDs to be filled by mapping phase.
MODEL_CMPD:0000301,s_0410,alpha-D-galactose 1-phosphate,C6H11O9P,-2,c,,,,,,Yeast-MetaTwin,s_0410,model,Extracted from Yeast-MetaTwin model; external IDs to be filled by mapping phase.
MODEL_CMPD:0000302,s_0411,alpha-D-glucosamine 1-phosphate,C6H13NO8P,-1,c,,,,,,Yeast-MetaTwin,s_0411,model,Extracted from Yeast-MetaTwin model; external IDs to be filled by mapping phase.
MODEL_CMPD:0000303,s_0412,alpha-D-glucosamine 6-phosphate,C6H13NO8P,-1,c,,,,,,Yeast-MetaTwin,s_0412,model,Extracted from Yeast-MetaTwin model; external IDs to be filled by mapping phase.
MODEL_CMPD:0000304,s_0413,alpha-D-glucosamine 6-phosphate,C6H13NO8P,-1,e,,,,,,Yeast-MetaTwin,s_0413,model,Extracted from Yeast-MetaTwin model; external IDs to be filled by mapping phase.
MODEL_CMPD:0000305,s_0414,alpha-D-mannosyl-beta-D-mannosyldiacetylchitobiosyldiphosphodolichol,C48H84N2O27P2,0,g,,,,,,Yeast-MetaTwin,s_0414,model,Extracted from Yeast-MetaTwin model; external IDs to be filled by mapping phase.
MODEL_CMPD:0000306,s_0415,alpha-D-ribose 1-phosphate(2-),C5H9O8P,-2,c,,,,,,Yeast-MetaTwin,s_0415,model,Extracted from Yeast-MetaTwin model; external IDs to be filled by mapping phase.
MODEL_CMPD:0000307,s_0416,alpha-D-ribose 1-phosphate(2-),C5H9O8P,-2,m,,,,,,Yeast-MetaTwin,s_0416,model,Extracted from Yeast-MetaTwin model; external IDs to be filled by mapping phase.
MODEL_CMPD:0000308,s_0417,aminoacetaldehyde,C2H6NO,1,c,,,,,,Yeast-MetaTwin,s_0417,model,Extracted from Yeast-MetaTwin model; external IDs to be filled by mapping phase.
MODEL_CMPD:0000309,s_0418,aminoacetone,C3H8NO,1,c,,,,,,Yeast-MetaTwin,s_0418,model,Extracted from Yeast-MetaTwin model; external IDs to be filled by mapping phase.
MODEL_CMPD:0000310,s_0419,ammonium,H4N,1,c,,,,,,Yeast-MetaTwin,s_0419,model,Extracted from Yeast-MetaTwin model; external IDs to be filled by mapping phase.
MODEL_CMPD:0000311,s_0420,ammonium,H4N,1,e,,,,,,Yeast-MetaTwin,s_0420,model,Extracted from Yeast-MetaTwin model; external IDs to be filled by mapping phase.
MODEL_CMPD:0000312,s_0421,ammonium,H4N,1,m,,,,,,Yeast-MetaTwin,s_0421,model,Extracted from Yeast-MetaTwin model; external IDs to be filled by mapping phase.
MODEL_CMPD:0000313,s_0423,AMP,C10H12N5O7P,-2,c,,,,,,Yeast-MetaTwin,s_0423,model,Extracted from Yeast-MetaTwin model; external IDs to be filled by mapping phase.
MODEL_CMPD:0000314,s_0424,AMP,C10H12N5O7P,-2,m,,,,,,Yeast-MetaTwin,s_0424,model,Extracted from Yeast-MetaTwin model; external IDs to be filled by mapping phase.
MODEL_CMPD:0000315,s_0425,AMP,C10H12N5O7P,-2,n,,,,,,Yeast-MetaTwin,s_0425,model,Extracted from Yeast-MetaTwin model; external IDs to be filled by mapping phase.
MODEL_CMPD:0000316,s_0426,AMP,C10H12N5O7P,-2,p,,,,,,Yeast-MetaTwin,s_0426,model,Extracted from Yeast-MetaTwin model; external IDs to be filled by mapping phase.
MODEL_CMPD:0000317,s_0427,anthranilate,C7H6NO2,-1,c,,,,,,Yeast-MetaTwin,s_0427,model,Extracted from Yeast-MetaTwin model; external IDs to be filled by mapping phase.
MODEL_CMPD:0000318,s_0428,Arg-tRNA(Arg),C6H15N4OR,2,c,,,,,,Yeast-MetaTwin,s_0428,model,Extracted from Yeast-MetaTwin model; external IDs to be filled by mapping phase.
MODEL_CMPD:0000319,s_0429,Arg-tRNA(Arg),C6H15N4OR,2,m,,,,,,Yeast-MetaTwin,s_0429,model,Extracted from Yeast-MetaTwin model; external IDs to be filled by mapping phase.
MODEL_CMPD:0000320,s_0430,Asn-tRNA(Asn),C4H8N2O2R,1,c,,,,,,Yeast-MetaTwin,s_0430,model,Extracted from Yeast-MetaTwin model; external IDs to be filled by mapping phase.
MODEL_CMPD:0000321,s_0431,Asn-tRNA(Asn),C4H8N2O2R,1,m,,,,,,Yeast-MetaTwin,s_0431,model,Extracted from Yeast-MetaTwin model; external IDs to be filled by mapping phase.
MODEL_CMPD:0000322,s_0432,Asp-tRNA(Asp),C4H6NO3R,0,c,,,,,,Yeast-MetaTwin,s_0432,model,Extracted from Yeast-MetaTwin model; external IDs to be filled by mapping phase.
MODEL_CMPD:0000323,s_0433,Asp-tRNA(Asp),C4H6NO3R,0,m,,,,,,Yeast-MetaTwin,s_0433,model,Extracted from Yeast-MetaTwin model; external IDs to be filled by mapping phase.
MODEL_CMPD:0000324,s_0434,ATP,C10H12N5O13P3,-4,c,,,,,,Yeast-MetaTwin,s_0434,model,Extracted from Yeast-MetaTwin model; external IDs to be filled by mapping phase.
MODEL_CMPD:0000325,s_0435,ATP,C10H12N5O13P3,-4,er,,,,,,Yeast-MetaTwin,s_0435,model,Extracted from Yeast-MetaTwin model; external IDs to be filled by mapping phase.
MODEL_CMPD:0000326,s_0437,ATP,C10H12N5O13P3,-4,m,,,,,,Yeast-MetaTwin,s_0437,model,Extracted from Yeast-MetaTwin model; external IDs to be filled by mapping phase.
MODEL_CMPD:0000327,s_0438,ATP,C10H12N5O13P3,-4,n,,,,,,Yeast-MetaTwin,s_0438,model,Extracted from Yeast-MetaTwin model; external IDs to be filled by mapping phase.
MODEL_CMPD:0000328,s_0439,ATP,C10H12N5O13P3,-4,p,,,,,,Yeast-MetaTwin,s_0439,model,Extracted from Yeast-MetaTwin model; external IDs to be filled by mapping phase.
MODEL_CMPD:0000329,s_0441,beta-alanine,C3H7NO2,0,c,,,,,,Yeast-MetaTwin,s_0441,model,Extracted from Yeast-MetaTwin model; external IDs to be filled by mapping phase.
MODEL_CMPD:0000330,s_0442,"beta-D-fructose 2,6-bisphosphate",C6H10O12P2,-4,c,,,,,,Yeast-MetaTwin,s_0442,model,Extracted from Yeast-MetaTwin model; external IDs to be filled by mapping phase.
MODEL_CMPD:0000331,s_0443,beta-D-mannosyldiacetylchitobiosyldiphosphodolichol,C42H72N2O22P2,-2,c,,,,,,Yeast-MetaTwin,s_0443,model,Extracted from Yeast-MetaTwin model; external IDs to be filled by mapping phase.
MODEL_CMPD:0000332,s_0444,beta-D-mannosyldiacetylchitobiosyldiphosphodolichol,C42H72N2O22P2,-2,g,,,,,,Yeast-MetaTwin,s_0444,model,Extracted from Yeast-MetaTwin model; external IDs to be filled by mapping phase.
MODEL_CMPD:0000333,s_0445,bicarbonate,CHO3,-1,c,,,,,,Yeast-MetaTwin,s_0445,model,Extracted from Yeast-MetaTwin model; external IDs to be filled by mapping phase.
MODEL_CMPD:0000334,s_0446,bicarbonate,CHO3,-1,e,,,,,,Yeast-MetaTwin,s_0446,model,Extracted from Yeast-MetaTwin model; external IDs to be filled by mapping phase.
MODEL_CMPD:0000335,s_0447,bicarbonate,CHO3,-1,m,,,,,,Yeast-MetaTwin,s_0447,model,Extracted from Yeast-MetaTwin model; external IDs to be filled by mapping phase.
MODEL_CMPD:0000336,s_0448,bicarbonate,CHO3,-1,n,,,,,,Yeast-MetaTwin,s_0448,model,Extracted from Yeast-MetaTwin model; external IDs to be filled by mapping phase.
MODEL_CMPD:0000337,s_0450,biomass,,0,c,,,,,,Yeast-MetaTwin,s_0450,model,Extracted from Yeast-MetaTwin model; external IDs to be filled by mapping phase.
MODEL_CMPD:0000338,s_0451,biotin,C10H15N2O3S,-1,c,,,,,,Yeast-MetaTwin,s_0451,model,Extracted from Yeast-MetaTwin model; external IDs to be filled by mapping phase.
MODEL_CMPD:0000339,s_0452,biotin,C10H15N2O3S,-1,e,,,,,,Yeast-MetaTwin,s_0452,model,Extracted from Yeast-MetaTwin model; external IDs to be filled by mapping phase.
MODEL_CMPD:0000340,s_0453,biotinyl-5'-AMP,C20H27N7O9PS,-1,c,,,,,,Yeast-MetaTwin,s_0453,model,Extracted from Yeast-MetaTwin model; external IDs to be filled by mapping phase.
MODEL_CMPD:0000341,s_0454,"but-1-ene-1,2,4-tricarboxylic acid",C7H5O6,-3,m,,,,,,Yeast-MetaTwin,s_0454,model,Extracted from Yeast-MetaTwin model; external IDs to be filled by mapping phase.
MODEL_CMPD:0000342,s_0455,carbamoyl phosphate,CH2NO5P,-2,c,,,,,,Yeast-MetaTwin,s_0455,model,Extracted from Yeast-MetaTwin model; external IDs to be filled by mapping phase.
MODEL_CMPD:0000343,s_0456,carbon dioxide,CO2,0,c,,,,,,Yeast-MetaTwin,s_0456,model,Extracted from Yeast-MetaTwin model; external IDs to be filled by mapping phase.
MODEL_CMPD:0000344,s_0457,carbon dioxide,CO2,0,er,,,,,,Yeast-MetaTwin,s_0457,model,Extracted from Yeast-MetaTwin model; external IDs to be filled by mapping phase.
MODEL_CMPD:0000345,s_0458,carbon dioxide,CO2,0,e,,,,,,Yeast-MetaTwin,s_0458,model,Extracted from Yeast-MetaTwin model; external IDs to be filled by mapping phase.
MODEL_CMPD:0000346,s_0460,carbon dioxide,CO2,0,m,,,,,,Yeast-MetaTwin,s_0460,model,Extracted from Yeast-MetaTwin model; external IDs to be filled by mapping phase.
MODEL_CMPD:0000347,s_0461,carbon dioxide,CO2,0,n,,,,,,Yeast-MetaTwin,s_0461,model,Extracted from Yeast-MetaTwin model; external IDs to be filled by mapping phase.
MODEL_CMPD:0000348,s_0462,carbon dioxide,CO2,0,p,,,,,,Yeast-MetaTwin,s_0462,model,Extracted from Yeast-MetaTwin model; external IDs to be filled by mapping phase.
MODEL_CMPD:0000349,s_0465,carboxyacetyl-ACP,C3H3O3SR,0,m,,,,,,Yeast-MetaTwin,s_0465,model,Extracted from Yeast-MetaTwin model; external IDs to be filled by mapping phase.
MODEL_CMPD:0000350,s_0467,CDP,C9H12N3O11P2,-3,c,,,,,,Yeast-MetaTwin,s_0467,model,Extracted from Yeast-MetaTwin model; external IDs to be filled by mapping phase.
MODEL_CMPD:0000351,s_0468,CDP,C9H12N3O11P2,-3,n,,,,,,Yeast-MetaTwin,s_0468,model,Extracted from Yeast-MetaTwin model; external IDs to be filled by mapping phase.
MODEL_CMPD:0000352,s_0469,CDP-choline,C14H25N4O11P2,-1,c,,,,,,Yeast-MetaTwin,s_0469,model,Extracted from Yeast-MetaTwin model; external IDs to be filled by mapping phase.
MODEL_CMPD:0000353,s_0474,CDP-ethanolamine,C11H19N4O11P2,-1,c,,,,,,Yeast-MetaTwin,s_0474,model,Extracted from Yeast-MetaTwin model; external IDs to be filled by mapping phase.
MODEL_CMPD:0000354,s_0475,ceramide-1 (C24),C42H85NO3,0,er,,,,,,Yeast-MetaTwin,s_0475,model,Extracted from Yeast-MetaTwin model; external IDs to be filled by mapping phase.
MODEL_CMPD:0000355,s_0476,ceramide-1 (C24),C42H85NO3,0,g,,,,,,Yeast-MetaTwin,s_0476,model,Extracted from Yeast-MetaTwin model; external IDs to be filled by mapping phase.
MODEL_CMPD:0000356,s_0477,ceramide-1 (C24),C42H85NO3,0,m,,,,,,Yeast-MetaTwin,s_0477,model,Extracted from Yeast-MetaTwin model; external IDs to be filled by mapping phase.
MODEL_CMPD:0000357,s_0478,ceramide-1 (C26),C44H89NO3,0,er,,,,,,Yeast-MetaTwin,s_0478,model,Extracted from Yeast-MetaTwin model; external IDs to be filled by mapping phase.
MODEL_CMPD:0000358,s_0479,ceramide-1 (C26),C44H89NO3,0,g,,,,,,Yeast-MetaTwin,s_0479,model,Extracted from Yeast-MetaTwin model; external IDs to be filled by mapping phase.
MODEL_CMPD:0000359,s_0480,ceramide-1 (C26),C44H89NO3,0,m,,,,,,Yeast-MetaTwin,s_0480,model,Extracted from Yeast-MetaTwin model; external IDs to be filled by mapping phase.
MODEL_CMPD:0000360,s_0481,ceramide-2 (C24),C42H85NO4,0,er,,,,,,Yeast-MetaTwin,s_0481,model,Extracted from Yeast-MetaTwin model; external IDs to be filled by mapping phase.
MODEL_CMPD:0000361,s_0482,ceramide-2 (C24),C42H85NO4,0,g,,,,,,Yeast-MetaTwin,s_0482,model,Extracted from Yeast-MetaTwin model; external IDs to be filled by mapping phase.
MODEL_CMPD:0000362,s_0483,ceramide-2 (C24),C42H85NO4,0,m,,,,,,Yeast-MetaTwin,s_0483,model,Extracted from Yeast-MetaTwin model; external IDs to be filled by mapping phase.
MODEL_CMPD:0000363,s_0484,ceramide-2 (C26),C44H89NO4,0,er,,,,,,Yeast-MetaTwin,s_0484,model,Extracted from Yeast-MetaTwin model; external IDs to be filled by mapping phase.
MODEL_CMPD:0000364,s_0485,ceramide-2 (C26),C44H89NO4,0,g,,,,,,Yeast-MetaTwin,s_0485,model,Extracted from Yeast-MetaTwin model; external IDs to be filled by mapping phase.
MODEL_CMPD:0000365,s_0486,ceramide-2 (C26),C44H89NO4,0,m,,,,,,Yeast-MetaTwin,s_0486,model,Extracted from Yeast-MetaTwin model; external IDs to be filled by mapping phase.
MODEL_CMPD:0000366,s_0487,ceramide-2' (C24),C42H85NO4,0,er,,,,,,Yeast-MetaTwin,s_0487,model,Extracted from Yeast-MetaTwin model; external IDs to be filled by mapping phase.
MODEL_CMPD:0000367,s_0488,ceramide-2' (C24),C42H85NO4,0,g,,,,,,Yeast-MetaTwin,s_0488,model,Extracted from Yeast-MetaTwin model; external IDs to be filled by mapping phase.
MODEL_CMPD:0000368,s_0489,ceramide-2' (C24),C42H85NO4,0,m,,,,,,Yeast-MetaTwin,s_0489,model,Extracted from Yeast-MetaTwin model; external IDs to be filled by mapping phase.
MODEL_CMPD:0000369,s_0490,ceramide-2' (C26),C44H89NO4,0,er,,,,,,Yeast-MetaTwin,s_0490,model,Extracted from Yeast-MetaTwin model; external IDs to be filled by mapping phase.
MODEL_CMPD:0000370,s_0491,ceramide-2' (C26),C44H89NO4,0,g,,,,,,Yeast-MetaTwin,s_0491,model,Extracted from Yeast-MetaTwin model; external IDs to be filled by mapping phase.
MODEL_CMPD:0000371,s_0492,ceramide-2' (C26),C44H89NO4,0,m,,,,,,Yeast-MetaTwin,s_0492,model,Extracted from Yeast-MetaTwin model; external IDs to be filled by mapping phase.
MODEL_CMPD:0000372,s_0493,ceramide-3 (C24),C42H85NO5,0,er,,,,,,Yeast-MetaTwin,s_0493,model,Extracted from Yeast-MetaTwin model; external IDs to be filled by mapping phase.
MODEL_CMPD:0000373,s_0494,ceramide-3 (C24),C42H85NO5,0,g,,,,,,Yeast-MetaTwin,s_0494,model,Extracted from Yeast-MetaTwin model; external IDs to be filled by mapping phase.
MODEL_CMPD:0000374,s_0495,ceramide-3 (C24),C42H85NO5,0,m,,,,,,Yeast-MetaTwin,s_0495,model,Extracted from Yeast-MetaTwin model; external IDs to be filled by mapping phase.
MODEL_CMPD:0000375,s_0496,ceramide-3 (C26),C44H89NO5,0,er,,,,,,Yeast-MetaTwin,s_0496,model,Extracted from Yeast-MetaTwin model; external IDs to be filled by mapping phase.
MODEL_CMPD:0000376,s_0497,ceramide-3 (C26),C44H89NO5,0,g,,,,,,Yeast-MetaTwin,s_0497,model,Extracted from Yeast-MetaTwin model; external IDs to be filled by mapping phase.
MODEL_CMPD:0000377,s_0498,ceramide-3 (C26),C44H89NO5,0,m,,,,,,Yeast-MetaTwin,s_0498,model,Extracted from Yeast-MetaTwin model; external IDs to be filled by mapping phase.
MODEL_CMPD:0000378,s_0499,ceramide-4 (C24),C42H85NO6,0,er,,,,,,Yeast-MetaTwin,s_0499,model,Extracted from Yeast-MetaTwin model; external IDs to be filled by mapping phase.
MODEL_CMPD:0000379,s_0500,ceramide-4 (C24),C42H85NO6,0,g,,,,,,Yeast-MetaTwin,s_0500,model,Extracted from Yeast-MetaTwin model; external IDs to be filled by mapping phase.
MODEL_CMPD:0000380,s_0501,ceramide-4 (C24),C42H85NO6,0,m,,,,,,Yeast-MetaTwin,s_0501,model,Extracted from Yeast-MetaTwin model; external IDs to be filled by mapping phase.
MODEL_CMPD:0000381,s_0502,ceramide-4 (C26),C44H89NO6,0,er,,,,,,Yeast-MetaTwin,s_0502,model,Extracted from Yeast-MetaTwin model; external IDs to be filled by mapping phase.
MODEL_CMPD:0000382,s_0503,ceramide-4 (C26),C44H89NO6,0,g,,,,,,Yeast-MetaTwin,s_0503,model,Extracted from Yeast-MetaTwin model; external IDs to be filled by mapping phase.
MODEL_CMPD:0000383,s_0504,ceramide-4 (C26),C44H89NO6,0,m,,,,,,Yeast-MetaTwin,s_0504,model,Extracted from Yeast-MetaTwin model; external IDs to be filled by mapping phase.
MODEL_CMPD:0000384,s_0507,cerotic acid,C26H51O2,-1,er,,,,,,Yeast-MetaTwin,s_0507,model,Extracted from Yeast-MetaTwin model; external IDs to be filled by mapping phase.
MODEL_CMPD:0000385,s_0509,chitin,C8H13NO5,0,c,,,,,,Yeast-MetaTwin,s_0509,model,Extracted from Yeast-MetaTwin model; external IDs to be filled by mapping phase.
MODEL_CMPD:0000386,s_0510,chitosan,C6H11NO4,0,ce,,,,,,Yeast-MetaTwin,s_0510,model,Extracted from Yeast-MetaTwin model; external IDs to be filled by mapping phase.
MODEL_CMPD:0000387,s_0511,choline,C5H14NO,1,ce,,,,,,Yeast-MetaTwin,s_0511,model,Extracted from Yeast-MetaTwin model; external IDs to be filled by mapping phase.
MODEL_CMPD:0000388,s_0512,choline,C5H14NO,1,c,,,,,,Yeast-MetaTwin,s_0512,model,Extracted from Yeast-MetaTwin model; external IDs to be filled by mapping phase.
MODEL_CMPD:0000389,s_0513,choline,C5H14NO,1,e,,,,,,Yeast-MetaTwin,s_0513,model,Extracted from Yeast-MetaTwin model; external IDs to be filled by mapping phase.
MODEL_CMPD:0000390,s_0514,choline phosphate,C5H13NO4P,-1,c,,,,,,Yeast-MetaTwin,s_0514,model,Extracted from Yeast-MetaTwin model; external IDs to be filled by mapping phase.
MODEL_CMPD:0000391,s_0515,chorismate,C10H8O6,-2,c,,,,,,Yeast-MetaTwin,s_0515,model,Extracted from Yeast-MetaTwin model; external IDs to be filled by mapping phase.
MODEL_CMPD:0000392,s_0516,cis-aconitate,C6H3O6,-3,c,,,,,,Yeast-MetaTwin,s_0516,model,Extracted from Yeast-MetaTwin model; external IDs to be filled by mapping phase.
MODEL_CMPD:0000393,s_0517,cis-aconitate,C6H3O6,-3,m,,,,,,Yeast-MetaTwin,s_0517,model,Extracted from Yeast-MetaTwin model; external IDs to be filled by mapping phase.
MODEL_CMPD:0000394,s_0522,citrate,C6H5O7,-3,c,,,,,,Yeast-MetaTwin,s_0522,model,Extracted from Yeast-MetaTwin model; external IDs to be filled by mapping phase.
MODEL_CMPD:0000395,s_0523,citrate,C6H5O7,-3,e,,,,,,Yeast-MetaTwin,s_0523,model,Extracted from Yeast-MetaTwin model; external IDs to be filled by mapping phase.
MODEL_CMPD:0000396,s_0524,citrate,C6H5O7,-3,m,,,,,,Yeast-MetaTwin,s_0524,model,Extracted from Yeast-MetaTwin model; external IDs to be filled by mapping phase.
MODEL_CMPD:0000397,s_0525,citrate,C6H5O7,-3,p,,,,,,Yeast-MetaTwin,s_0525,model,Extracted from Yeast-MetaTwin model; external IDs to be filled by mapping phase.
MODEL_CMPD:0000398,s_0526,CMP,C9H12N3O8P,-2,c,,,,,,Yeast-MetaTwin,s_0526,model,Extracted from Yeast-MetaTwin model; external IDs to be filled by mapping phase.
MODEL_CMPD:0000399,s_0528,CMP,C9H12N3O8P,-2,m,,,,,,Yeast-MetaTwin,s_0528,model,Extracted from Yeast-MetaTwin model; external IDs to be filled by mapping phase.
MODEL_CMPD:0000400,s_0529,coenzyme A,C21H32N7O16P3S,-4,c,,,,,,Yeast-MetaTwin,s_0529,model,Extracted from Yeast-MetaTwin model; external IDs to be filled by mapping phase.
MODEL_CMPD:0000401,s_0530,coenzyme A,C21H32N7O16P3S,-4,er,,,,,,Yeast-MetaTwin,s_0530,model,Extracted from Yeast-MetaTwin model; external IDs to be filled by mapping phase.
MODEL_CMPD:0000402,s_0531,coenzyme A,C21H32N7O16P3S,-4,lp,,,,,,Yeast-MetaTwin,s_0531,model,Extracted from Yeast-MetaTwin model; external IDs to be filled by mapping phase.
MODEL_CMPD:0000403,s_0532,coenzyme A,C21H32N7O16P3S,-4,m,,,,,,Yeast-MetaTwin,s_0532,model,Extracted from Yeast-MetaTwin model; external IDs to be filled by mapping phase.
MODEL_CMPD:0000404,s_0533,coenzyme A,C21H32N7O16P3S,-4,n,,,,,,Yeast-MetaTwin,s_0533,model,Extracted from Yeast-MetaTwin model; external IDs to be filled by mapping phase.
MODEL_CMPD:0000405,s_0534,coenzyme A,C21H32N7O16P3S,-4,p,,,,,,Yeast-MetaTwin,s_0534,model,Extracted from Yeast-MetaTwin model; external IDs to be filled by mapping phase.
MODEL_CMPD:0000406,s_0538,coproporphyrinogen III,C36H40N4O8,-4,c,,,,,,Yeast-MetaTwin,s_0538,model,Extracted from Yeast-MetaTwin model; external IDs to be filled by mapping phase.
MODEL_CMPD:0000407,s_0539,CTP,C9H12N3O14P3,-4,c,,,,,,Yeast-MetaTwin,s_0539,model,Extracted from Yeast-MetaTwin model; external IDs to be filled by mapping phase.
MODEL_CMPD:0000408,s_0541,CTP,C9H12N3O14P3,-4,m,,,,,,Yeast-MetaTwin,s_0541,model,Extracted from Yeast-MetaTwin model; external IDs to be filled by mapping phase.
MODEL_CMPD:0000409,s_0542,Cys-tRNA(Cys),C3H7NOSR,1,c,,,,,,Yeast-MetaTwin,s_0542,model,Extracted from Yeast-MetaTwin model; external IDs to be filled by mapping phase.
MODEL_CMPD:0000410,s_0543,cytidine,C9H13N3O5,0,c,,,,,,Yeast-MetaTwin,s_0543,model,Extracted from Yeast-MetaTwin model; external IDs to be filled by mapping phase.
MODEL_CMPD:0000411,s_0544,cytidine,C9H13N3O5,0,e,,,,,,Yeast-MetaTwin,s_0544,model,Extracted from Yeast-MetaTwin model; external IDs to be filled by mapping phase.
MODEL_CMPD:0000412,s_0545,cytosine,C4H5N3O,0,c,,,,,,Yeast-MetaTwin,s_0545,model,Extracted from Yeast-MetaTwin model; external IDs to be filled by mapping phase.
MODEL_CMPD:0000413,s_0546,cytosine,C4H5N3O,0,e,,,,,,Yeast-MetaTwin,s_0546,model,Extracted from Yeast-MetaTwin model; external IDs to be filled by mapping phase.
MODEL_CMPD:0000414,s_0547,"D-arabinono-1,4-lactone",C5H8O5,0,c,,,,,,Yeast-MetaTwin,s_0547,model,Extracted from Yeast-MetaTwin model; external IDs to be filled by mapping phase.
MODEL_CMPD:0000415,s_0548,D-arabinose,C5H10O5,0,c,,,,,,Yeast-MetaTwin,s_0548,model,Extracted from Yeast-MetaTwin model; external IDs to be filled by mapping phase.
MODEL_CMPD:0000416,s_0549,D-arabinose,C5H10O5,0,e,,,,,,Yeast-MetaTwin,s_0549,model,Extracted from Yeast-MetaTwin model; external IDs to be filled by mapping phase.
MODEL_CMPD:0000417,s_0550,D-erythro-1-(imidazol-4-yl)glycerol 3-phosphate,C6H9N2O6P,-2,c,,,,,,Yeast-MetaTwin,s_0550,model,Extracted from Yeast-MetaTwin model; external IDs to be filled by mapping phase.
MODEL_CMPD:0000418,s_0551,D-erythrose 4-phosphate,C4H7O7P,-2,c,,,,,,Yeast-MetaTwin,s_0551,model,Extracted from Yeast-MetaTwin model; external IDs to be filled by mapping phase.
MODEL_CMPD:0000419,s_0552,D-erythrose 4-phosphate,C4H7O7P,-2,m,,,,,,Yeast-MetaTwin,s_0552,model,Extracted from Yeast-MetaTwin model; external IDs to be filled by mapping phase.
MODEL_CMPD:0000420,s_0553,D-fructose,C6H12O6,0,c,,,,,,Yeast-MetaTwin,s_0553,model,Extracted from Yeast-MetaTwin model; external IDs to be filled by mapping phase.
MODEL_CMPD:0000421,s_0554,D-fructose,C6H12O6,0,e,,,,,,Yeast-MetaTwin,s_0554,model,Extracted from Yeast-MetaTwin model; external IDs to be filled by mapping phase.
MODEL_CMPD:0000422,s_0555,"D-fructose 1,6-bisphosphate",C6H10O12P2,-4,c,,,,,,Yeast-MetaTwin,s_0555,model,Extracted from Yeast-MetaTwin model; external IDs to be filled by mapping phase.
MODEL_CMPD:0000423,s_0556,D-fructose 1-phosphate,C6H11O9P,-2,c,,,,,,Yeast-MetaTwin,s_0556,model,Extracted from Yeast-MetaTwin model; external IDs to be filled by mapping phase.
MODEL_CMPD:0000424,s_0557,D-fructose 6-phosphate,C6H11O9P,-2,c,,,,,,Yeast-MetaTwin,s_0557,model,Extracted from Yeast-MetaTwin model; external IDs to be filled by mapping phase.
MODEL_CMPD:0000425,s_0558,D-galactose,C6H12O6,0,c,,,,,,Yeast-MetaTwin,s_0558,model,Extracted from Yeast-MetaTwin model; external IDs to be filled by mapping phase.
MODEL_CMPD:0000426,s_0559,D-galactose,C6H12O6,0,e,,,,,,Yeast-MetaTwin,s_0559,model,Extracted from Yeast-MetaTwin model; external IDs to be filled by mapping phase.
MODEL_CMPD:0000427,s_0560,D-galacturonate,C6H9O7,-1,e,,,,,,Yeast-MetaTwin,s_0560,model,Extracted from Yeast-MetaTwin model; external IDs to be filled by mapping phase.
MODEL_CMPD:0000428,s_0561,D-glucitol,C6H14O6,0,c,,,,,,Yeast-MetaTwin,s_0561,model,Extracted from Yeast-MetaTwin model; external IDs to be filled by mapping phase.
MODEL_CMPD:0000429,s_0562,D-glucitol,C6H14O6,0,e,,,,,,Yeast-MetaTwin,s_0562,model,Extracted from Yeast-MetaTwin model; external IDs to be filled by mapping phase.
MODEL_CMPD:0000430,s_0563,D-glucose,C6H12O6,0,c,,,,,,Yeast-MetaTwin,s_0563,model,Extracted from Yeast-MetaTwin model; external IDs to be filled by mapping phase.
MODEL_CMPD:0000431,s_0565,D-glucose,C6H12O6,0,e,,,,,,Yeast-MetaTwin,s_0565,model,Extracted from Yeast-MetaTwin model; external IDs to be filled by mapping phase.
MODEL_CMPD:0000432,s_0566,D-glucose,C6H12O6,0,v,,,,,,Yeast-MetaTwin,s_0566,model,Extracted from Yeast-MetaTwin model; external IDs to be filled by mapping phase.
MODEL_CMPD:0000433,s_0567,D-glucose 1-phosphate,C6H11O9P,-2,c,,,,,,Yeast-MetaTwin,s_0567,model,Extracted from Yeast-MetaTwin model; external IDs to be filled by mapping phase.
MODEL_CMPD:0000434,s_0568,D-glucose 6-phosphate,C6H11O9P,-2,c,,,,,,Yeast-MetaTwin,s_0568,model,Extracted from Yeast-MetaTwin model; external IDs to be filled by mapping phase.
MODEL_CMPD:0000435,s_0570,D-glyceraldehyde,C3H6O3,0,c,,,,,,Yeast-MetaTwin,s_0570,model,Extracted from Yeast-MetaTwin model; external IDs to be filled by mapping phase.
MODEL_CMPD:0000436,s_0571,D-mannose,C6H12O6,0,c,,,,,,Yeast-MetaTwin,s_0571,model,Extracted from Yeast-MetaTwin model; external IDs to be filled by mapping phase.
MODEL_CMPD:0000437,s_0572,D-mannose,C6H12O6,0,e,,,,,,Yeast-MetaTwin,s_0572,model,Extracted from Yeast-MetaTwin model; external IDs to be filled by mapping phase.
MODEL_CMPD:0000438,s_0573,D-mannose 1-phosphate,C6H11O9P,-2,c,,,,,,Yeast-MetaTwin,s_0573,model,Extracted from Yeast-MetaTwin model; external IDs to be filled by mapping phase.
MODEL_CMPD:0000439,s_0574,D-mannose 6-phosphate,C6H11O9P,-2,c,,,,,,Yeast-MetaTwin,s_0574,model,Extracted from Yeast-MetaTwin model; external IDs to be filled by mapping phase.
MODEL_CMPD:0000440,s_0575,D-ribose,C5H10O5,0,c,,,,,,Yeast-MetaTwin,s_0575,model,Extracted from Yeast-MetaTwin model; external IDs to be filled by mapping phase.
MODEL_CMPD:0000441,s_0576,D-ribose,C5H10O5,0,e,,,,,,Yeast-MetaTwin,s_0576,model,Extracted from Yeast-MetaTwin model; external IDs to be filled by mapping phase.
MODEL_CMPD:0000442,s_0577,D-ribulose 5-phosphate,C5H9O8P,-2,c,,,,,,Yeast-MetaTwin,s_0577,model,Extracted from Yeast-MetaTwin model; external IDs to be filled by mapping phase.
MODEL_CMPD:0000443,s_0578,D-xylose,C5H10O5,0,c,,,,,,Yeast-MetaTwin,s_0578,model,Extracted from Yeast-MetaTwin model; external IDs to be filled by mapping phase.
MODEL_CMPD:0000444,s_0579,D-xylose,C5H10O5,0,e,,,,,,Yeast-MetaTwin,s_0579,model,Extracted from Yeast-MetaTwin model; external IDs to be filled by mapping phase.
MODEL_CMPD:0000445,s_0580,D-xylulose,C5H10O5,0,c,,,,,,Yeast-MetaTwin,s_0580,model,Extracted from Yeast-MetaTwin model; external IDs to be filled by mapping phase.
MODEL_CMPD:0000446,s_0581,D-xylulose 5-phosphate,C5H9O8P,-2,c,,,,,,Yeast-MetaTwin,s_0581,model,Extracted from Yeast-MetaTwin model; external IDs to be filled by mapping phase.
MODEL_CMPD:0000447,s_0582,dADP,C10H12N5O9P2,-3,c,,,,,,Yeast-MetaTwin,s_0582,model,Extracted from Yeast-MetaTwin model; external IDs to be filled by mapping phase.
MODEL_CMPD:0000448,s_0583,dADP,C10H12N5O9P2,-3,n,,,,,,Yeast-MetaTwin,s_0583,model,Extracted from Yeast-MetaTwin model; external IDs to be filled by mapping phase.
MODEL_CMPD:0000449,s_0584,dAMP,C10H12N5O6P,-2,c,,,,,,Yeast-MetaTwin,s_0584,model,Extracted from Yeast-MetaTwin model; external IDs to be filled by mapping phase.
MODEL_CMPD:0000450,s_0585,dAMP,C10H12N5O6P,-2,m,,,,,,Yeast-MetaTwin,s_0585,model,Extracted from Yeast-MetaTwin model; external IDs to be filled by mapping phase.
MODEL_CMPD:0000451,s_0586,dATP,C10H12N5O12P3,-4,c,,,,,,Yeast-MetaTwin,s_0586,model,Extracted from Yeast-MetaTwin model; external IDs to be filled by mapping phase.
MODEL_CMPD:0000452,s_0587,dCDP,C9H12N3O10P2,-3,c,,,,,,Yeast-MetaTwin,s_0587,model,Extracted from Yeast-MetaTwin model; external IDs to be filled by mapping phase.
MODEL_CMPD:0000453,s_0588,dCDP,C9H12N3O10P2,-3,n,,,,,,Yeast-MetaTwin,s_0588,model,Extracted from Yeast-MetaTwin model; external IDs to be filled by mapping phase.
MODEL_CMPD:0000454,s_0589,dCMP,C9H12N3O7P,-2,c,,,,,,Yeast-MetaTwin,s_0589,model,Extracted from Yeast-MetaTwin model; external IDs to be filled by mapping phase.
MODEL_CMPD:0000455,s_0590,dCTP,C9H12N3O13P3,-4,c,,,,,,Yeast-MetaTwin,s_0590,model,Extracted from Yeast-MetaTwin model; external IDs to be filled by mapping phase.
MODEL_CMPD:0000456,s_0591,deamido-NAD(+),C21H24N6O15P2,-2,c,,,,,,Yeast-MetaTwin,s_0591,model,Extracted from Yeast-MetaTwin model; external IDs to be filled by mapping phase.
MODEL_CMPD:0000457,s_0593,deamido-NAD(+),C21H24N6O15P2,-2,n,,,,,,Yeast-MetaTwin,s_0593,model,Extracted from Yeast-MetaTwin model; external IDs to be filled by mapping phase.
MODEL_CMPD:0000458,s_0595,decanoate,C10H19O2,-1,c,,,,,,Yeast-MetaTwin,s_0595,model,Extracted from Yeast-MetaTwin model; external IDs to be filled by mapping phase.
MODEL_CMPD:0000459,s_0597,decanoate,C10H19O2,-1,e,,,,,,Yeast-MetaTwin,s_0597,model,Extracted from Yeast-MetaTwin model; external IDs to be filled by mapping phase.
MODEL_CMPD:0000460,s_0600,decanoate,C10H19O2,-1,p,,,,,,Yeast-MetaTwin,s_0600,model,Extracted from Yeast-MetaTwin model; external IDs to be filled by mapping phase.
MODEL_CMPD:0000461,s_0605,decanoyl-CoA,C31H50N7O17P3S,-4,p,,,,,,Yeast-MetaTwin,s_0605,model,Extracted from Yeast-MetaTwin model; external IDs to be filled by mapping phase.
MODEL_CMPD:0000462,s_0606,decaprenyl diphosphate,C50H81O7P2,-3,lp,,,,,,Yeast-MetaTwin,s_0606,model,Extracted from Yeast-MetaTwin model; external IDs to be filled by mapping phase.
MODEL_CMPD:0000463,s_0607,"dehydro-D-arabinono-1,4-lactone",C5H5O5,-1,c,,,,,,Yeast-MetaTwin,s_0607,model,Extracted from Yeast-MetaTwin model; external IDs to be filled by mapping phase.
MODEL_CMPD:0000464,s_0608,"Delta(6)-trans,Delta(8)-cis-leukotriene B4",C20H31O4,-1,c,,,,,,Yeast-MetaTwin,s_0608,model,Extracted from Yeast-MetaTwin model; external IDs to be filled by mapping phase.
MODEL_CMPD:0000465,s_0609,"Delta(6)-trans,Delta(8)-cis-leukotriene B4",C20H31O4,-1,n,,,,,,Yeast-MetaTwin,s_0609,model,Extracted from Yeast-MetaTwin model; external IDs to be filled by mapping phase.
MODEL_CMPD:0000466,s_0610,deoxycytidine,C9H13N3O4,0,c,,,,,,Yeast-MetaTwin,s_0610,model,Extracted from Yeast-MetaTwin model; external IDs to be filled by mapping phase.
MODEL_CMPD:0000467,s_0611,deoxycytidine,C9H13N3O4,0,e,,,,,,Yeast-MetaTwin,s_0611,model,Extracted from Yeast-MetaTwin model; external IDs to be filled by mapping phase.
MODEL_CMPD:0000468,s_0612,dethiobiotin,C10H17N2O3,-1,c,,,,,,Yeast-MetaTwin,s_0612,model,Extracted from Yeast-MetaTwin model; external IDs to be filled by mapping phase.
MODEL_CMPD:0000469,s_0613,dGDP,C10H12N5O10P2,-3,c,,,,,,Yeast-MetaTwin,s_0613,model,Extracted from Yeast-MetaTwin model; external IDs to be filled by mapping phase.
MODEL_CMPD:0000470,s_0614,dGDP,C10H12N5O10P2,-3,n,,,,,,Yeast-MetaTwin,s_0614,model,Extracted from Yeast-MetaTwin model; external IDs to be filled by mapping phase.
MODEL_CMPD:0000471,s_0615,dGMP,C10H12N5O7P,-2,c,,,,,,Yeast-MetaTwin,s_0615,model,Extracted from Yeast-MetaTwin model; external IDs to be filled by mapping phase.
MODEL_CMPD:0000472,s_0616,dGMP,C10H12N5O7P,-2,m,,,,,,Yeast-MetaTwin,s_0616,model,Extracted from Yeast-MetaTwin model; external IDs to be filled by mapping phase.
MODEL_CMPD:0000473,s_0617,dGTP,C10H12N5O13P3,-4,c,,,,,,Yeast-MetaTwin,s_0617,model,Extracted from Yeast-MetaTwin model; external IDs to be filled by mapping phase.
MODEL_CMPD:0000474,s_0618,dIDP,C10H11N4O10P2,-3,c,,,,,,Yeast-MetaTwin,s_0618,model,Extracted from Yeast-MetaTwin model; external IDs to be filled by mapping phase.
MODEL_CMPD:0000475,s_0620,diglyceride backbone,C3H4O,,er,,,,,,Yeast-MetaTwin,s_0620,model,Extracted from Yeast-MetaTwin model; external IDs to be filled by mapping phase.
MODEL_CMPD:0000476,s_0625,dihydrofolic acid,C19H19N7O6,-2,c,,,,,,Yeast-MetaTwin,s_0625,model,Extracted from Yeast-MetaTwin model; external IDs to be filled by mapping phase.
MODEL_CMPD:0000477,s_0626,dihydrofolic acid,C19H19N7O6,-2,m,,,,,,Yeast-MetaTwin,s_0626,model,Extracted from Yeast-MetaTwin model; external IDs to be filled by mapping phase.
MODEL_CMPD:0000478,s_0627,dihydrolipoamide,C8H17NOS2,0,m,,,,,,Yeast-MetaTwin,s_0627,model,Extracted from Yeast-MetaTwin model; external IDs to be filled by mapping phase.
MODEL_CMPD:0000479,s_0628,dihydrolipoylprotein,C8H16NOS2R,0,m,,,,,,Yeast-MetaTwin,s_0628,model,Extracted from Yeast-MetaTwin model; external IDs to be filled by mapping phase.
MODEL_CMPD:0000480,s_0629,dihydroxyacetone phosphate,C3H5O6P,-2,c,,,,,,Yeast-MetaTwin,s_0629,model,Extracted from Yeast-MetaTwin model; external IDs to be filled by mapping phase.
MODEL_CMPD:0000481,s_0631,dihydroxyacetone phosphate,C3H5O6P,-2,lp,,,,,,Yeast-MetaTwin,s_0631,model,Extracted from Yeast-MetaTwin model; external IDs to be filled by mapping phase.
MODEL_CMPD:0000482,s_0632,dihydroxyacetone phosphate,C3H5O6P,-2,m,,,,,,Yeast-MetaTwin,s_0632,model,Extracted from Yeast-MetaTwin model; external IDs to be filled by mapping phase.
MODEL_CMPD:0000483,s_0633,diphosphate,HO7P2,-3,c,,,,,,Yeast-MetaTwin,s_0633,model,Extracted from Yeast-MetaTwin model; external IDs to be filled by mapping phase.
MODEL_CMPD:0000484,s_0635,diphosphate,HO7P2,-3,lp,,,,,,Yeast-MetaTwin,s_0635,model,Extracted from Yeast-MetaTwin model; external IDs to be filled by mapping phase.
MODEL_CMPD:0000485,s_0636,diphosphate,HO7P2,-3,m,,,,,,Yeast-MetaTwin,s_0636,model,Extracted from Yeast-MetaTwin model; external IDs to be filled by mapping phase.
MODEL_CMPD:0000486,s_0637,diphosphate,HO7P2,-3,n,,,,,,Yeast-MetaTwin,s_0637,model,Extracted from Yeast-MetaTwin model; external IDs to be filled by mapping phase.
MODEL_CMPD:0000487,s_0638,diphosphate,HO7P2,-3,p,,,,,,Yeast-MetaTwin,s_0638,model,Extracted from Yeast-MetaTwin model; external IDs to be filled by mapping phase.
MODEL_CMPD:0000488,s_0639,dITP,C10H11N4O13P3,-4,c,,,,,,Yeast-MetaTwin,s_0639,model,Extracted from Yeast-MetaTwin model; external IDs to be filled by mapping phase.
MODEL_CMPD:0000489,s_0640,docosaprenyl diphosphate,C110H177O7P2,-3,lp,,,,,,Yeast-MetaTwin,s_0640,model,Extracted from Yeast-MetaTwin model; external IDs to be filled by mapping phase.
MODEL_CMPD:0000490,s_0641,dodecaprenyl diphosphate,C60H97O7P2,-3,lp,,,,,,Yeast-MetaTwin,s_0641,model,Extracted from Yeast-MetaTwin model; external IDs to be filled by mapping phase.
MODEL_CMPD:0000491,s_0642,dolichol,C20H36O,0,c,,,,,,Yeast-MetaTwin,s_0642,model,Extracted from Yeast-MetaTwin model; external IDs to be filled by mapping phase.
MODEL_CMPD:0000492,s_0644,dolichyl D-mannosyl phosphate,C26H47O9P,0,er,,,,,,Yeast-MetaTwin,s_0644,model,Extracted from Yeast-MetaTwin model; external IDs to be filled by mapping phase.
MODEL_CMPD:0000493,s_0645,dolichyl phosphate,C20H37O4P,0,c,,,,,,Yeast-MetaTwin,s_0645,model,Extracted from Yeast-MetaTwin model; external IDs to be filled by mapping phase.
MODEL_CMPD:0000494,s_0646,dolichyl phosphate,C20H37O4P,0,er,,,,,,Yeast-MetaTwin,s_0646,model,Extracted from Yeast-MetaTwin model; external IDs to be filled by mapping phase.
MODEL_CMPD:0000495,s_0647,dTDP,C10H13N2O11P2,-3,c,,,,,,Yeast-MetaTwin,s_0647,model,Extracted from Yeast-MetaTwin model; external IDs to be filled by mapping phase.
MODEL_CMPD:0000496,s_0649,dTMP,C10H13N2O8P,-2,c,,,,,,Yeast-MetaTwin,s_0649,model,Extracted from Yeast-MetaTwin model; external IDs to be filled by mapping phase.
MODEL_CMPD:0000497,s_0650,dTTP,C10H13N2O14P3,-4,c,,,,,,Yeast-MetaTwin,s_0650,model,Extracted from Yeast-MetaTwin model; external IDs to be filled by mapping phase.
MODEL_CMPD:0000498,s_0651,dTTP,C10H13N2O14P3,-4,e,,,,,,Yeast-MetaTwin,s_0651,model,Extracted from Yeast-MetaTwin model; external IDs to be filled by mapping phase.
MODEL_CMPD:0000499,s_0652,dUDP,C9H11N2O11P2,-3,c,,,,,,Yeast-MetaTwin,s_0652,model,Extracted from Yeast-MetaTwin model; external IDs to be filled by mapping phase.
MODEL_CMPD:0000500,s_0653,dUDP,C9H11N2O11P2,-3,n,,,,,,Yeast-MetaTwin,s_0653,model,Extracted from Yeast-MetaTwin model; external IDs to be filled by mapping phase.
MODEL_CMPD:0000501,s_0654,dUMP,C9H11N2O8P,-2,c,,,,,,Yeast-MetaTwin,s_0654,model,Extracted from Yeast-MetaTwin model; external IDs to be filled by mapping phase.
MODEL_CMPD:0000502,s_0655,dUMP,C9H11N2O8P,-2,n,,,,,,Yeast-MetaTwin,s_0655,model,Extracted from Yeast-MetaTwin model; external IDs to be filled by mapping phase.
MODEL_CMPD:0000503,s_0656,dUTP,C9H11N2O14P3,-4,c,,,,,,Yeast-MetaTwin,s_0656,model,Extracted from Yeast-MetaTwin model; external IDs to be filled by mapping phase.
MODEL_CMPD:0000504,s_0657,episterol,C28H46O,0,c,,,,,,Yeast-MetaTwin,s_0657,model,Extracted from Yeast-MetaTwin model; external IDs to be filled by mapping phase.
MODEL_CMPD:0000505,s_0659,episterol,C28H46O,0,e,,,,,,Yeast-MetaTwin,s_0659,model,Extracted from Yeast-MetaTwin model; external IDs to be filled by mapping phase.
MODEL_CMPD:0000506,s_0662,"ergosta-5,7,22,24(28)-tetraen-3beta-ol",C28H42O,0,c,,,,,,Yeast-MetaTwin,s_0662,model,Extracted from Yeast-MetaTwin model; external IDs to be filled by mapping phase.
MODEL_CMPD:0000507,s_0663,"ergosta-5,7,22,24(28)-tetraen-3beta-ol",C28H42O,0,er,,,,,,Yeast-MetaTwin,s_0663,model,Extracted from Yeast-MetaTwin model; external IDs to be filled by mapping phase.
MODEL_CMPD:0000508,s_0664,"ergosta-5,7,24(28)-trien-3beta-ol",C28H44O,0,c,,,,,,Yeast-MetaTwin,s_0664,model,Extracted from Yeast-MetaTwin model; external IDs to be filled by mapping phase.
MODEL_CMPD:0000509,s_0665,ergosterol,C28H44O,0,ce,,,,,,Yeast-MetaTwin,s_0665,model,Extracted from Yeast-MetaTwin model; external IDs to be filled by mapping phase.
MODEL_CMPD:0000510,s_0666,ergosterol,C28H44O,0,c,,,,,,Yeast-MetaTwin,s_0666,model,Extracted from Yeast-MetaTwin model; external IDs to be filled by mapping phase.
MODEL_CMPD:0000511,s_0667,ergosterol,C28H44O,0,er,,,,,,Yeast-MetaTwin,s_0667,model,Extracted from Yeast-MetaTwin model; external IDs to be filled by mapping phase.
MODEL_CMPD:0000512,s_0668,ergosterol,C28H44O,0,e,,,,,,Yeast-MetaTwin,s_0668,model,Extracted from Yeast-MetaTwin model; external IDs to be filled by mapping phase.
MODEL_CMPD:0000513,s_0669,ergosterol,C28H44O,0,lp,,,,,,Yeast-MetaTwin,s_0669,model,Extracted from Yeast-MetaTwin model; external IDs to be filled by mapping phase.
MODEL_CMPD:0000514,s_0670,ergosterol 3-beta-D-glucoside,C34H54O6,0,c,,,,,,Yeast-MetaTwin,s_0670,model,Extracted from Yeast-MetaTwin model; external IDs to be filled by mapping phase.
MODEL_CMPD:0000515,s_0672,ergosterol ester backbone,C28H42,0,c,,,,,,Yeast-MetaTwin,s_0672,model,Extracted from Yeast-MetaTwin model; external IDs to be filled by mapping phase.
MODEL_CMPD:0000516,s_0677,erythro-4-hydroxy-L-glutamic acid,C5H8NO5,-1,c,,,,,,Yeast-MetaTwin,s_0677,model,Extracted from Yeast-MetaTwin model; external IDs to be filled by mapping phase.
MODEL_CMPD:0000517,s_0678,erythro-4-hydroxy-L-glutamic acid,C5H8NO5,-1,m,,,,,,Yeast-MetaTwin,s_0678,model,Extracted from Yeast-MetaTwin model; external IDs to be filled by mapping phase.
MODEL_CMPD:0000518,s_0679,erythro-4-hydroxy-L-glutamic acid,C5H8NO5,-1,p,,,,,,Yeast-MetaTwin,s_0679,model,Extracted from Yeast-MetaTwin model; external IDs to be filled by mapping phase.
MODEL_CMPD:0000519,s_0680,ethanol,C2H6O,0,c,,,,,,Yeast-MetaTwin,s_0680,model,Extracted from Yeast-MetaTwin model; external IDs to be filled by mapping phase.
MODEL_CMPD:0000520,s_0681,ethanol,C2H6O,0,e,,,,,,Yeast-MetaTwin,s_0681,model,Extracted from Yeast-MetaTwin model; external IDs to be filled by mapping phase.
MODEL_CMPD:0000521,s_0682,ethanol,C2H6O,0,m,,,,,,Yeast-MetaTwin,s_0682,model,Extracted from Yeast-MetaTwin model; external IDs to be filled by mapping phase.
MODEL_CMPD:0000522,s_0683,ethanolamine,C2H8NO,1,c,,,,,,Yeast-MetaTwin,s_0683,model,Extracted from Yeast-MetaTwin model; external IDs to be filled by mapping phase.
MODEL_CMPD:0000523,s_0684,ethanolamine,C2H8NO,1,e,,,,,,Yeast-MetaTwin,s_0684,model,Extracted from Yeast-MetaTwin model; external IDs to be filled by mapping phase.
MODEL_CMPD:0000524,s_0685,ethyl acetate,C4H8O2,0,c,,,,,,Yeast-MetaTwin,s_0685,model,Extracted from Yeast-MetaTwin model; external IDs to be filled by mapping phase.
MODEL_CMPD:0000525,s_0686,ethyl acetate,C4H8O2,0,e,,,,,,Yeast-MetaTwin,s_0686,model,Extracted from Yeast-MetaTwin model; external IDs to be filled by mapping phase.
MODEL_CMPD:0000526,s_0687,FAD,C27H30N9O15P2,-3,c,,,,,,Yeast-MetaTwin,s_0687,model,Extracted from Yeast-MetaTwin model; external IDs to be filled by mapping phase.
MODEL_CMPD:0000527,s_0688,FAD,C27H30N9O15P2,-3,m,,,,,,Yeast-MetaTwin,s_0688,model,Extracted from Yeast-MetaTwin model; external IDs to be filled by mapping phase.
MODEL_CMPD:0000528,s_0689,FADH2,C27H33N9O15P2,-2,c,,,,,,Yeast-MetaTwin,s_0689,model,Extracted from Yeast-MetaTwin model; external IDs to be filled by mapping phase.
MODEL_CMPD:0000529,s_0690,FADH2,C27H33N9O15P2,-2,m,,,,,,Yeast-MetaTwin,s_0690,model,Extracted from Yeast-MetaTwin model; external IDs to be filled by mapping phase.
MODEL_CMPD:0000530,s_0692,farnesyl diphosphate,C15H25O7P2,-3,lp,,,,,,Yeast-MetaTwin,s_0692,model,Extracted from Yeast-MetaTwin model; external IDs to be filled by mapping phase.
MODEL_CMPD:0000531,s_0694,fatty acid backbone,,0,c,,,,,,Yeast-MetaTwin,s_0694,model,Extracted from Yeast-MetaTwin model; external IDs to be filled by mapping phase.
MODEL_CMPD:0000532,s_0699,fecosterol,C28H46O,0,ce,,,,,,Yeast-MetaTwin,s_0699,model,Extracted from Yeast-MetaTwin model; external IDs to be filled by mapping phase.
MODEL_CMPD:0000533,s_0700,fecosterol,C28H46O,0,c,,,,,,Yeast-MetaTwin,s_0700,model,Extracted from Yeast-MetaTwin model; external IDs to be filled by mapping phase.
MODEL_CMPD:0000534,s_0702,fecosterol,C28H46O,0,e,,,,,,Yeast-MetaTwin,s_0702,model,Extracted from Yeast-MetaTwin model; external IDs to be filled by mapping phase.
MODEL_CMPD:0000535,s_0703,fecosterol,C28H46O,0,lp,,,,,,Yeast-MetaTwin,s_0703,model,Extracted from Yeast-MetaTwin model; external IDs to be filled by mapping phase.
MODEL_CMPD:0000536,s_0709,ferricytochrome c,C42H44FeN8O8S2R4,0,m,,,,,,Yeast-MetaTwin,s_0709,model,Extracted from Yeast-MetaTwin model; external IDs to be filled by mapping phase.
MODEL_CMPD:0000537,s_0710,ferrocytochrome c,C42H45FeN8O8S2R4,0,m,,,,,,Yeast-MetaTwin,s_0710,model,Extracted from Yeast-MetaTwin model; external IDs to be filled by mapping phase.
MODEL_CMPD:0000538,s_0712,ferroheme b,C34H30FeN4O4,-2,m,,,,,,Yeast-MetaTwin,s_0712,model,Extracted from Yeast-MetaTwin model; external IDs to be filled by mapping phase.
MODEL_CMPD:0000539,s_0713,fMet-tRNA(fMet),C6H10NO2SR,0,m,,,,,,Yeast-MetaTwin,s_0713,model,Extracted from Yeast-MetaTwin model; external IDs to be filled by mapping phase.
MODEL_CMPD:0000540,s_0714,FMN,C17H18N4O9P,-3,c,,,,,,Yeast-MetaTwin,s_0714,model,Extracted from Yeast-MetaTwin model; external IDs to be filled by mapping phase.
MODEL_CMPD:0000541,s_0715,FMN,C17H18N4O9P,-3,e,,,,,,Yeast-MetaTwin,s_0715,model,Extracted from Yeast-MetaTwin model; external IDs to be filled by mapping phase.
MODEL_CMPD:0000542,s_0716,FMN,C17H18N4O9P,-3,m,,,,,,Yeast-MetaTwin,s_0716,model,Extracted from Yeast-MetaTwin model; external IDs to be filled by mapping phase.
MODEL_CMPD:0000543,s_0717,FMNH2,C17H21N4O9P,-2,c,,,,,,Yeast-MetaTwin,s_0717,model,Extracted from Yeast-MetaTwin model; external IDs to be filled by mapping phase.
MODEL_CMPD:0000544,s_0719,folate,C19H17N7O6,-2,c,,,,,,Yeast-MetaTwin,s_0719,model,Extracted from Yeast-MetaTwin model; external IDs to be filled by mapping phase.
MODEL_CMPD:0000545,s_0720,folate,C19H17N7O6,-2,e,,,,,,Yeast-MetaTwin,s_0720,model,Extracted from Yeast-MetaTwin model; external IDs to be filled by mapping phase.
MODEL_CMPD:0000546,s_0721,formaldehyde,CH2O,0,c,,,,,,Yeast-MetaTwin,s_0721,model,Extracted from Yeast-MetaTwin model; external IDs to be filled by mapping phase.
MODEL_CMPD:0000547,s_0722,formate,CHO2,-1,c,,,,,,Yeast-MetaTwin,s_0722,model,Extracted from Yeast-MetaTwin model; external IDs to be filled by mapping phase.
MODEL_CMPD:0000548,s_0723,formate,CHO2,-1,e,,,,,,Yeast-MetaTwin,s_0723,model,Extracted from Yeast-MetaTwin model; external IDs to be filled by mapping phase.
MODEL_CMPD:0000549,s_0724,formate,CHO2,-1,m,,,,,,Yeast-MetaTwin,s_0724,model,Extracted from Yeast-MetaTwin model; external IDs to be filled by mapping phase.
MODEL_CMPD:0000550,s_0725,fumarate,C4H2O4,-2,c,,,,,,Yeast-MetaTwin,s_0725,model,Extracted from Yeast-MetaTwin model; external IDs to be filled by mapping phase.
MODEL_CMPD:0000551,s_0726,fumarate,C4H2O4,-2,e,,,,,,Yeast-MetaTwin,s_0726,model,Extracted from Yeast-MetaTwin model; external IDs to be filled by mapping phase.
MODEL_CMPD:0000552,s_0727,fumarate,C4H2O4,-2,m,,,,,,Yeast-MetaTwin,s_0727,model,Extracted from Yeast-MetaTwin model; external IDs to be filled by mapping phase.
MODEL_CMPD:0000553,s_0734,gamma-aminobutyrate,C4H9NO2,0,c,,,,,,Yeast-MetaTwin,s_0734,model,Extracted from Yeast-MetaTwin model; external IDs to be filled by mapping phase.
MODEL_CMPD:0000554,s_0736,gamma-aminobutyrate,C4H9NO2,0,e,,,,,,Yeast-MetaTwin,s_0736,model,Extracted from Yeast-MetaTwin model; external IDs to be filled by mapping phase.
MODEL_CMPD:0000555,s_0738,gamma-aminobutyrate,C4H9NO2,0,m,,,,,,Yeast-MetaTwin,s_0738,model,Extracted from Yeast-MetaTwin model; external IDs to be filled by mapping phase.
MODEL_CMPD:0000556,s_0739,GDP,C10H12N5O11P2,-3,c,,,,,,Yeast-MetaTwin,s_0739,model,Extracted from Yeast-MetaTwin model; external IDs to be filled by mapping phase.
MODEL_CMPD:0000557,s_0740,GDP,C10H12N5O11P2,-3,g,,,,,,Yeast-MetaTwin,s_0740,model,Extracted from Yeast-MetaTwin model; external IDs to be filled by mapping phase.
MODEL_CMPD:0000558,s_0741,GDP,C10H12N5O11P2,-3,m,,,,,,Yeast-MetaTwin,s_0741,model,Extracted from Yeast-MetaTwin model; external IDs to be filled by mapping phase.
MODEL_CMPD:0000559,s_0742,GDP,C10H12N5O11P2,-3,n,,,,,,Yeast-MetaTwin,s_0742,model,Extracted from Yeast-MetaTwin model; external IDs to be filled by mapping phase.
MODEL_CMPD:0000560,s_0743,GDP-alpha-D-mannose,C16H23N5O16P2,-2,c,,,,,,Yeast-MetaTwin,s_0743,model,Extracted from Yeast-MetaTwin model; external IDs to be filled by mapping phase.
MODEL_CMPD:0000561,s_0744,GDP-alpha-D-mannose,C16H23N5O16P2,-2,g,,,,,,Yeast-MetaTwin,s_0744,model,Extracted from Yeast-MetaTwin model; external IDs to be filled by mapping phase.
MODEL_CMPD:0000562,s_0745,geranyl diphosphate,C10H17O7P2,-3,c,,,,,,Yeast-MetaTwin,s_0745,model,Extracted from Yeast-MetaTwin model; external IDs to be filled by mapping phase.
MODEL_CMPD:0000563,s_0746,geranylgeranyl diphosphate,C20H33O7P2,-3,lp,,,,,,Yeast-MetaTwin,s_0746,model,Extracted from Yeast-MetaTwin model; external IDs to be filled by mapping phase.
MODEL_CMPD:0000564,s_0747,Gln-tRNA(Gln),C5H10N2O2R,1,c,,,,,,Yeast-MetaTwin,s_0747,model,Extracted from Yeast-MetaTwin model; external IDs to be filled by mapping phase.
MODEL_CMPD:0000565,s_0748,Glu-tRNA(Glu),C5H8NO3R,0,c,,,,,,Yeast-MetaTwin,s_0748,model,Extracted from Yeast-MetaTwin model; external IDs to be filled by mapping phase.
MODEL_CMPD:0000566,s_0749,Glu-tRNA(Glu),C5H8NO3R,0,m,,,,,,Yeast-MetaTwin,s_0749,model,Extracted from Yeast-MetaTwin model; external IDs to be filled by mapping phase.
MODEL_CMPD:0000567,s_0750,glutathione,C10H16N3O6S,-1,c,,,,,,Yeast-MetaTwin,s_0750,model,Extracted from Yeast-MetaTwin model; external IDs to be filled by mapping phase.
MODEL_CMPD:0000568,s_0751,glutathione,C10H16N3O6S,-1,e,,,,,,Yeast-MetaTwin,s_0751,model,Extracted from Yeast-MetaTwin model; external IDs to be filled by mapping phase.
MODEL_CMPD:0000569,s_0752,glutathione,C10H16N3O6S,-1,m,,,,,,Yeast-MetaTwin,s_0752,model,Extracted from Yeast-MetaTwin model; external IDs to be filled by mapping phase.
MODEL_CMPD:0000570,s_0753,glutathione,C10H16N3O6S,-1,v,,,,,,Yeast-MetaTwin,s_0753,model,Extracted from Yeast-MetaTwin model; external IDs to be filled by mapping phase.
MODEL_CMPD:0000571,s_0754,glutathione disulfide,C20H30N6O12S2,-2,c,,,,,,Yeast-MetaTwin,s_0754,model,Extracted from Yeast-MetaTwin model; external IDs to be filled by mapping phase.
MODEL_CMPD:0000572,s_0755,glutathione disulfide,C20H30N6O12S2,-2,e,,,,,,Yeast-MetaTwin,s_0755,model,Extracted from Yeast-MetaTwin model; external IDs to be filled by mapping phase.
MODEL_CMPD:0000573,s_0756,glutathione disulfide,C20H30N6O12S2,-2,m,,,,,,Yeast-MetaTwin,s_0756,model,Extracted from Yeast-MetaTwin model; external IDs to be filled by mapping phase.
MODEL_CMPD:0000574,s_0757,Gly-tRNA(Gly),C2H5NOR,1,c,,,,,,Yeast-MetaTwin,s_0757,model,Extracted from Yeast-MetaTwin model; external IDs to be filled by mapping phase.
MODEL_CMPD:0000575,s_0764,glyceraldehyde 3-phosphate,C3H5O6P,-2,c,,,,,,Yeast-MetaTwin,s_0764,model,Extracted from Yeast-MetaTwin model; external IDs to be filled by mapping phase.
MODEL_CMPD:0000576,s_0765,glycerol,C3H8O3,0,c,,,,,,Yeast-MetaTwin,s_0765,model,Extracted from Yeast-MetaTwin model; external IDs to be filled by mapping phase.
MODEL_CMPD:0000577,s_0766,glycerol,C3H8O3,0,e,,,,,,Yeast-MetaTwin,s_0766,model,Extracted from Yeast-MetaTwin model; external IDs to be filled by mapping phase.
MODEL_CMPD:0000578,s_0767,glycerol 3-phosphate,C3H7O6P,-2,c,,,,,,Yeast-MetaTwin,s_0767,model,Extracted from Yeast-MetaTwin model; external IDs to be filled by mapping phase.
MODEL_CMPD:0000579,s_0769,glycerol 3-phosphate,C3H7O6P,-2,lp,,,,,,Yeast-MetaTwin,s_0769,model,Extracted from Yeast-MetaTwin model; external IDs to be filled by mapping phase.
MODEL_CMPD:0000580,s_0770,glycerol 3-phosphate,C3H7O6P,-2,m,,,,,,Yeast-MetaTwin,s_0770,model,Extracted from Yeast-MetaTwin model; external IDs to be filled by mapping phase.
MODEL_CMPD:0000581,s_0771,glycerone,C3H6O3,0,c,,,,,,Yeast-MetaTwin,s_0771,model,Extracted from Yeast-MetaTwin model; external IDs to be filled by mapping phase.
MODEL_CMPD:0000582,s_0773,glycogen,C6H10O5,0,c,,,,,,Yeast-MetaTwin,s_0773,model,Extracted from Yeast-MetaTwin model; external IDs to be filled by mapping phase.
MODEL_CMPD:0000583,s_0774,glycogen,C6H10O5,0,v,,,,,,Yeast-MetaTwin,s_0774,model,Extracted from Yeast-MetaTwin model; external IDs to be filled by mapping phase.
MODEL_CMPD:0000584,s_0775,glycolaldehyde,C2H4O2,0,c,,,,,,Yeast-MetaTwin,s_0775,model,Extracted from Yeast-MetaTwin model; external IDs to be filled by mapping phase.
MODEL_CMPD:0000585,s_0776,glycolaldehyde,C2H4O2,0,e,,,,,,Yeast-MetaTwin,s_0776,model,Extracted from Yeast-MetaTwin model; external IDs to be filled by mapping phase.
MODEL_CMPD:0000586,s_0777,glycolaldehyde,C2H4O2,0,m,,,,,,Yeast-MetaTwin,s_0777,model,Extracted from Yeast-MetaTwin model; external IDs to be filled by mapping phase.
MODEL_CMPD:0000587,s_0779,glyoxylate,C2HO3,-1,c,,,,,,Yeast-MetaTwin,s_0779,model,Extracted from Yeast-MetaTwin model; external IDs to be filled by mapping phase.
MODEL_CMPD:0000588,s_0780,glyoxylate,C2HO3,-1,e,,,,,,Yeast-MetaTwin,s_0780,model,Extracted from Yeast-MetaTwin model; external IDs to be filled by mapping phase.
MODEL_CMPD:0000589,s_0781,glyoxylate,C2HO3,-1,p,,,,,,Yeast-MetaTwin,s_0781,model,Extracted from Yeast-MetaTwin model; external IDs to be filled by mapping phase.
MODEL_CMPD:0000590,s_0782,GMP,C10H12N5O8P,-2,c,,,,,,Yeast-MetaTwin,s_0782,model,Extracted from Yeast-MetaTwin model; external IDs to be filled by mapping phase.
MODEL_CMPD:0000591,s_0783,GMP,C10H12N5O8P,-2,g,,,,,,Yeast-MetaTwin,s_0783,model,Extracted from Yeast-MetaTwin model; external IDs to be filled by mapping phase.
MODEL_CMPD:0000592,s_0785,GTP,C10H12N5O14P3,-4,c,,,,,,Yeast-MetaTwin,s_0785,model,Extracted from Yeast-MetaTwin model; external IDs to be filled by mapping phase.
MODEL_CMPD:0000593,s_0786,GTP,C10H12N5O14P3,-4,m,,,,,,Yeast-MetaTwin,s_0786,model,Extracted from Yeast-MetaTwin model; external IDs to be filled by mapping phase.
MODEL_CMPD:0000594,s_0787,guanine,C5H5N5O,0,c,,,,,,Yeast-MetaTwin,s_0787,model,Extracted from Yeast-MetaTwin model; external IDs to be filled by mapping phase.
MODEL_CMPD:0000595,s_0788,guanine,C5H5N5O,0,e,,,,,,Yeast-MetaTwin,s_0788,model,Extracted from Yeast-MetaTwin model; external IDs to be filled by mapping phase.
MODEL_CMPD:0000596,s_0789,guanine,C5H5N5O,0,m,,,,,,Yeast-MetaTwin,s_0789,model,Extracted from Yeast-MetaTwin model; external IDs to be filled by mapping phase.
MODEL_CMPD:0000597,s_0790,guanosine,C10H13N5O5,0,c,,,,,,Yeast-MetaTwin,s_0790,model,Extracted from Yeast-MetaTwin model; external IDs to be filled by mapping phase.
MODEL_CMPD:0000598,s_0791,guanosine,C10H13N5O5,0,e,,,,,,Yeast-MetaTwin,s_0791,model,Extracted from Yeast-MetaTwin model; external IDs to be filled by mapping phase.
MODEL_CMPD:0000599,s_0792,guanosine,C10H13N5O5,0,m,,,,,,Yeast-MetaTwin,s_0792,model,Extracted from Yeast-MetaTwin model; external IDs to be filled by mapping phase.
MODEL_CMPD:0000600,s_0793,H+,H,1,ce,,,,,,Yeast-MetaTwin,s_0793,model,Extracted from Yeast-MetaTwin model; external IDs to be filled by mapping phase.
MODEL_CMPD:0000601,s_0794,H+,H,1,c,,,,,,Yeast-MetaTwin,s_0794,model,Extracted from Yeast-MetaTwin model; external IDs to be filled by mapping phase.
MODEL_CMPD:0000602,s_0795,H+,H,1,er,,,,,,Yeast-MetaTwin,s_0795,model,Extracted from Yeast-MetaTwin model; external IDs to be filled by mapping phase.
MODEL_CMPD:0000603,s_0796,H+,H,1,e,,,,,,Yeast-MetaTwin,s_0796,model,Extracted from Yeast-MetaTwin model; external IDs to be filled by mapping phase.
MODEL_CMPD:0000604,s_0797,H+,H,1,g,,,,,,Yeast-MetaTwin,s_0797,model,Extracted from Yeast-MetaTwin model; external IDs to be filled by mapping phase.
MODEL_CMPD:0000605,s_0798,H+,H,1,lp,,,,,,Yeast-MetaTwin,s_0798,model,Extracted from Yeast-MetaTwin model; external IDs to be filled by mapping phase.
MODEL_CMPD:0000606,s_0799,H+,H,1,m,,,,,,Yeast-MetaTwin,s_0799,model,Extracted from Yeast-MetaTwin model; external IDs to be filled by mapping phase.
MODEL_CMPD:0000607,s_0800,H+,H,1,n,,,,,,Yeast-MetaTwin,s_0800,model,Extracted from Yeast-MetaTwin model; external IDs to be filled by mapping phase.
MODEL_CMPD:0000608,s_0801,H+,H,1,p,,,,,,Yeast-MetaTwin,s_0801,model,Extracted from Yeast-MetaTwin model; external IDs to be filled by mapping phase.
MODEL_CMPD:0000609,s_0802,H+,H,1,v,,,,,,Yeast-MetaTwin,s_0802,model,Extracted from Yeast-MetaTwin model; external IDs to be filled by mapping phase.
MODEL_CMPD:0000610,s_0803,H2O,H2O,0,c,,,,,,Yeast-MetaTwin,s_0803,model,Extracted from Yeast-MetaTwin model; external IDs to be filled by mapping phase.
MODEL_CMPD:0000611,s_0804,H2O,H2O,0,er,,,,,,Yeast-MetaTwin,s_0804,model,Extracted from Yeast-MetaTwin model; external IDs to be filled by mapping phase.
MODEL_CMPD:0000612,s_0805,H2O,H2O,0,e,,,,,,Yeast-MetaTwin,s_0805,model,Extracted from Yeast-MetaTwin model; external IDs to be filled by mapping phase.
MODEL_CMPD:0000613,s_0806,H2O,H2O,0,g,,,,,,Yeast-MetaTwin,s_0806,model,Extracted from Yeast-MetaTwin model; external IDs to be filled by mapping phase.
MODEL_CMPD:0000614,s_0807,H2O,H2O,0,m,,,,,,Yeast-MetaTwin,s_0807,model,Extracted from Yeast-MetaTwin model; external IDs to be filled by mapping phase.
MODEL_CMPD:0000615,s_0808,H2O,H2O,0,n,,,,,,Yeast-MetaTwin,s_0808,model,Extracted from Yeast-MetaTwin model; external IDs to be filled by mapping phase.
MODEL_CMPD:0000616,s_0809,H2O,H2O,0,p,,,,,,Yeast-MetaTwin,s_0809,model,Extracted from Yeast-MetaTwin model; external IDs to be filled by mapping phase.
MODEL_CMPD:0000617,s_0810,H2O,H2O,0,v,,,,,,Yeast-MetaTwin,s_0810,model,Extracted from Yeast-MetaTwin model; external IDs to be filled by mapping phase.
MODEL_CMPD:0000618,s_0811,heme a,C49H55FeN4O6,-3,m,,,,,,Yeast-MetaTwin,s_0811,model,Extracted from Yeast-MetaTwin model; external IDs to be filled by mapping phase.
MODEL_CMPD:0000619,s_0812,heme o,C49H56FeN4O5,-2,m,,,,,,Yeast-MetaTwin,s_0812,model,Extracted from Yeast-MetaTwin model; external IDs to be filled by mapping phase.
MODEL_CMPD:0000620,s_0813,henicosaprenyl diphosphate,C105H169O7P2,-3,lp,,,,,,Yeast-MetaTwin,s_0813,model,Extracted from Yeast-MetaTwin model; external IDs to be filled by mapping phase.
MODEL_CMPD:0000621,s_0814,heptadecaprenyl diphosphate,C85H137O7P2,-3,lp,,,,,,Yeast-MetaTwin,s_0814,model,Extracted from Yeast-MetaTwin model; external IDs to be filled by mapping phase.
MODEL_CMPD:0000622,s_0815,heptaprenyl diphosphate,C35H57O7P2,-3,lp,,,,,,Yeast-MetaTwin,s_0815,model,Extracted from Yeast-MetaTwin model; external IDs to be filled by mapping phase.
MODEL_CMPD:0000623,s_0816,hexacosanoyl-CoA,C47H82N7O17P3S,-4,c,,,,,,Yeast-MetaTwin,s_0816,model,Extracted from Yeast-MetaTwin model; external IDs to be filled by mapping phase.
MODEL_CMPD:0000624,s_0817,hexacosanoyl-CoA,C47H82N7O17P3S,-4,er,,,,,,Yeast-MetaTwin,s_0817,model,Extracted from Yeast-MetaTwin model; external IDs to be filled by mapping phase.
MODEL_CMPD:0000625,s_0819,hexacosanoyl-CoA,C47H82N7O17P3S,-4,p,,,,,,Yeast-MetaTwin,s_0819,model,Extracted from Yeast-MetaTwin model; external IDs to be filled by mapping phase.
MODEL_CMPD:0000626,s_0823,hexadec-2-enoyl-CoA,C37H60N7O17P3S,-4,p,,,,,,Yeast-MetaTwin,s_0823,model,Extracted from Yeast-MetaTwin model; external IDs to be filled by mapping phase.
MODEL_CMPD:0000627,s_0825,hexadecanal,C16H32O,0,er,,,,,,Yeast-MetaTwin,s_0825,model,Extracted from Yeast-MetaTwin model; external IDs to be filled by mapping phase.
MODEL_CMPD:0000628,s_0826,hexadecanal,C16H32O,0,e,,,,,,Yeast-MetaTwin,s_0826,model,Extracted from Yeast-MetaTwin model; external IDs to be filled by mapping phase.
MODEL_CMPD:0000629,s_0829,hexadecaprenyl diphosphate,C80H129O7P2,-3,lp,,,,,,Yeast-MetaTwin,s_0829,model,Extracted from Yeast-MetaTwin model; external IDs to be filled by mapping phase.
MODEL_CMPD:0000630,s_0830,hexaprenyl diphosphate,C30H49O7P2,-3,lp,,,,,,Yeast-MetaTwin,s_0830,model,Extracted from Yeast-MetaTwin model; external IDs to be filled by mapping phase.
MODEL_CMPD:0000631,s_0831,hexaprenyl diphosphate,C30H49O7P2,-3,m,,,,,,Yeast-MetaTwin,s_0831,model,Extracted from Yeast-MetaTwin model; external IDs to be filled by mapping phase.
MODEL_CMPD:0000632,s_0832,His-tRNA(His),C6H9N3OR,1,c,,,,,,Yeast-MetaTwin,s_0832,model,Extracted from Yeast-MetaTwin model; external IDs to be filled by mapping phase.
MODEL_CMPD:0000633,s_0833,His-tRNA(His),C6H9N3OR,1,m,,,,,,Yeast-MetaTwin,s_0833,model,Extracted from Yeast-MetaTwin model; external IDs to be filled by mapping phase.
MODEL_CMPD:0000634,s_0834,homocitrate,C7H7O7,-3,m,,,,,,Yeast-MetaTwin,s_0834,model,Extracted from Yeast-MetaTwin model; external IDs to be filled by mapping phase.
MODEL_CMPD:0000635,s_0835,homocitrate,C7H7O7,-3,n,,,,,,Yeast-MetaTwin,s_0835,model,Extracted from Yeast-MetaTwin model; external IDs to be filled by mapping phase.
MODEL_CMPD:0000636,s_0836,homoisocitrate,C7H7O7,-3,m,,,,,,Yeast-MetaTwin,s_0836,model,Extracted from Yeast-MetaTwin model; external IDs to be filled by mapping phase.
MODEL_CMPD:0000637,s_0837,hydrogen peroxide,H2O2,0,c,,,,,,Yeast-MetaTwin,s_0837,model,Extracted from Yeast-MetaTwin model; external IDs to be filled by mapping phase.
MODEL_CMPD:0000638,s_0838,hydrogen peroxide,H2O2,0,m,,,,,,Yeast-MetaTwin,s_0838,model,Extracted from Yeast-MetaTwin model; external IDs to be filled by mapping phase.
MODEL_CMPD:0000639,s_0839,hydrogen peroxide,H2O2,0,n,,,,,,Yeast-MetaTwin,s_0839,model,Extracted from Yeast-MetaTwin model; external IDs to be filled by mapping phase.
MODEL_CMPD:0000640,s_0840,hydrogen peroxide,H2O2,0,p,,,,,,Yeast-MetaTwin,s_0840,model,Extracted from Yeast-MetaTwin model; external IDs to be filled by mapping phase.
MODEL_CMPD:0000641,s_0841,hydrogen sulfide,HS,0,c,,,,,,Yeast-MetaTwin,s_0841,model,Extracted from Yeast-MetaTwin model; external IDs to be filled by mapping phase.
MODEL_CMPD:0000642,s_0843,hypoxanthine,C5H4N4O,0,c,,,,,,Yeast-MetaTwin,s_0843,model,Extracted from Yeast-MetaTwin model; external IDs to be filled by mapping phase.
MODEL_CMPD:0000643,s_0844,hypoxanthine,C5H4N4O,0,e,,,,,,Yeast-MetaTwin,s_0844,model,Extracted from Yeast-MetaTwin model; external IDs to be filled by mapping phase.
MODEL_CMPD:0000644,s_0845,icosaprenyl diphosphate,C100H161O7P2,-3,lp,,,,,,Yeast-MetaTwin,s_0845,model,Extracted from Yeast-MetaTwin model; external IDs to be filled by mapping phase.
MODEL_CMPD:0000645,s_0846,IDP,C10H11N4O11P2,-3,c,,,,,,Yeast-MetaTwin,s_0846,model,Extracted from Yeast-MetaTwin model; external IDs to be filled by mapping phase.
MODEL_CMPD:0000646,s_0847,Ile-tRNA(Ile),C6H13NOR,1,c,,,,,,Yeast-MetaTwin,s_0847,model,Extracted from Yeast-MetaTwin model; external IDs to be filled by mapping phase.
MODEL_CMPD:0000647,s_0848,Ile-tRNA(Ile),C6H13NOR,1,m,,,,,,Yeast-MetaTwin,s_0848,model,Extracted from Yeast-MetaTwin model; external IDs to be filled by mapping phase.
MODEL_CMPD:0000648,s_0849,IMP,C10H11N4O8P,-2,c,,,,,,Yeast-MetaTwin,s_0849,model,Extracted from Yeast-MetaTwin model; external IDs to be filled by mapping phase.
MODEL_CMPD:0000649,s_0850,indol-3-ylacetaldehyde,C10H9NO,0,c,,,,,,Yeast-MetaTwin,s_0850,model,Extracted from Yeast-MetaTwin model; external IDs to be filled by mapping phase.
MODEL_CMPD:0000650,s_0851,indol-3-ylacetaldehyde,C10H9NO,0,e,,,,,,Yeast-MetaTwin,s_0851,model,Extracted from Yeast-MetaTwin model; external IDs to be filled by mapping phase.
MODEL_CMPD:0000651,s_0852,indol-3-ylacetaldehyde,C10H9NO,0,m,,,,,,Yeast-MetaTwin,s_0852,model,Extracted from Yeast-MetaTwin model; external IDs to be filled by mapping phase.
MODEL_CMPD:0000652,s_0853,indole-3-acetate,C10H8NO2,-1,c,,,,,,Yeast-MetaTwin,s_0853,model,Extracted from Yeast-MetaTwin model; external IDs to be filled by mapping phase.
MODEL_CMPD:0000653,s_0854,indole-3-acetate,C10H8NO2,-1,m,,,,,,Yeast-MetaTwin,s_0854,model,Extracted from Yeast-MetaTwin model; external IDs to be filled by mapping phase.
MODEL_CMPD:0000654,s_0855,indole-3-pyruvate,C11H8NO3,-1,c,,,,,,Yeast-MetaTwin,s_0855,model,Extracted from Yeast-MetaTwin model; external IDs to be filled by mapping phase.
MODEL_CMPD:0000655,s_0856,inosine,C10H12N4O5,0,c,,,,,,Yeast-MetaTwin,s_0856,model,Extracted from Yeast-MetaTwin model; external IDs to be filled by mapping phase.
MODEL_CMPD:0000656,s_0857,inosine,C10H12N4O5,0,e,,,,,,Yeast-MetaTwin,s_0857,model,Extracted from Yeast-MetaTwin model; external IDs to be filled by mapping phase.
MODEL_CMPD:0000657,s_0859,inositol phosphomannosylinositol phosphoceramide backbone,C18H33NO23P2,0,g,,,,,,Yeast-MetaTwin,s_0859,model,Extracted from Yeast-MetaTwin model; external IDs to be filled by mapping phase.
MODEL_CMPD:0000658,s_0861,inositol phosphomannosylinositol phosphoceramide A (C24),C60H117NO24P2,0,er,,,,,,Yeast-MetaTwin,s_0861,model,Extracted from Yeast-MetaTwin model; external IDs to be filled by mapping phase.
MODEL_CMPD:0000659,s_0862,inositol phosphomannosylinositol phosphoceramide A (C24),C60H117NO24P2,0,g,,,,,,Yeast-MetaTwin,s_0862,model,Extracted from Yeast-MetaTwin model; external IDs to be filled by mapping phase.
MODEL_CMPD:0000660,s_0863,inositol phosphomannosylinositol phosphoceramide A (C24),C60H117NO24P2,0,m,,,,,,Yeast-MetaTwin,s_0863,model,Extracted from Yeast-MetaTwin model; external IDs to be filled by mapping phase.
MODEL_CMPD:0000661,s_0864,inositol phosphomannosylinositol phosphoceramide A (C26),C62H121NO24P2,0,er,,,,,,Yeast-MetaTwin,s_0864,model,Extracted from Yeast-MetaTwin model; external IDs to be filled by mapping phase.
MODEL_CMPD:0000662,s_0865,inositol phosphomannosylinositol phosphoceramide A (C26),C62H121NO24P2,0,g,,,,,,Yeast-MetaTwin,s_0865,model,Extracted from Yeast-MetaTwin model; external IDs to be filled by mapping phase.
MODEL_CMPD:0000663,s_0866,inositol phosphomannosylinositol phosphoceramide A (C26),C62H121NO24P2,0,m,,,,,,Yeast-MetaTwin,s_0866,model,Extracted from Yeast-MetaTwin model; external IDs to be filled by mapping phase.
MODEL_CMPD:0000664,s_0867,inositol phosphomannosylinositol phosphoceramide B (C24),C60H117NO25P2,0,er,,,,,,Yeast-MetaTwin,s_0867,model,Extracted from Yeast-MetaTwin model; external IDs to be filled by mapping phase.
MODEL_CMPD:0000665,s_0868,inositol phosphomannosylinositol phosphoceramide B (C24),C60H117NO25P2,0,g,,,,,,Yeast-MetaTwin,s_0868,model,Extracted from Yeast-MetaTwin model; external IDs to be filled by mapping phase.
MODEL_CMPD:0000666,s_0869,inositol phosphomannosylinositol phosphoceramide B (C24),C60H117NO25P2,0,m,,,,,,Yeast-MetaTwin,s_0869,model,Extracted from Yeast-MetaTwin model; external IDs to be filled by mapping phase.
MODEL_CMPD:0000667,s_0870,inositol phosphomannosylinositol phosphoceramide B (C26),C62H121NO25P2,0,er,,,,,,Yeast-MetaTwin,s_0870,model,Extracted from Yeast-MetaTwin model; external IDs to be filled by mapping phase.
MODEL_CMPD:0000668,s_0871,inositol phosphomannosylinositol phosphoceramide B (C26),C62H121NO25P2,0,g,,,,,,Yeast-MetaTwin,s_0871,model,Extracted from Yeast-MetaTwin model; external IDs to be filled by mapping phase.
MODEL_CMPD:0000669,s_0872,inositol phosphomannosylinositol phosphoceramide B (C26),C62H121NO25P2,0,m,,,,,,Yeast-MetaTwin,s_0872,model,Extracted from Yeast-MetaTwin model; external IDs to be filled by mapping phase.
MODEL_CMPD:0000670,s_0873,inositol phosphomannosylinositol phosphoceramide B' (C24),C60H117NO25P2,0,er,,,,,,Yeast-MetaTwin,s_0873,model,Extracted from Yeast-MetaTwin model; external IDs to be filled by mapping phase.
MODEL_CMPD:0000671,s_0874,inositol phosphomannosylinositol phosphoceramide B' (C24),C60H117NO25P2,0,g,,,,,,Yeast-MetaTwin,s_0874,model,Extracted from Yeast-MetaTwin model; external IDs to be filled by mapping phase.
MODEL_CMPD:0000672,s_0875,inositol phosphomannosylinositol phosphoceramide B' (C24),C60H117NO25P2,0,m,,,,,,Yeast-MetaTwin,s_0875,model,Extracted from Yeast-MetaTwin model; external IDs to be filled by mapping phase.
MODEL_CMPD:0000673,s_0876,inositol phosphomannosylinositol phosphoceramide B' (C26),C62H121NO25P2,0,er,,,,,,Yeast-MetaTwin,s_0876,model,Extracted from Yeast-MetaTwin model; external IDs to be filled by mapping phase.
MODEL_CMPD:0000674,s_0877,inositol phosphomannosylinositol phosphoceramide B' (C26),C62H121NO25P2,0,g,,,,,,Yeast-MetaTwin,s_0877,model,Extracted from Yeast-MetaTwin model; external IDs to be filled by mapping phase.
MODEL_CMPD:0000675,s_0878,inositol phosphomannosylinositol phosphoceramide B' (C26),C62H121NO25P2,0,m,,,,,,Yeast-MetaTwin,s_0878,model,Extracted from Yeast-MetaTwin model; external IDs to be filled by mapping phase.
MODEL_CMPD:0000676,s_0879,inositol phosphomannosylinositol phosphoceramide C (C24),C60H117NO26P2,0,er,,,,,,Yeast-MetaTwin,s_0879,model,Extracted from Yeast-MetaTwin model; external IDs to be filled by mapping phase.
MODEL_CMPD:0000677,s_0880,inositol phosphomannosylinositol phosphoceramide C (C24),C60H117NO26P2,0,g,,,,,,Yeast-MetaTwin,s_0880,model,Extracted from Yeast-MetaTwin model; external IDs to be filled by mapping phase.
MODEL_CMPD:0000678,s_0881,inositol phosphomannosylinositol phosphoceramide C (C24),C60H117NO26P2,0,m,,,,,,Yeast-MetaTwin,s_0881,model,Extracted from Yeast-MetaTwin model; external IDs to be filled by mapping phase.
MODEL_CMPD:0000679,s_0882,inositol phosphomannosylinositol phosphoceramide C (C26),C62H121NO26P2,0,er,,,,,,Yeast-MetaTwin,s_0882,model,Extracted from Yeast-MetaTwin model; external IDs to be filled by mapping phase.
MODEL_CMPD:0000680,s_0883,inositol phosphomannosylinositol phosphoceramide C (C26),C62H121NO26P2,0,g,,,,,,Yeast-MetaTwin,s_0883,model,Extracted from Yeast-MetaTwin model; external IDs to be filled by mapping phase.
MODEL_CMPD:0000681,s_0884,inositol phosphomannosylinositol phosphoceramide C (C26),C62H121NO26P2,0,m,,,,,,Yeast-MetaTwin,s_0884,model,Extracted from Yeast-MetaTwin model; external IDs to be filled by mapping phase.
MODEL_CMPD:0000682,s_0885,inositol phosphomannosylinositol phosphoceramide D (C24),C60H117NO27P2,0,er,,,,,,Yeast-MetaTwin,s_0885,model,Extracted from Yeast-MetaTwin model; external IDs to be filled by mapping phase.
MODEL_CMPD:0000683,s_0886,inositol phosphomannosylinositol phosphoceramide D (C24),C60H117NO27P2,0,g,,,,,,Yeast-MetaTwin,s_0886,model,Extracted from Yeast-MetaTwin model; external IDs to be filled by mapping phase.
MODEL_CMPD:0000684,s_0887,inositol phosphomannosylinositol phosphoceramide D (C24),C60H117NO27P2,0,m,,,,,,Yeast-MetaTwin,s_0887,model,Extracted from Yeast-MetaTwin model; external IDs to be filled by mapping phase.
MODEL_CMPD:0000685,s_0888,inositol phosphomannosylinositol phosphoceramide D (C26),C62H121NO27P2,0,er,,,,,,Yeast-MetaTwin,s_0888,model,Extracted from Yeast-MetaTwin model; external IDs to be filled by mapping phase.
MODEL_CMPD:0000686,s_0889,inositol phosphomannosylinositol phosphoceramide D (C26),C62H121NO27P2,0,g,,,,,,Yeast-MetaTwin,s_0889,model,Extracted from Yeast-MetaTwin model; external IDs to be filled by mapping phase.
MODEL_CMPD:0000687,s_0890,inositol phosphomannosylinositol phosphoceramide D (C26),C62H121NO27P2,0,m,,,,,,Yeast-MetaTwin,s_0890,model,Extracted from Yeast-MetaTwin model; external IDs to be filled by mapping phase.
MODEL_CMPD:0000688,s_0892,inositol-P-ceramide backbone,C6H12NO10P,,g,,,,,,Yeast-MetaTwin,s_0892,model,Extracted from Yeast-MetaTwin model; external IDs to be filled by mapping phase.
MODEL_CMPD:0000689,s_0894,inositol-P-ceramide A (C24),C48H96NO11P,0,er,,,,,,Yeast-MetaTwin,s_0894,model,Extracted from Yeast-MetaTwin model; external IDs to be filled by mapping phase.
MODEL_CMPD:0000690,s_0895,inositol-P-ceramide A (C24),C48H96NO11P,0,g,,,,,,Yeast-MetaTwin,s_0895,model,Extracted from Yeast-MetaTwin model; external IDs to be filled by mapping phase.
MODEL_CMPD:0000691,s_0896,inositol-P-ceramide A (C24),C48H96NO11P,0,m,,,,,,Yeast-MetaTwin,s_0896,model,Extracted from Yeast-MetaTwin model; external IDs to be filled by mapping phase.
MODEL_CMPD:0000692,s_0897,inositol-P-ceramide A (C26),C50H100NO11P,0,er,,,,,,Yeast-MetaTwin,s_0897,model,Extracted from Yeast-MetaTwin model; external IDs to be filled by mapping phase.
MODEL_CMPD:0000693,s_0898,inositol-P-ceramide A (C26),C50H100NO11P,0,g,,,,,,Yeast-MetaTwin,s_0898,model,Extracted from Yeast-MetaTwin model; external IDs to be filled by mapping phase.
MODEL_CMPD:0000694,s_0899,inositol-P-ceramide A (C26),C50H100NO11P,0,m,,,,,,Yeast-MetaTwin,s_0899,model,Extracted from Yeast-MetaTwin model; external IDs to be filled by mapping phase.
MODEL_CMPD:0000695,s_0900,inositol-P-ceramide B (C24),C48H96NO12P,0,er,,,,,,Yeast-MetaTwin,s_0900,model,Extracted from Yeast-MetaTwin model; external IDs to be filled by mapping phase.
MODEL_CMPD:0000696,s_0901,inositol-P-ceramide B (C24),C48H96NO12P,0,g,,,,,,Yeast-MetaTwin,s_0901,model,Extracted from Yeast-MetaTwin model; external IDs to be filled by mapping phase.
MODEL_CMPD:0000697,s_0902,inositol-P-ceramide B (C24),C48H96NO12P,0,m,,,,,,Yeast-MetaTwin,s_0902,model,Extracted from Yeast-MetaTwin model; external IDs to be filled by mapping phase.
MODEL_CMPD:0000698,s_0903,inositol-P-ceramide B (C26),C50H100NO12P,0,er,,,,,,Yeast-MetaTwin,s_0903,model,Extracted from Yeast-MetaTwin model; external IDs to be filled by mapping phase.
MODEL_CMPD:0000699,s_0904,inositol-P-ceramide B (C26),C50H100NO12P,0,g,,,,,,Yeast-MetaTwin,s_0904,model,Extracted from Yeast-MetaTwin model; external IDs to be filled by mapping phase.
MODEL_CMPD:0000700,s_0905,inositol-P-ceramide B (C26),C50H100NO12P,0,m,,,,,,Yeast-MetaTwin,s_0905,model,Extracted from Yeast-MetaTwin model; external IDs to be filled by mapping phase.
MODEL_CMPD:0000701,s_0906,inositol-P-ceramide B' (C24),C48H96NO12P,0,er,,,,,,Yeast-MetaTwin,s_0906,model,Extracted from Yeast-MetaTwin model; external IDs to be filled by mapping phase.
MODEL_CMPD:0000702,s_0907,inositol-P-ceramide B' (C24),C48H96NO12P,0,g,,,,,,Yeast-MetaTwin,s_0907,model,Extracted from Yeast-MetaTwin model; external IDs to be filled by mapping phase.
MODEL_CMPD:0000703,s_0908,inositol-P-ceramide B' (C24),C48H96NO12P,0,m,,,,,,Yeast-MetaTwin,s_0908,model,Extracted from Yeast-MetaTwin model; external IDs to be filled by mapping phase.
MODEL_CMPD:0000704,s_0909,inositol-P-ceramide B' (C26),C50H100NO12P,0,er,,,,,,Yeast-MetaTwin,s_0909,model,Extracted from Yeast-MetaTwin model; external IDs to be filled by mapping phase.
MODEL_CMPD:0000705,s_0910,inositol-P-ceramide B' (C26),C50H100NO12P,0,g,,,,,,Yeast-MetaTwin,s_0910,model,Extracted from Yeast-MetaTwin model; external IDs to be filled by mapping phase.
MODEL_CMPD:0000706,s_0911,inositol-P-ceramide B' (C26),C50H100NO12P,0,m,,,,,,Yeast-MetaTwin,s_0911,model,Extracted from Yeast-MetaTwin model; external IDs to be filled by mapping phase.
MODEL_CMPD:0000707,s_0912,inositol-P-ceramide C (C24),C48H96NO13P,0,er,,,,,,Yeast-MetaTwin,s_0912,model,Extracted from Yeast-MetaTwin model; external IDs to be filled by mapping phase.
MODEL_CMPD:0000708,s_0913,inositol-P-ceramide C (C24),C48H96NO13P,0,g,,,,,,Yeast-MetaTwin,s_0913,model,Extracted from Yeast-MetaTwin model; external IDs to be filled by mapping phase.
MODEL_CMPD:0000709,s_0914,inositol-P-ceramide C (C24),C48H96NO13P,0,m,,,,,,Yeast-MetaTwin,s_0914,model,Extracted from Yeast-MetaTwin model; external IDs to be filled by mapping phase.
MODEL_CMPD:0000710,s_0915,inositol-P-ceramide C (C26),C50H100NO13P,0,er,,,,,,Yeast-MetaTwin,s_0915,model,Extracted from Yeast-MetaTwin model; external IDs to be filled by mapping phase.
MODEL_CMPD:0000711,s_0916,inositol-P-ceramide C (C26),C50H100NO13P,0,g,,,,,,Yeast-MetaTwin,s_0916,model,Extracted from Yeast-MetaTwin model; external IDs to be filled by mapping phase.
MODEL_CMPD:0000712,s_0917,inositol-P-ceramide C (C26),C50H100NO13P,0,m,,,,,,Yeast-MetaTwin,s_0917,model,Extracted from Yeast-MetaTwin model; external IDs to be filled by mapping phase.
MODEL_CMPD:0000713,s_0918,inositol-P-ceramide D (C24),C48H96NO14P,0,er,,,,,,Yeast-MetaTwin,s_0918,model,Extracted from Yeast-MetaTwin model; external IDs to be filled by mapping phase.
MODEL_CMPD:0000714,s_0919,inositol-P-ceramide D (C24),C48H96NO14P,0,g,,,,,,Yeast-MetaTwin,s_0919,model,Extracted from Yeast-MetaTwin model; external IDs to be filled by mapping phase.
MODEL_CMPD:0000715,s_0920,inositol-P-ceramide D (C24),C48H96NO14P,0,m,,,,,,Yeast-MetaTwin,s_0920,model,Extracted from Yeast-MetaTwin model; external IDs to be filled by mapping phase.
MODEL_CMPD:0000716,s_0921,inositol-P-ceramide D (C26),C50H100NO14P,0,er,,,,,,Yeast-MetaTwin,s_0921,model,Extracted from Yeast-MetaTwin model; external IDs to be filled by mapping phase.
MODEL_CMPD:0000717,s_0922,inositol-P-ceramide D (C26),C50H100NO14P,0,g,,,,,,Yeast-MetaTwin,s_0922,model,Extracted from Yeast-MetaTwin model; external IDs to be filled by mapping phase.
MODEL_CMPD:0000718,s_0923,inositol-P-ceramide D (C26),C50H100NO14P,0,m,,,,,,Yeast-MetaTwin,s_0923,model,Extracted from Yeast-MetaTwin model; external IDs to be filled by mapping phase.
MODEL_CMPD:0000719,s_0924,iron(2+),Fe,2,c,,,,,,Yeast-MetaTwin,s_0924,model,Extracted from Yeast-MetaTwin model; external IDs to be filled by mapping phase.
MODEL_CMPD:0000720,s_0925,iron(2+),Fe,2,e,,,,,,Yeast-MetaTwin,s_0925,model,Extracted from Yeast-MetaTwin model; external IDs to be filled by mapping phase.
MODEL_CMPD:0000721,s_0926,iron(2+),Fe,2,m,,,,,,Yeast-MetaTwin,s_0926,model,Extracted from Yeast-MetaTwin model; external IDs to be filled by mapping phase.
MODEL_CMPD:0000722,s_0927,isoamyl acetate,C7H14O2,0,c,,,,,,Yeast-MetaTwin,s_0927,model,Extracted from Yeast-MetaTwin model; external IDs to be filled by mapping phase.
MODEL_CMPD:0000723,s_0928,isoamyl acetate,C7H14O2,0,e,,,,,,Yeast-MetaTwin,s_0928,model,Extracted from Yeast-MetaTwin model; external IDs to be filled by mapping phase.
MODEL_CMPD:0000724,s_0929,isoamylol,C5H12O,0,c,,,,,,Yeast-MetaTwin,s_0929,model,Extracted from Yeast-MetaTwin model; external IDs to be filled by mapping phase.
MODEL_CMPD:0000725,s_0930,isoamylol,C5H12O,0,e,,,,,,Yeast-MetaTwin,s_0930,model,Extracted from Yeast-MetaTwin model; external IDs to be filled by mapping phase.
MODEL_CMPD:0000726,s_0931,isoamylol,C5H12O,0,m,,,,,,Yeast-MetaTwin,s_0931,model,Extracted from Yeast-MetaTwin model; external IDs to be filled by mapping phase.
MODEL_CMPD:0000727,s_0932,isobutanol,C4H10O,0,c,,,,,,Yeast-MetaTwin,s_0932,model,Extracted from Yeast-MetaTwin model; external IDs to be filled by mapping phase.
MODEL_CMPD:0000728,s_0933,isobutanol,C4H10O,0,e,,,,,,Yeast-MetaTwin,s_0933,model,Extracted from Yeast-MetaTwin model; external IDs to be filled by mapping phase.
MODEL_CMPD:0000729,s_0934,isobutanol,C4H10O,0,m,,,,,,Yeast-MetaTwin,s_0934,model,Extracted from Yeast-MetaTwin model; external IDs to be filled by mapping phase.
MODEL_CMPD:0000730,s_0935,isobutyl acetate,C6H12O2,0,c,,,,,,Yeast-MetaTwin,s_0935,model,Extracted from Yeast-MetaTwin model; external IDs to be filled by mapping phase.
MODEL_CMPD:0000731,s_0936,isobutyl acetate,C6H12O2,0,e,,,,,,Yeast-MetaTwin,s_0936,model,Extracted from Yeast-MetaTwin model; external IDs to be filled by mapping phase.
MODEL_CMPD:0000732,s_0937,isobutyraldehyde,C4H8O,0,c,,,,,,Yeast-MetaTwin,s_0937,model,Extracted from Yeast-MetaTwin model; external IDs to be filled by mapping phase.
MODEL_CMPD:0000733,s_0938,isobutyraldehyde,C4H8O,0,e,,,,,,Yeast-MetaTwin,s_0938,model,Extracted from Yeast-MetaTwin model; external IDs to be filled by mapping phase.
MODEL_CMPD:0000734,s_0939,isobutyraldehyde,C4H8O,0,m,,,,,,Yeast-MetaTwin,s_0939,model,Extracted from Yeast-MetaTwin model; external IDs to be filled by mapping phase.
MODEL_CMPD:0000735,s_0940,isocitrate,C6H5O7,-3,c,,,,,,Yeast-MetaTwin,s_0940,model,Extracted from Yeast-MetaTwin model; external IDs to be filled by mapping phase.
MODEL_CMPD:0000736,s_0941,isocitrate,C6H5O7,-3,m,,,,,,Yeast-MetaTwin,s_0941,model,Extracted from Yeast-MetaTwin model; external IDs to be filled by mapping phase.
MODEL_CMPD:0000737,s_0942,isocitrate,C6H5O7,-3,p,,,,,,Yeast-MetaTwin,s_0942,model,Extracted from Yeast-MetaTwin model; external IDs to be filled by mapping phase.
MODEL_CMPD:0000738,s_0943,isopentenyl diphosphate,C5H9O7P2,-3,c,,,,,,Yeast-MetaTwin,s_0943,model,Extracted from Yeast-MetaTwin model; external IDs to be filled by mapping phase.
MODEL_CMPD:0000739,s_0944,isopentenyl diphosphate,C5H9O7P2,-3,lp,,,,,,Yeast-MetaTwin,s_0944,model,Extracted from Yeast-MetaTwin model; external IDs to be filled by mapping phase.
MODEL_CMPD:0000740,s_0945,isopentenyl diphosphate,C5H9O7P2,-3,m,,,,,,Yeast-MetaTwin,s_0945,model,Extracted from Yeast-MetaTwin model; external IDs to be filled by mapping phase.
MODEL_CMPD:0000741,s_0946,itaconate,C5H4O4,-2,m,,,,,,Yeast-MetaTwin,s_0946,model,Extracted from Yeast-MetaTwin model; external IDs to be filled by mapping phase.
MODEL_CMPD:0000742,s_0949,itaconyl-CoA,C26H35N7O19P3S,-5,m,,,,,,Yeast-MetaTwin,s_0949,model,Extracted from Yeast-MetaTwin model; external IDs to be filled by mapping phase.
MODEL_CMPD:0000743,s_0950,ITP,C10H11N4O14P3,-4,c,,,,,,Yeast-MetaTwin,s_0950,model,Extracted from Yeast-MetaTwin model; external IDs to be filled by mapping phase.
MODEL_CMPD:0000744,s_0951,keto-phenylpyruvate,C9H7O3,-1,c,,,,,,Yeast-MetaTwin,s_0951,model,Extracted from Yeast-MetaTwin model; external IDs to be filled by mapping phase.
MODEL_CMPD:0000745,s_0952,L-2-amino-3-oxobutanoate,C4H7NO3,0,c,,,,,,Yeast-MetaTwin,s_0952,model,Extracted from Yeast-MetaTwin model; external IDs to be filled by mapping phase.
MODEL_CMPD:0000746,s_0953,L-2-aminoadipate,C6H10NO4,-1,c,,,,,,Yeast-MetaTwin,s_0953,model,Extracted from Yeast-MetaTwin model; external IDs to be filled by mapping phase.
MODEL_CMPD:0000747,s_0954,L-4-hydroxyglutamic semialdehyde,C5H9NO4,0,m,,,,,,Yeast-MetaTwin,s_0954,model,Extracted from Yeast-MetaTwin model; external IDs to be filled by mapping phase.
MODEL_CMPD:0000748,s_0955,L-alanine,C3H7NO2,0,c,,,,,,Yeast-MetaTwin,s_0955,model,Extracted from Yeast-MetaTwin model; external IDs to be filled by mapping phase.
MODEL_CMPD:0000749,s_0956,L-alanine,C3H7NO2,0,e,,,,,,Yeast-MetaTwin,s_0956,model,Extracted from Yeast-MetaTwin model; external IDs to be filled by mapping phase.
MODEL_CMPD:0000750,s_0957,L-alanine,C3H7NO2,0,m,,,,,,Yeast-MetaTwin,s_0957,model,Extracted from Yeast-MetaTwin model; external IDs to be filled by mapping phase.
MODEL_CMPD:0000751,s_0958,L-allothreonine,C4H9NO3,0,c,,,,,,Yeast-MetaTwin,s_0958,model,Extracted from Yeast-MetaTwin model; external IDs to be filled by mapping phase.
MODEL_CMPD:0000752,s_0959,L-allysine,C6H11NO3,0,c,,,,,,Yeast-MetaTwin,s_0959,model,Extracted from Yeast-MetaTwin model; external IDs to be filled by mapping phase.
MODEL_CMPD:0000753,s_0960,L-alpha-formylglycine,C3H5NO3,0,c,,,,,,Yeast-MetaTwin,s_0960,model,Extracted from Yeast-MetaTwin model; external IDs to be filled by mapping phase.
MODEL_CMPD:0000754,s_0961,L-arabinitol,C5H12O5,0,c,,,,,,Yeast-MetaTwin,s_0961,model,Extracted from Yeast-MetaTwin model; external IDs to be filled by mapping phase.
MODEL_CMPD:0000755,s_0962,L-arabinitol,C5H12O5,0,e,,,,,,Yeast-MetaTwin,s_0962,model,Extracted from Yeast-MetaTwin model; external IDs to be filled by mapping phase.
MODEL_CMPD:0000756,s_0963,L-arabinose,C5H10O5,0,c,,,,,,Yeast-MetaTwin,s_0963,model,Extracted from Yeast-MetaTwin model; external IDs to be filled by mapping phase.
MODEL_CMPD:0000757,s_0964,L-arabinose,C5H10O5,0,e,,,,,,Yeast-MetaTwin,s_0964,model,Extracted from Yeast-MetaTwin model; external IDs to be filled by mapping phase.
MODEL_CMPD:0000758,s_0965,L-arginine,C6H15N4O2,1,c,,,,,,Yeast-MetaTwin,s_0965,model,Extracted from Yeast-MetaTwin model; external IDs to be filled by mapping phase.
MODEL_CMPD:0000759,s_0966,L-arginine,C6H15N4O2,1,e,,,,,,Yeast-MetaTwin,s_0966,model,Extracted from Yeast-MetaTwin model; external IDs to be filled by mapping phase.
MODEL_CMPD:0000760,s_0967,L-arginine,C6H15N4O2,1,m,,,,,,Yeast-MetaTwin,s_0967,model,Extracted from Yeast-MetaTwin model; external IDs to be filled by mapping phase.
MODEL_CMPD:0000761,s_0968,L-arginine,C6H15N4O2,1,v,,,,,,Yeast-MetaTwin,s_0968,model,Extracted from Yeast-MetaTwin model; external IDs to be filled by mapping phase.
MODEL_CMPD:0000762,s_0969,L-asparagine,C4H8N2O3,0,c,,,,,,Yeast-MetaTwin,s_0969,model,Extracted from Yeast-MetaTwin model; external IDs to be filled by mapping phase.
MODEL_CMPD:0000763,s_0970,L-asparagine,C4H8N2O3,0,e,,,,,,Yeast-MetaTwin,s_0970,model,Extracted from Yeast-MetaTwin model; external IDs to be filled by mapping phase.
MODEL_CMPD:0000764,s_0971,L-asparagine,C4H8N2O3,0,m,,,,,,Yeast-MetaTwin,s_0971,model,Extracted from Yeast-MetaTwin model; external IDs to be filled by mapping phase.
MODEL_CMPD:0000765,s_0972,L-asparagine,C4H8N2O3,0,v,,,,,,Yeast-MetaTwin,s_0972,model,Extracted from Yeast-MetaTwin model; external IDs to be filled by mapping phase.
MODEL_CMPD:0000766,s_0973,L-aspartate,C4H6NO4,-1,c,,,,,,Yeast-MetaTwin,s_0973,model,Extracted from Yeast-MetaTwin model; external IDs to be filled by mapping phase.
MODEL_CMPD:0000767,s_0974,L-aspartate,C4H6NO4,-1,e,,,,,,Yeast-MetaTwin,s_0974,model,Extracted from Yeast-MetaTwin model; external IDs to be filled by mapping phase.
MODEL_CMPD:0000768,s_0975,L-aspartate,C4H6NO4,-1,m,,,,,,Yeast-MetaTwin,s_0975,model,Extracted from Yeast-MetaTwin model; external IDs to be filled by mapping phase.
MODEL_CMPD:0000769,s_0976,L-aspartate,C4H6NO4,-1,p,,,,,,Yeast-MetaTwin,s_0976,model,Extracted from Yeast-MetaTwin model; external IDs to be filled by mapping phase.
MODEL_CMPD:0000770,s_0977,L-aspartate,C4H6NO4,-1,v,,,,,,Yeast-MetaTwin,s_0977,model,Extracted from Yeast-MetaTwin model; external IDs to be filled by mapping phase.
MODEL_CMPD:0000771,s_0978,L-aspartate 4-semialdehyde,C4H7NO3,0,c,,,,,,Yeast-MetaTwin,s_0978,model,Extracted from Yeast-MetaTwin model; external IDs to be filled by mapping phase.
MODEL_CMPD:0000772,s_0979,L-citrulline,C6H13N3O3,0,c,,,,,,Yeast-MetaTwin,s_0979,model,Extracted from Yeast-MetaTwin model; external IDs to be filled by mapping phase.
MODEL_CMPD:0000773,s_0980,L-cystathionine,C7H14N2O4S,0,c,,,,,,Yeast-MetaTwin,s_0980,model,Extracted from Yeast-MetaTwin model; external IDs to be filled by mapping phase.
MODEL_CMPD:0000774,s_0981,L-cysteine,C3H7NO2S,0,c,,,,,,Yeast-MetaTwin,s_0981,model,Extracted from Yeast-MetaTwin model; external IDs to be filled by mapping phase.
MODEL_CMPD:0000775,s_0982,L-cysteine,C3H7NO2S,0,e,,,,,,Yeast-MetaTwin,s_0982,model,Extracted from Yeast-MetaTwin model; external IDs to be filled by mapping phase.
MODEL_CMPD:0000776,s_0983,L-cysteinylglycine,C5H10N2O3S,0,c,,,,,,Yeast-MetaTwin,s_0983,model,Extracted from Yeast-MetaTwin model; external IDs to be filled by mapping phase.
MODEL_CMPD:0000777,s_0984,L-cystine,C6H12N2O4S2,0,c,,,,,,Yeast-MetaTwin,s_0984,model,Extracted from Yeast-MetaTwin model; external IDs to be filled by mapping phase.
MODEL_CMPD:0000778,s_0985,L-cystine,C6H12N2O4S2,0,v,,,,,,Yeast-MetaTwin,s_0985,model,Extracted from Yeast-MetaTwin model; external IDs to be filled by mapping phase.
MODEL_CMPD:0000779,s_0986,L-gamma-glutamyl phosphate,C5H8NO7P,-2,c,,,,,,Yeast-MetaTwin,s_0986,model,Extracted from Yeast-MetaTwin model; external IDs to be filled by mapping phase.
MODEL_CMPD:0000780,s_0987,L-gamma-glutamyl-L-alanine,C8H13N2O5,-1,c,,,,,,Yeast-MetaTwin,s_0987,model,Extracted from Yeast-MetaTwin model; external IDs to be filled by mapping phase.
MODEL_CMPD:0000781,s_0988,L-gamma-glutamyl-L-cysteine,C8H13N2O5S,-1,c,,,,,,Yeast-MetaTwin,s_0988,model,Extracted from Yeast-MetaTwin model; external IDs to be filled by mapping phase.
MODEL_CMPD:0000782,s_0989,L-glucitol,C6H14O6,0,c,,,,,,Yeast-MetaTwin,s_0989,model,Extracted from Yeast-MetaTwin model; external IDs to be filled by mapping phase.
MODEL_CMPD:0000783,s_0990,L-glucitol,C6H14O6,0,e,,,,,,Yeast-MetaTwin,s_0990,model,Extracted from Yeast-MetaTwin model; external IDs to be filled by mapping phase.
MODEL_CMPD:0000784,s_0991,L-glutamate,C5H8NO4,-1,c,,,,,,Yeast-MetaTwin,s_0991,model,Extracted from Yeast-MetaTwin model; external IDs to be filled by mapping phase.
MODEL_CMPD:0000785,s_0992,L-glutamate,C5H8NO4,-1,e,,,,,,Yeast-MetaTwin,s_0992,model,Extracted from Yeast-MetaTwin model; external IDs to be filled by mapping phase.
MODEL_CMPD:0000786,s_0993,L-glutamate,C5H8NO4,-1,m,,,,,,Yeast-MetaTwin,s_0993,model,Extracted from Yeast-MetaTwin model; external IDs to be filled by mapping phase.
MODEL_CMPD:0000787,s_0994,L-glutamate,C5H8NO4,-1,n,,,,,,Yeast-MetaTwin,s_0994,model,Extracted from Yeast-MetaTwin model; external IDs to be filled by mapping phase.
MODEL_CMPD:0000788,s_0995,L-glutamate,C5H8NO4,-1,p,,,,,,Yeast-MetaTwin,s_0995,model,Extracted from Yeast-MetaTwin model; external IDs to be filled by mapping phase.
MODEL_CMPD:0000789,s_0996,L-glutamate,C5H8NO4,-1,v,,,,,,Yeast-MetaTwin,s_0996,model,Extracted from Yeast-MetaTwin model; external IDs to be filled by mapping phase.
MODEL_CMPD:0000790,s_0997,L-glutamic 5-semialdehyde,C5H9NO3,0,c,,,,,,Yeast-MetaTwin,s_0997,model,Extracted from Yeast-MetaTwin model; external IDs to be filled by mapping phase.
MODEL_CMPD:0000791,s_0999,L-glutamine,C5H10N2O3,0,c,,,,,,Yeast-MetaTwin,s_0999,model,Extracted from Yeast-MetaTwin model; external IDs to be filled by mapping phase.
MODEL_CMPD:0000792,s_1000,L-glutamine,C5H10N2O3,0,e,,,,,,Yeast-MetaTwin,s_1000,model,Extracted from Yeast-MetaTwin model; external IDs to be filled by mapping phase.
MODEL_CMPD:0000793,s_1001,L-glutamine,C5H10N2O3,0,n,,,,,,Yeast-MetaTwin,s_1001,model,Extracted from Yeast-MetaTwin model; external IDs to be filled by mapping phase.
MODEL_CMPD:0000794,s_1002,L-glutamine,C5H10N2O3,0,v,,,,,,Yeast-MetaTwin,s_1002,model,Extracted from Yeast-MetaTwin model; external IDs to be filled by mapping phase.
MODEL_CMPD:0000795,s_1003,L-glycine,C2H5NO2,0,c,,,,,,Yeast-MetaTwin,s_1003,model,Extracted from Yeast-MetaTwin model; external IDs to be filled by mapping phase.
MODEL_CMPD:0000796,s_1004,L-glycine,C2H5NO2,0,e,,,,,,Yeast-MetaTwin,s_1004,model,Extracted from Yeast-MetaTwin model; external IDs to be filled by mapping phase.
MODEL_CMPD:0000797,s_1005,L-glycine,C2H5NO2,0,m,,,,,,Yeast-MetaTwin,s_1005,model,Extracted from Yeast-MetaTwin model; external IDs to be filled by mapping phase.
MODEL_CMPD:0000798,s_1006,L-histidine,C6H9N3O2,0,c,,,,,,Yeast-MetaTwin,s_1006,model,Extracted from Yeast-MetaTwin model; external IDs to be filled by mapping phase.
MODEL_CMPD:0000799,s_1007,L-histidine,C6H9N3O2,0,e,,,,,,Yeast-MetaTwin,s_1007,model,Extracted from Yeast-MetaTwin model; external IDs to be filled by mapping phase.
MODEL_CMPD:0000800,s_1008,L-histidine,C6H9N3O2,0,m,,,,,,Yeast-MetaTwin,s_1008,model,Extracted from Yeast-MetaTwin model; external IDs to be filled by mapping phase.
MODEL_CMPD:0000801,s_1009,L-histidine,C6H9N3O2,0,v,,,,,,Yeast-MetaTwin,s_1009,model,Extracted from Yeast-MetaTwin model; external IDs to be filled by mapping phase.
MODEL_CMPD:0000802,s_1010,L-histidinol,C6H12N3O,1,c,,,,,,Yeast-MetaTwin,s_1010,model,Extracted from Yeast-MetaTwin model; external IDs to be filled by mapping phase.
MODEL_CMPD:0000803,s_1011,L-histidinol phosphate,C6H11N3O4P,-1,c,,,,,,Yeast-MetaTwin,s_1011,model,Extracted from Yeast-MetaTwin model; external IDs to be filled by mapping phase.
MODEL_CMPD:0000804,s_1012,L-homocysteine,C4H9NO2S,0,c,,,,,,Yeast-MetaTwin,s_1012,model,Extracted from Yeast-MetaTwin model; external IDs to be filled by mapping phase.
MODEL_CMPD:0000805,s_1014,L-homoserine,C4H9NO3,0,c,,,,,,Yeast-MetaTwin,s_1014,model,Extracted from Yeast-MetaTwin model; external IDs to be filled by mapping phase.
MODEL_CMPD:0000806,s_1015,L-homoserine,C4H9NO3,0,e,,,,,,Yeast-MetaTwin,s_1015,model,Extracted from Yeast-MetaTwin model; external IDs to be filled by mapping phase.
MODEL_CMPD:0000807,s_1016,L-isoleucine,C6H13NO2,0,c,,,,,,Yeast-MetaTwin,s_1016,model,Extracted from Yeast-MetaTwin model; external IDs to be filled by mapping phase.
MODEL_CMPD:0000808,s_1017,L-isoleucine,C6H13NO2,0,e,,,,,,Yeast-MetaTwin,s_1017,model,Extracted from Yeast-MetaTwin model; external IDs to be filled by mapping phase.
MODEL_CMPD:0000809,s_1018,L-isoleucine,C6H13NO2,0,m,,,,,,Yeast-MetaTwin,s_1018,model,Extracted from Yeast-MetaTwin model; external IDs to be filled by mapping phase.
MODEL_CMPD:0000810,s_1019,L-isoleucine,C6H13NO2,0,v,,,,,,Yeast-MetaTwin,s_1019,model,Extracted from Yeast-MetaTwin model; external IDs to be filled by mapping phase.
MODEL_CMPD:0000811,s_1020,L-kynurenine,C10H12N2O3,0,c,,,,,,Yeast-MetaTwin,s_1020,model,Extracted from Yeast-MetaTwin model; external IDs to be filled by mapping phase.
MODEL_CMPD:0000812,s_1021,L-leucine,C6H13NO2,0,c,,,,,,Yeast-MetaTwin,s_1021,model,Extracted from Yeast-MetaTwin model; external IDs to be filled by mapping phase.
MODEL_CMPD:0000813,s_1022,L-leucine,C6H13NO2,0,e,,,,,,Yeast-MetaTwin,s_1022,model,Extracted from Yeast-MetaTwin model; external IDs to be filled by mapping phase.
MODEL_CMPD:0000814,s_1023,L-leucine,C6H13NO2,0,m,,,,,,Yeast-MetaTwin,s_1023,model,Extracted from Yeast-MetaTwin model; external IDs to be filled by mapping phase.
MODEL_CMPD:0000815,s_1024,L-leucine,C6H13NO2,0,v,,,,,,Yeast-MetaTwin,s_1024,model,Extracted from Yeast-MetaTwin model; external IDs to be filled by mapping phase.
MODEL_CMPD:0000816,s_1025,L-lysine,C6H15N2O2,1,c,,,,,,Yeast-MetaTwin,s_1025,model,Extracted from Yeast-MetaTwin model; external IDs to be filled by mapping phase.
MODEL_CMPD:0000817,s_1026,L-lysine,C6H15N2O2,1,e,,,,,,Yeast-MetaTwin,s_1026,model,Extracted from Yeast-MetaTwin model; external IDs to be filled by mapping phase.
MODEL_CMPD:0000818,s_1027,L-lysine,C6H15N2O2,1,m,,,,,,Yeast-MetaTwin,s_1027,model,Extracted from Yeast-MetaTwin model; external IDs to be filled by mapping phase.
MODEL_CMPD:0000819,s_1028,L-lysine,C6H15N2O2,1,v,,,,,,Yeast-MetaTwin,s_1028,model,Extracted from Yeast-MetaTwin model; external IDs to be filled by mapping phase.
MODEL_CMPD:0000820,s_1029,L-methionine,C5H11NO2S,0,c,,,,,,Yeast-MetaTwin,s_1029,model,Extracted from Yeast-MetaTwin model; external IDs to be filled by mapping phase.
MODEL_CMPD:0000821,s_1030,L-methionine,C5H11NO2S,0,e,,,,,,Yeast-MetaTwin,s_1030,model,Extracted from Yeast-MetaTwin model; external IDs to be filled by mapping phase.
MODEL_CMPD:0000822,s_1031,L-methionine,C5H11NO2S,0,m,,,,,,Yeast-MetaTwin,s_1031,model,Extracted from Yeast-MetaTwin model; external IDs to be filled by mapping phase.
MODEL_CMPD:0000823,s_1032,L-phenylalanine,C9H11NO2,0,c,,,,,,Yeast-MetaTwin,s_1032,model,Extracted from Yeast-MetaTwin model; external IDs to be filled by mapping phase.
MODEL_CMPD:0000824,s_1033,L-phenylalanine,C9H11NO2,0,e,,,,,,Yeast-MetaTwin,s_1033,model,Extracted from Yeast-MetaTwin model; external IDs to be filled by mapping phase.
MODEL_CMPD:0000825,s_1034,L-phenylalanine,C9H11NO2,0,m,,,,,,Yeast-MetaTwin,s_1034,model,Extracted from Yeast-MetaTwin model; external IDs to be filled by mapping phase.
MODEL_CMPD:0000826,s_1035,L-proline,C5H9NO2,0,c,,,,,,Yeast-MetaTwin,s_1035,model,Extracted from Yeast-MetaTwin model; external IDs to be filled by mapping phase.
MODEL_CMPD:0000827,s_1036,L-proline,C5H9NO2,0,e,,,,,,Yeast-MetaTwin,s_1036,model,Extracted from Yeast-MetaTwin model; external IDs to be filled by mapping phase.
MODEL_CMPD:0000828,s_1037,L-proline,C5H9NO2,0,m,,,,,,Yeast-MetaTwin,s_1037,model,Extracted from Yeast-MetaTwin model; external IDs to be filled by mapping phase.
MODEL_CMPD:0000829,s_1038,L-saccharopine,C11H19N2O6,-1,c,,,,,,Yeast-MetaTwin,s_1038,model,Extracted from Yeast-MetaTwin model; external IDs to be filled by mapping phase.
MODEL_CMPD:0000830,s_1039,L-serine,C3H7NO3,0,c,,,,,,Yeast-MetaTwin,s_1039,model,Extracted from Yeast-MetaTwin model; external IDs to be filled by mapping phase.
MODEL_CMPD:0000831,s_1040,L-serine,C3H7NO3,0,er,,,,,,Yeast-MetaTwin,s_1040,model,Extracted from Yeast-MetaTwin model; external IDs to be filled by mapping phase.
MODEL_CMPD:0000832,s_1041,L-serine,C3H7NO3,0,e,,,,,,Yeast-MetaTwin,s_1041,model,Extracted from Yeast-MetaTwin model; external IDs to be filled by mapping phase.
MODEL_CMPD:0000833,s_1042,L-serine,C3H7NO3,0,m,,,,,,Yeast-MetaTwin,s_1042,model,Extracted from Yeast-MetaTwin model; external IDs to be filled by mapping phase.
MODEL_CMPD:0000834,s_1043,L-sorbose,C6H12O6,0,c,,,,,,Yeast-MetaTwin,s_1043,model,Extracted from Yeast-MetaTwin model; external IDs to be filled by mapping phase.
MODEL_CMPD:0000835,s_1044,L-sorbose,C6H12O6,0,e,,,,,,Yeast-MetaTwin,s_1044,model,Extracted from Yeast-MetaTwin model; external IDs to be filled by mapping phase.
MODEL_CMPD:0000836,s_1045,L-threonine,C4H9NO3,0,c,,,,,,Yeast-MetaTwin,s_1045,model,Extracted from Yeast-MetaTwin model; external IDs to be filled by mapping phase.
MODEL_CMPD:0000837,s_1046,L-threonine,C4H9NO3,0,e,,,,,,Yeast-MetaTwin,s_1046,model,Extracted from Yeast-MetaTwin model; external IDs to be filled by mapping phase.
MODEL_CMPD:0000838,s_1047,L-threonine,C4H9NO3,0,m,,,,,,Yeast-MetaTwin,s_1047,model,Extracted from Yeast-MetaTwin model; external IDs to be filled by mapping phase.
MODEL_CMPD:0000839,s_1048,L-tryptophan,C11H12N2O2,0,c,,,,,,Yeast-MetaTwin,s_1048,model,Extracted from Yeast-MetaTwin model; external IDs to be filled by mapping phase.
MODEL_CMPD:0000840,s_1049,L-tryptophan,C11H12N2O2,0,e,,,,,,Yeast-MetaTwin,s_1049,model,Extracted from Yeast-MetaTwin model; external IDs to be filled by mapping phase.
MODEL_CMPD:0000841,s_1050,L-tryptophan,C11H12N2O2,0,m,,,,,,Yeast-MetaTwin,s_1050,model,Extracted from Yeast-MetaTwin model; external IDs to be filled by mapping phase.
MODEL_CMPD:0000842,s_1051,L-tyrosine,C9H11NO3,0,c,,,,,,Yeast-MetaTwin,s_1051,model,Extracted from Yeast-MetaTwin model; external IDs to be filled by mapping phase.
MODEL_CMPD:0000843,s_1052,L-tyrosine,C9H11NO3,0,e,,,,,,Yeast-MetaTwin,s_1052,model,Extracted from Yeast-MetaTwin model; external IDs to be filled by mapping phase.
MODEL_CMPD:0000844,s_1053,L-tyrosine,C9H11NO3,0,m,,,,,,Yeast-MetaTwin,s_1053,model,Extracted from Yeast-MetaTwin model; external IDs to be filled by mapping phase.
MODEL_CMPD:0000845,s_1054,L-tyrosine,C9H11NO3,0,p,,,,,,Yeast-MetaTwin,s_1054,model,Extracted from Yeast-MetaTwin model; external IDs to be filled by mapping phase.
MODEL_CMPD:0000846,s_1055,L-tyrosine,C9H11NO3,0,v,,,,,,Yeast-MetaTwin,s_1055,model,Extracted from Yeast-MetaTwin model; external IDs to be filled by mapping phase.
MODEL_CMPD:0000847,s_1056,L-valine,C5H11NO2,0,c,,,,,,Yeast-MetaTwin,s_1056,model,Extracted from Yeast-MetaTwin model; external IDs to be filled by mapping phase.
MODEL_CMPD:0000848,s_1057,L-valine,C5H11NO2,0,e,,,,,,Yeast-MetaTwin,s_1057,model,Extracted from Yeast-MetaTwin model; external IDs to be filled by mapping phase.
MODEL_CMPD:0000849,s_1058,L-valine,C5H11NO2,0,m,,,,,,Yeast-MetaTwin,s_1058,model,Extracted from Yeast-MetaTwin model; external IDs to be filled by mapping phase.
MODEL_CMPD:0000850,s_1059,lanosterol,C30H50O,0,c,,,,,,Yeast-MetaTwin,s_1059,model,Extracted from Yeast-MetaTwin model; external IDs to be filled by mapping phase.
MODEL_CMPD:0000851,s_1061,lanosterol,C30H50O,0,e,,,,,,Yeast-MetaTwin,s_1061,model,Extracted from Yeast-MetaTwin model; external IDs to be filled by mapping phase.
MODEL_CMPD:0000852,s_1065,laurate,C12H23O2,-1,c,,,,,,Yeast-MetaTwin,s_1065,model,Extracted from Yeast-MetaTwin model; external IDs to be filled by mapping phase.
MODEL_CMPD:0000853,s_1067,laurate,C12H23O2,-1,e,,,,,,Yeast-MetaTwin,s_1067,model,Extracted from Yeast-MetaTwin model; external IDs to be filled by mapping phase.
MODEL_CMPD:0000854,s_1070,laurate,C12H23O2,-1,p,,,,,,Yeast-MetaTwin,s_1070,model,Extracted from Yeast-MetaTwin model; external IDs to be filled by mapping phase.
MODEL_CMPD:0000855,s_1073,lauroyl-CoA,C33H54N7O17P3S,-4,c,,,,,,Yeast-MetaTwin,s_1073,model,Extracted from Yeast-MetaTwin model; external IDs to be filled by mapping phase.
MODEL_CMPD:0000856,s_1076,lauroyl-CoA,C33H54N7O17P3S,-4,p,,,,,,Yeast-MetaTwin,s_1076,model,Extracted from Yeast-MetaTwin model; external IDs to be filled by mapping phase.
MODEL_CMPD:0000857,s_1077,Leu-tRNA(Leu),C6H13NOR,1,c,,,,,,Yeast-MetaTwin,s_1077,model,Extracted from Yeast-MetaTwin model; external IDs to be filled by mapping phase.
MODEL_CMPD:0000858,s_1078,Leu-tRNA(Leu),C6H13NOR,1,m,,,,,,Yeast-MetaTwin,s_1078,model,Extracted from Yeast-MetaTwin model; external IDs to be filled by mapping phase.
MODEL_CMPD:0000859,s_1079,leukotriene A4,C20H29O3,-1,c,,,,,,Yeast-MetaTwin,s_1079,model,Extracted from Yeast-MetaTwin model; external IDs to be filled by mapping phase.
MODEL_CMPD:0000860,s_1080,leukotriene A4,C20H29O3,-1,n,,,,,,Yeast-MetaTwin,s_1080,model,Extracted from Yeast-MetaTwin model; external IDs to be filled by mapping phase.
MODEL_CMPD:0000861,s_1081,leukotriene B4,C20H31O4,-1,c,,,,,,Yeast-MetaTwin,s_1081,model,Extracted from Yeast-MetaTwin model; external IDs to be filled by mapping phase.
MODEL_CMPD:0000862,s_1082,leukotriene B4,C20H31O4,-1,n,,,,,,Yeast-MetaTwin,s_1082,model,Extracted from Yeast-MetaTwin model; external IDs to be filled by mapping phase.
MODEL_CMPD:0000863,s_1085,lignoceric acid,C24H47O2,-1,er,,,,,,Yeast-MetaTwin,s_1085,model,Extracted from Yeast-MetaTwin model; external IDs to be filled by mapping phase.
MODEL_CMPD:0000864,s_1096,lipid,,0,c,,,,,,Yeast-MetaTwin,s_1096,model,Extracted from Yeast-MetaTwin model; external IDs to be filled by mapping phase.
MODEL_CMPD:0000865,s_1097,lipoamide,C8H15NOS2,0,m,,,,,,Yeast-MetaTwin,s_1097,model,Extracted from Yeast-MetaTwin model; external IDs to be filled by mapping phase.
MODEL_CMPD:0000866,s_1098,lipoylprotein,C8H14NOS2R,0,m,,,,,,Yeast-MetaTwin,s_1098,model,Extracted from Yeast-MetaTwin model; external IDs to be filled by mapping phase.
MODEL_CMPD:0000867,s_1099,Lys-tRNA(Lys),C6H15N2OR,2,c,,,,,,Yeast-MetaTwin,s_1099,model,Extracted from Yeast-MetaTwin model; external IDs to be filled by mapping phase.
MODEL_CMPD:0000868,s_1100,Lys-tRNA(Lys),C6H15N2OR,2,m,,,,,,Yeast-MetaTwin,s_1100,model,Extracted from Yeast-MetaTwin model; external IDs to be filled by mapping phase.
MODEL_CMPD:0000869,s_1101,malonyl-CoA,C24H33N7O19P3S,-5,c,,,,,,Yeast-MetaTwin,s_1101,model,Extracted from Yeast-MetaTwin model; external IDs to be filled by mapping phase.
MODEL_CMPD:0000870,s_1104,malonyl-CoA,C24H33N7O19P3S,-5,m,,,,,,Yeast-MetaTwin,s_1104,model,Extracted from Yeast-MetaTwin model; external IDs to be filled by mapping phase.
MODEL_CMPD:0000871,s_1105,maltose,C12H22O11,0,c,,,,,,Yeast-MetaTwin,s_1105,model,Extracted from Yeast-MetaTwin model; external IDs to be filled by mapping phase.
MODEL_CMPD:0000872,s_1106,maltose,C12H22O11,0,e,,,,,,Yeast-MetaTwin,s_1106,model,Extracted from Yeast-MetaTwin model; external IDs to be filled by mapping phase.
MODEL_CMPD:0000873,s_1107,mannan,C6H10O5,0,c,,,,,,Yeast-MetaTwin,s_1107,model,Extracted from Yeast-MetaTwin model; external IDs to be filled by mapping phase.
MODEL_CMPD:0000874,s_1108,mannan,C6H10O5,0,er,,,,,,Yeast-MetaTwin,s_1108,model,Extracted from Yeast-MetaTwin model; external IDs to be filled by mapping phase.
MODEL_CMPD:0000875,s_1109,mannose-(1D-myo-inositol 1-phosphate)2,C18H34O22P2,0,er,,,,,,Yeast-MetaTwin,s_1109,model,Extracted from Yeast-MetaTwin model; external IDs to be filled by mapping phase.
MODEL_CMPD:0000876,s_1110,mannose-(1D-myo-inositol 1-phosphate)2,C18H34O22P2,0,m,,,,,,Yeast-MetaTwin,s_1110,model,Extracted from Yeast-MetaTwin model; external IDs to be filled by mapping phase.
MODEL_CMPD:0000877,s_1111,mannose-1D-myo-inositol 1-phosphate,C12H23O14P,0,er,,,,,,Yeast-MetaTwin,s_1111,model,Extracted from Yeast-MetaTwin model; external IDs to be filled by mapping phase.
MODEL_CMPD:0000878,s_1112,mannose-1D-myo-inositol 1-phosphate,C12H23O14P,0,m,,,,,,Yeast-MetaTwin,s_1112,model,Extracted from Yeast-MetaTwin model; external IDs to be filled by mapping phase.
MODEL_CMPD:0000879,s_1114,mannosylinositol phosphorylceramide backbone,C12H22NO15P,,g,,,,,,Yeast-MetaTwin,s_1114,model,Extracted from Yeast-MetaTwin model; external IDs to be filled by mapping phase.
MODEL_CMPD:0000880,s_1116,mannosylinositol phosphorylceramide A (C24),C54H106NO16P,0,er,,,,,,Yeast-MetaTwin,s_1116,model,Extracted from Yeast-MetaTwin model; external IDs to be filled by mapping phase.
MODEL_CMPD:0000881,s_1117,mannosylinositol phosphorylceramide A (C24),C54H106NO16P,0,g,,,,,,Yeast-MetaTwin,s_1117,model,Extracted from Yeast-MetaTwin model; external IDs to be filled by mapping phase.
MODEL_CMPD:0000882,s_1118,mannosylinositol phosphorylceramide A (C24),C54H106NO16P,0,m,,,,,,Yeast-MetaTwin,s_1118,model,Extracted from Yeast-MetaTwin model; external IDs to be filled by mapping phase.
MODEL_CMPD:0000883,s_1119,mannosylinositol phosphorylceramide A (C26),C56H110NO16P,0,er,,,,,,Yeast-MetaTwin,s_1119,model,Extracted from Yeast-MetaTwin model; external IDs to be filled by mapping phase.
MODEL_CMPD:0000884,s_1120,mannosylinositol phosphorylceramide A (C26),C56H110NO16P,0,g,,,,,,Yeast-MetaTwin,s_1120,model,Extracted from Yeast-MetaTwin model; external IDs to be filled by mapping phase.
MODEL_CMPD:0000885,s_1121,mannosylinositol phosphorylceramide A (C26),C56H110NO16P,0,m,,,,,,Yeast-MetaTwin,s_1121,model,Extracted from Yeast-MetaTwin model; external IDs to be filled by mapping phase.
MODEL_CMPD:0000886,s_1122,mannosylinositol phosphorylceramide B (C24),C54H106NO17P,0,er,,,,,,Yeast-MetaTwin,s_1122,model,Extracted from Yeast-MetaTwin model; external IDs to be filled by mapping phase.
MODEL_CMPD:0000887,s_1123,mannosylinositol phosphorylceramide B (C24),C54H106NO17P,0,g,,,,,,Yeast-MetaTwin,s_1123,model,Extracted from Yeast-MetaTwin model; external IDs to be filled by mapping phase.
MODEL_CMPD:0000888,s_1124,mannosylinositol phosphorylceramide B (C24),C54H106NO17P,0,m,,,,,,Yeast-MetaTwin,s_1124,model,Extracted from Yeast-MetaTwin model; external IDs to be filled by mapping phase.
MODEL_CMPD:0000889,s_1125,mannosylinositol phosphorylceramide B (C26),C56H110NO17P,0,er,,,,,,Yeast-MetaTwin,s_1125,model,Extracted from Yeast-MetaTwin model; external IDs to be filled by mapping phase.
MODEL_CMPD:0000890,s_1126,mannosylinositol phosphorylceramide B (C26),C56H110NO17P,0,g,,,,,,Yeast-MetaTwin,s_1126,model,Extracted from Yeast-MetaTwin model; external IDs to be filled by mapping phase.
MODEL_CMPD:0000891,s_1127,mannosylinositol phosphorylceramide B (C26),C56H110NO17P,0,m,,,,,,Yeast-MetaTwin,s_1127,model,Extracted from Yeast-MetaTwin model; external IDs to be filled by mapping phase.
MODEL_CMPD:0000892,s_1128,mannosylinositol phosphorylceramide B' (C24),C54H106NO17P,0,er,,,,,,Yeast-MetaTwin,s_1128,model,Extracted from Yeast-MetaTwin model; external IDs to be filled by mapping phase.
MODEL_CMPD:0000893,s_1129,mannosylinositol phosphorylceramide B' (C24),C54H106NO17P,0,g,,,,,,Yeast-MetaTwin,s_1129,model,Extracted from Yeast-MetaTwin model; external IDs to be filled by mapping phase.
MODEL_CMPD:0000894,s_1130,mannosylinositol phosphorylceramide B' (C24),C54H106NO17P,0,m,,,,,,Yeast-MetaTwin,s_1130,model,Extracted from Yeast-MetaTwin model; external IDs to be filled by mapping phase.
MODEL_CMPD:0000895,s_1131,mannosylinositol phosphorylceramide B' (C26),C56H110NO17P,0,er,,,,,,Yeast-MetaTwin,s_1131,model,Extracted from Yeast-MetaTwin model; external IDs to be filled by mapping phase.
MODEL_CMPD:0000896,s_1132,mannosylinositol phosphorylceramide B' (C26),C56H110NO17P,0,g,,,,,,Yeast-MetaTwin,s_1132,model,Extracted from Yeast-MetaTwin model; external IDs to be filled by mapping phase.
MODEL_CMPD:0000897,s_1133,mannosylinositol phosphorylceramide B' (C26),C56H110NO17P,0,m,,,,,,Yeast-MetaTwin,s_1133,model,Extracted from Yeast-MetaTwin model; external IDs to be filled by mapping phase.
MODEL_CMPD:0000898,s_1134,mannosylinositol phosphorylceramide C (C24),C54H106NO18P,0,er,,,,,,Yeast-MetaTwin,s_1134,model,Extracted from Yeast-MetaTwin model; external IDs to be filled by mapping phase.
MODEL_CMPD:0000899,s_1135,mannosylinositol phosphorylceramide C (C24),C54H106NO18P,0,g,,,,,,Yeast-MetaTwin,s_1135,model,Extracted from Yeast-MetaTwin model; external IDs to be filled by mapping phase.
MODEL_CMPD:0000900,s_1136,mannosylinositol phosphorylceramide C (C24),C54H106NO18P,0,m,,,,,,Yeast-MetaTwin,s_1136,model,Extracted from Yeast-MetaTwin model; external IDs to be filled by mapping phase.
MODEL_CMPD:0000901,s_1137,mannosylinositol phosphorylceramide C (C26),C56H110NO18P,0,er,,,,,,Yeast-MetaTwin,s_1137,model,Extracted from Yeast-MetaTwin model; external IDs to be filled by mapping phase.
MODEL_CMPD:0000902,s_1138,mannosylinositol phosphorylceramide C (C26),C56H110NO18P,0,g,,,,,,Yeast-MetaTwin,s_1138,model,Extracted from Yeast-MetaTwin model; external IDs to be filled by mapping phase.
MODEL_CMPD:0000903,s_1139,mannosylinositol phosphorylceramide C (C26),C56H110NO18P,0,m,,,,,,Yeast-MetaTwin,s_1139,model,Extracted from Yeast-MetaTwin model; external IDs to be filled by mapping phase.
MODEL_CMPD:0000904,s_1140,mannosylinositol phosphorylceramide D (C24),C54H106NO19P,0,er,,,,,,Yeast-MetaTwin,s_1140,model,Extracted from Yeast-MetaTwin model; external IDs to be filled by mapping phase.
MODEL_CMPD:0000905,s_1141,mannosylinositol phosphorylceramide D (C24),C54H106NO19P,0,g,,,,,,Yeast-MetaTwin,s_1141,model,Extracted from Yeast-MetaTwin model; external IDs to be filled by mapping phase.
MODEL_CMPD:0000906,s_1142,mannosylinositol phosphorylceramide D (C24),C54H106NO19P,0,m,,,,,,Yeast-MetaTwin,s_1142,model,Extracted from Yeast-MetaTwin model; external IDs to be filled by mapping phase.
MODEL_CMPD:0000907,s_1143,mannosylinositol phosphorylceramide D (C26),C56H110NO19P,0,er,,,,,,Yeast-MetaTwin,s_1143,model,Extracted from Yeast-MetaTwin model; external IDs to be filled by mapping phase.
MODEL_CMPD:0000908,s_1144,mannosylinositol phosphorylceramide D (C26),C56H110NO19P,0,g,,,,,,Yeast-MetaTwin,s_1144,model,Extracted from Yeast-MetaTwin model; external IDs to be filled by mapping phase.
MODEL_CMPD:0000909,s_1145,mannosylinositol phosphorylceramide D (C26),C56H110NO19P,0,m,,,,,,Yeast-MetaTwin,s_1145,model,Extracted from Yeast-MetaTwin model; external IDs to be filled by mapping phase.
MODEL_CMPD:0000910,s_1148,Met-tRNA(Met),C5H11NOSR,1,c,,,,,,Yeast-MetaTwin,s_1148,model,Extracted from Yeast-MetaTwin model; external IDs to be filled by mapping phase.
MODEL_CMPD:0000911,s_1149,Met-tRNA(Met),C5H11NOSR,1,m,,,,,,Yeast-MetaTwin,s_1149,model,Extracted from Yeast-MetaTwin model; external IDs to be filled by mapping phase.
MODEL_CMPD:0000912,s_1150,methanethiol,CH4S,0,c,,,,,,Yeast-MetaTwin,s_1150,model,Extracted from Yeast-MetaTwin model; external IDs to be filled by mapping phase.
MODEL_CMPD:0000913,s_1151,methylglyoxal,C3H4O2,0,c,,,,,,Yeast-MetaTwin,s_1151,model,Extracted from Yeast-MetaTwin model; external IDs to be filled by mapping phase.
MODEL_CMPD:0000914,s_1153,myo-inositol,C6H12O6,0,c,,,,,,Yeast-MetaTwin,s_1153,model,Extracted from Yeast-MetaTwin model; external IDs to be filled by mapping phase.
MODEL_CMPD:0000915,s_1154,myo-inositol,C6H12O6,0,e,,,,,,Yeast-MetaTwin,s_1154,model,Extracted from Yeast-MetaTwin model; external IDs to be filled by mapping phase.
MODEL_CMPD:0000916,s_1156,"myo-inositol 1,3,4,5,6-pentakisphosphate",C6H7O21P5,-10,c,,,,,,Yeast-MetaTwin,s_1156,model,Extracted from Yeast-MetaTwin model; external IDs to be filled by mapping phase.
MODEL_CMPD:0000917,s_1157,"myo-inositol 1,3,4,5,6-pentakisphosphate",C6H7O21P5,-10,n,,,,,,Yeast-MetaTwin,s_1157,model,Extracted from Yeast-MetaTwin model; external IDs to be filled by mapping phase.
MODEL_CMPD:0000918,s_1158,myo-inositol hexakisphosphate,C6H6O24P6,-12,c,,,,,,Yeast-MetaTwin,s_1158,model,Extracted from Yeast-MetaTwin model; external IDs to be filled by mapping phase.
MODEL_CMPD:0000919,s_1159,myo-inositol hexakisphosphate,C6H6O24P6,-12,n,,,,,,Yeast-MetaTwin,s_1159,model,Extracted from Yeast-MetaTwin model; external IDs to be filled by mapping phase.
MODEL_CMPD:0000920,s_1161,myristate,C14H27O2,-1,c,,,,,,Yeast-MetaTwin,s_1161,model,Extracted from Yeast-MetaTwin model; external IDs to be filled by mapping phase.
MODEL_CMPD:0000921,s_1163,myristate,C14H27O2,-1,e,,,,,,Yeast-MetaTwin,s_1163,model,Extracted from Yeast-MetaTwin model; external IDs to be filled by mapping phase.
MODEL_CMPD:0000922,s_1166,myristate,C14H27O2,-1,p,,,,,,Yeast-MetaTwin,s_1166,model,Extracted from Yeast-MetaTwin model; external IDs to be filled by mapping phase.
MODEL_CMPD:0000923,s_1176,myristoyl-CoA,C35H58N7O17P3S,-4,c,,,,,,Yeast-MetaTwin,s_1176,model,Extracted from Yeast-MetaTwin model; external IDs to be filled by mapping phase.
MODEL_CMPD:0000924,s_1179,myristoyl-CoA,C35H58N7O17P3S,-4,p,,,,,,Yeast-MetaTwin,s_1179,model,Extracted from Yeast-MetaTwin model; external IDs to be filled by mapping phase.
MODEL_CMPD:0000925,s_1180,N(1)-acetylspermidine,C9H23N3O,2,c,,,,,,Yeast-MetaTwin,s_1180,model,Extracted from Yeast-MetaTwin model; external IDs to be filled by mapping phase.
MODEL_CMPD:0000926,s_1181,N(1)-acetylspermine,C12H31N4O,3,c,,,,,,Yeast-MetaTwin,s_1181,model,Extracted from Yeast-MetaTwin model; external IDs to be filled by mapping phase.
MODEL_CMPD:0000927,s_1182,N(2)-acetyl-L-ornithine,C7H14N2O3,0,m,,,,,,Yeast-MetaTwin,s_1182,model,Extracted from Yeast-MetaTwin model; external IDs to be filled by mapping phase.
MODEL_CMPD:0000928,s_1183,N(pros)-methyl-L-histidine,C7H11N3O2,0,c,,,,,,Yeast-MetaTwin,s_1183,model,Extracted from Yeast-MetaTwin model; external IDs to be filled by mapping phase.
MODEL_CMPD:0000929,s_1184,"N,N'-diacetylchitobiosyldiphosphodolichol",C36H62N2O17P2,-2,c,,,,,,Yeast-MetaTwin,s_1184,model,Extracted from Yeast-MetaTwin model; external IDs to be filled by mapping phase.
MODEL_CMPD:0000930,s_1185,"N,N'-diformyldityrosine",C20H22N2O8,-2,c,,,,,,Yeast-MetaTwin,s_1185,model,Extracted from Yeast-MetaTwin model; external IDs to be filled by mapping phase.
MODEL_CMPD:0000931,s_1186,"N,N'-diformyldityrosine",C20H22N2O8,-2,e,,,,,,Yeast-MetaTwin,s_1186,model,Extracted from Yeast-MetaTwin model; external IDs to be filled by mapping phase.
MODEL_CMPD:0000932,s_1187,N-(5-phospho-beta-D-ribosyl)anthranilate,C12H13NO9P,-3,c,,,,,,Yeast-MetaTwin,s_1187,model,Extracted from Yeast-MetaTwin model; external IDs to be filled by mapping phase.
MODEL_CMPD:0000933,s_1188,N-[(R)-4-phosphonopantothenoyl]-L-cysteine,C12H20N2O9PS,-3,c,,,,,,Yeast-MetaTwin,s_1188,model,Extracted from Yeast-MetaTwin model; external IDs to be filled by mapping phase.
MODEL_CMPD:0000934,s_1189,N-acetyl-alpha-D-glucosamine 1-phosphate,C8H14NO9P,-2,c,,,,,,Yeast-MetaTwin,s_1189,model,Extracted from Yeast-MetaTwin model; external IDs to be filled by mapping phase.
MODEL_CMPD:0000935,s_1190,N-acetyl-D-glucosamine 6-phosphate,C8H14NO9P,-2,c,,,,,,Yeast-MetaTwin,s_1190,model,Extracted from Yeast-MetaTwin model; external IDs to be filled by mapping phase.
MODEL_CMPD:0000936,s_1191,N-acetyl-L-gamma-glutamyl phosphate,C7H9NO8P,-3,m,,,,,,Yeast-MetaTwin,s_1191,model,Extracted from Yeast-MetaTwin model; external IDs to be filled by mapping phase.
MODEL_CMPD:0000937,s_1192,N-acetyl-L-glutamate,C7H9NO5,-2,m,,,,,,Yeast-MetaTwin,s_1192,model,Extracted from Yeast-MetaTwin model; external IDs to be filled by mapping phase.
MODEL_CMPD:0000938,s_1193,N-acetylputrescine,C6H15N2O,1,c,,,,,,Yeast-MetaTwin,s_1193,model,Extracted from Yeast-MetaTwin model; external IDs to be filled by mapping phase.
MODEL_CMPD:0000939,s_1194,N-carbamoyl-L-aspartate,C5H6N2O5,-2,c,,,,,,Yeast-MetaTwin,s_1194,model,Extracted from Yeast-MetaTwin model; external IDs to be filled by mapping phase.
MODEL_CMPD:0000940,s_1195,N-formyl-L-kynurenine,C11H12N2O4,0,c,,,,,,Yeast-MetaTwin,s_1195,model,Extracted from Yeast-MetaTwin model; external IDs to be filled by mapping phase.
MODEL_CMPD:0000941,s_1196,N-formyl-L-tyrosine,C10H10NO4,-1,c,,,,,,Yeast-MetaTwin,s_1196,model,Extracted from Yeast-MetaTwin model; external IDs to be filled by mapping phase.
MODEL_CMPD:0000942,s_1198,NAD,C21H26N7O14P2,-1,c,,,,,,Yeast-MetaTwin,s_1198,model,Extracted from Yeast-MetaTwin model; external IDs to be filled by mapping phase.
MODEL_CMPD:0000943,s_1199,NAD,C21H26N7O14P2,-1,er,,,,,,Yeast-MetaTwin,s_1199,model,Extracted from Yeast-MetaTwin model; external IDs to be filled by mapping phase.
MODEL_CMPD:0000944,s_1200,NAD,C21H26N7O14P2,-1,m,,,,,,Yeast-MetaTwin,s_1200,model,Extracted from Yeast-MetaTwin model; external IDs to be filled by mapping phase.
MODEL_CMPD:0000945,s_1201,NAD,C21H26N7O14P2,-1,n,,,,,,Yeast-MetaTwin,s_1201,model,Extracted from Yeast-MetaTwin model; external IDs to be filled by mapping phase.
MODEL_CMPD:0000946,s_1202,NAD,C21H26N7O14P2,-1,p,,,,,,Yeast-MetaTwin,s_1202,model,Extracted from Yeast-MetaTwin model; external IDs to be filled by mapping phase.
MODEL_CMPD:0000947,s_1203,NADH,C21H27N7O14P2,-2,c,,,,,,Yeast-MetaTwin,s_1203,model,Extracted from Yeast-MetaTwin model; external IDs to be filled by mapping phase.
MODEL_CMPD:0000948,s_1204,NADH,C21H27N7O14P2,-2,er,,,,,,Yeast-MetaTwin,s_1204,model,Extracted from Yeast-MetaTwin model; external IDs to be filled by mapping phase.
MODEL_CMPD:0000949,s_1205,NADH,C21H27N7O14P2,-2,m,,,,,,Yeast-MetaTwin,s_1205,model,Extracted from Yeast-MetaTwin model; external IDs to be filled by mapping phase.
MODEL_CMPD:0000950,s_1206,NADH,C21H27N7O14P2,-2,p,,,,,,Yeast-MetaTwin,s_1206,model,Extracted from Yeast-MetaTwin model; external IDs to be filled by mapping phase.
MODEL_CMPD:0000951,s_1207,NADP(+),C21H25N7O17P3,-3,c,,,,,,Yeast-MetaTwin,s_1207,model,Extracted from Yeast-MetaTwin model; external IDs to be filled by mapping phase.
MODEL_CMPD:0000952,s_1208,NADP(+),C21H25N7O17P3,-3,er,,,,,,Yeast-MetaTwin,s_1208,model,Extracted from Yeast-MetaTwin model; external IDs to be filled by mapping phase.
MODEL_CMPD:0000953,s_1210,NADP(+),C21H25N7O17P3,-3,m,,,,,,Yeast-MetaTwin,s_1210,model,Extracted from Yeast-MetaTwin model; external IDs to be filled by mapping phase.
MODEL_CMPD:0000954,s_1211,NADP(+),C21H25N7O17P3,-3,p,,,,,,Yeast-MetaTwin,s_1211,model,Extracted from Yeast-MetaTwin model; external IDs to be filled by mapping phase.
MODEL_CMPD:0000955,s_1212,NADPH,C21H26N7O17P3,-4,c,,,,,,Yeast-MetaTwin,s_1212,model,Extracted from Yeast-MetaTwin model; external IDs to be filled by mapping phase.
MODEL_CMPD:0000956,s_1213,NADPH,C21H26N7O17P3,-4,er,,,,,,Yeast-MetaTwin,s_1213,model,Extracted from Yeast-MetaTwin model; external IDs to be filled by mapping phase.
MODEL_CMPD:0000957,s_1214,NADPH,C21H26N7O17P3,-4,m,,,,,,Yeast-MetaTwin,s_1214,model,Extracted from Yeast-MetaTwin model; external IDs to be filled by mapping phase.
MODEL_CMPD:0000958,s_1215,NADPH,C21H26N7O17P3,-4,p,,,,,,Yeast-MetaTwin,s_1215,model,Extracted from Yeast-MetaTwin model; external IDs to be filled by mapping phase.
MODEL_CMPD:0000959,s_1216,nicotinamide,C6H6N2O,0,c,,,,,,Yeast-MetaTwin,s_1216,model,Extracted from Yeast-MetaTwin model; external IDs to be filled by mapping phase.
MODEL_CMPD:0000960,s_1217,nicotinamide,C6H6N2O,0,n,,,,,,Yeast-MetaTwin,s_1217,model,Extracted from Yeast-MetaTwin model; external IDs to be filled by mapping phase.
MODEL_CMPD:0000961,s_1218,nicotinamide riboside,C11H15N2O5,1,c,,,,,,Yeast-MetaTwin,s_1218,model,Extracted from Yeast-MetaTwin model; external IDs to be filled by mapping phase.
MODEL_CMPD:0000962,s_1219,nicotinate,C6H4NO2,-1,c,,,,,,Yeast-MetaTwin,s_1219,model,Extracted from Yeast-MetaTwin model; external IDs to be filled by mapping phase.
MODEL_CMPD:0000963,s_1220,nicotinate,C6H4NO2,-1,e,,,,,,Yeast-MetaTwin,s_1220,model,Extracted from Yeast-MetaTwin model; external IDs to be filled by mapping phase.
MODEL_CMPD:0000964,s_1221,nicotinate,C6H4NO2,-1,m,,,,,,Yeast-MetaTwin,s_1221,model,Extracted from Yeast-MetaTwin model; external IDs to be filled by mapping phase.
MODEL_CMPD:0000965,s_1222,nicotinic acid D-ribonucleotide,C11H12NO9P,-2,c,,,,,,Yeast-MetaTwin,s_1222,model,Extracted from Yeast-MetaTwin model; external IDs to be filled by mapping phase.
MODEL_CMPD:0000966,s_1223,nicotinic acid D-ribonucleotide,C11H12NO9P,-2,m,,,,,,Yeast-MetaTwin,s_1223,model,Extracted from Yeast-MetaTwin model; external IDs to be filled by mapping phase.
MODEL_CMPD:0000967,s_1224,NMN,C11H14N2O8P,-1,c,,,,,,Yeast-MetaTwin,s_1224,model,Extracted from Yeast-MetaTwin model; external IDs to be filled by mapping phase.
MODEL_CMPD:0000968,s_1225,NMN,C11H14N2O8P,-1,e,,,,,,Yeast-MetaTwin,s_1225,model,Extracted from Yeast-MetaTwin model; external IDs to be filled by mapping phase.
MODEL_CMPD:0000969,s_1227,NMN,C11H14N2O8P,-1,n,,,,,,Yeast-MetaTwin,s_1227,model,Extracted from Yeast-MetaTwin model; external IDs to be filled by mapping phase.
MODEL_CMPD:0000970,s_1228,NMN,C11H14N2O8P,-1,p,,,,,,Yeast-MetaTwin,s_1228,model,Extracted from Yeast-MetaTwin model; external IDs to be filled by mapping phase.
MODEL_CMPD:0000971,s_1229,nonadecaprenyl diphosphate,C95H153O7P2,-3,lp,,,,,,Yeast-MetaTwin,s_1229,model,Extracted from Yeast-MetaTwin model; external IDs to be filled by mapping phase.
MODEL_CMPD:0000972,s_1230,nonaprenyl 4-hydroxybenzoate,C52H77O3,-1,c,,,,,,Yeast-MetaTwin,s_1230,model,Extracted from Yeast-MetaTwin model; external IDs to be filled by mapping phase.
MODEL_CMPD:0000973,s_1231,nonaprenyl diphosphate,C45H73O7P2,-3,c,,,,,,Yeast-MetaTwin,s_1231,model,Extracted from Yeast-MetaTwin model; external IDs to be filled by mapping phase.
MODEL_CMPD:0000974,s_1232,nonaprenyl diphosphate,C45H73O7P2,-3,lp,,,,,,Yeast-MetaTwin,s_1232,model,Extracted from Yeast-MetaTwin model; external IDs to be filled by mapping phase.
MODEL_CMPD:0000975,s_1233,O-acetyl-L-homoserine,C6H11NO4,0,c,,,,,,Yeast-MetaTwin,s_1233,model,Extracted from Yeast-MetaTwin model; external IDs to be filled by mapping phase.
MODEL_CMPD:0000976,s_1234,O-acetyl-L-serine,C5H9NO4,0,c,,,,,,Yeast-MetaTwin,s_1234,model,Extracted from Yeast-MetaTwin model; external IDs to be filled by mapping phase.
MODEL_CMPD:0000977,s_1235,O-acetylcarnitine,C9H17NO4,0,c,,,,,,Yeast-MetaTwin,s_1235,model,Extracted from Yeast-MetaTwin model; external IDs to be filled by mapping phase.
MODEL_CMPD:0000978,s_1236,O-acetylcarnitine,C9H17NO4,0,m,,,,,,Yeast-MetaTwin,s_1236,model,Extracted from Yeast-MetaTwin model; external IDs to be filled by mapping phase.
MODEL_CMPD:0000979,s_1237,O-acetylcarnitine,C9H17NO4,0,p,,,,,,Yeast-MetaTwin,s_1237,model,Extracted from Yeast-MetaTwin model; external IDs to be filled by mapping phase.
MODEL_CMPD:0000980,s_1238,O-phospho-L-homoserine,C4H8NO6P,-2,c,,,,,,Yeast-MetaTwin,s_1238,model,Extracted from Yeast-MetaTwin model; external IDs to be filled by mapping phase.
MODEL_CMPD:0000981,s_1239,O-phosphoethanolamine,C2H7NO4P,-1,c,,,,,,Yeast-MetaTwin,s_1239,model,Extracted from Yeast-MetaTwin model; external IDs to be filled by mapping phase.
MODEL_CMPD:0000982,s_1240,O-phosphoethanolamine,C2H7NO4P,-1,er,,,,,,Yeast-MetaTwin,s_1240,model,Extracted from Yeast-MetaTwin model; external IDs to be filled by mapping phase.
MODEL_CMPD:0000983,s_1241,O-succinyl-L-homoserine,C8H12NO6,-1,c,,,,,,Yeast-MetaTwin,s_1241,model,Extracted from Yeast-MetaTwin model; external IDs to be filled by mapping phase.
MODEL_CMPD:0000984,s_1246,octadecaprenyl diphosphate,C90H145O7P2,-3,lp,,,,,,Yeast-MetaTwin,s_1246,model,Extracted from Yeast-MetaTwin model; external IDs to be filled by mapping phase.
MODEL_CMPD:0000985,s_1248,octanoate,C8H15O2,-1,c,,,,,,Yeast-MetaTwin,s_1248,model,Extracted from Yeast-MetaTwin model; external IDs to be filled by mapping phase.
MODEL_CMPD:0000986,s_1250,octanoate,C8H15O2,-1,e,,,,,,Yeast-MetaTwin,s_1250,model,Extracted from Yeast-MetaTwin model; external IDs to be filled by mapping phase.
MODEL_CMPD:0000987,s_1253,octanoate,C8H15O2,-1,p,,,,,,Yeast-MetaTwin,s_1253,model,Extracted from Yeast-MetaTwin model; external IDs to be filled by mapping phase.
MODEL_CMPD:0000988,s_1254,octanoyl-ACP,C8H15OSR,0,m,,,,,,Yeast-MetaTwin,s_1254,model,Extracted from Yeast-MetaTwin model; external IDs to be filled by mapping phase.
MODEL_CMPD:0000989,s_1258,octanoyl-CoA,C29H46N7O17P3S,-4,p,,,,,,Yeast-MetaTwin,s_1258,model,Extracted from Yeast-MetaTwin model; external IDs to be filled by mapping phase.
MODEL_CMPD:0000990,s_1259,octaprenyl diphosphate,C40H65O7P2,-3,lp,,,,,,Yeast-MetaTwin,s_1259,model,Extracted from Yeast-MetaTwin model; external IDs to be filled by mapping phase.
MODEL_CMPD:0000991,s_1260,oleate,C18H33O2,-1,c,,,,,,Yeast-MetaTwin,s_1260,model,Extracted from Yeast-MetaTwin model; external IDs to be filled by mapping phase.
MODEL_CMPD:0000992,s_1262,oleoyl-CoA,C39H64N7O17P3S,-4,c,,,,,,Yeast-MetaTwin,s_1262,model,Extracted from Yeast-MetaTwin model; external IDs to be filled by mapping phase.
MODEL_CMPD:0000993,s_1265,oleoyl-CoA,C39H64N7O17P3S,-4,p,,,,,,Yeast-MetaTwin,s_1265,model,Extracted from Yeast-MetaTwin model; external IDs to be filled by mapping phase.
MODEL_CMPD:0000994,s_1266,ornithine,C5H13N2O2,1,c,,,,,,Yeast-MetaTwin,s_1266,model,Extracted from Yeast-MetaTwin model; external IDs to be filled by mapping phase.
MODEL_CMPD:0000995,s_1267,ornithine,C5H13N2O2,1,e,,,,,,Yeast-MetaTwin,s_1267,model,Extracted from Yeast-MetaTwin model; external IDs to be filled by mapping phase.
MODEL_CMPD:0000996,s_1268,ornithine,C5H13N2O2,1,m,,,,,,Yeast-MetaTwin,s_1268,model,Extracted from Yeast-MetaTwin model; external IDs to be filled by mapping phase.
MODEL_CMPD:0000997,s_1269,orotate,C5H3N2O4,-1,c,,,,,,Yeast-MetaTwin,s_1269,model,Extracted from Yeast-MetaTwin model; external IDs to be filled by mapping phase.
MODEL_CMPD:0000998,s_1270,orotidine 5'-(dihydrogen phosphate),C10H10N2O11P,-3,c,,,,,,Yeast-MetaTwin,s_1270,model,Extracted from Yeast-MetaTwin model; external IDs to be filled by mapping phase.
MODEL_CMPD:0000999,s_1271,oxaloacetate,C4H2O5,-2,c,,,,,,Yeast-MetaTwin,s_1271,model,Extracted from Yeast-MetaTwin model; external IDs to be filled by mapping phase.
MODEL_CMPD:0001000,s_1272,oxaloacetate,C4H2O5,-2,e,,,,,,Yeast-MetaTwin,s_1272,model,Extracted from Yeast-MetaTwin model; external IDs to be filled by mapping phase.
MODEL_CMPD:0001001,s_1273,oxaloacetate,C4H2O5,-2,m,,,,,,Yeast-MetaTwin,s_1273,model,Extracted from Yeast-MetaTwin model; external IDs to be filled by mapping phase.
MODEL_CMPD:0001002,s_1274,oxaloacetate,C4H2O5,-2,p,,,,,,Yeast-MetaTwin,s_1274,model,Extracted from Yeast-MetaTwin model; external IDs to be filled by mapping phase.
MODEL_CMPD:0001003,s_1275,oxygen,O2,0,c,,,,,,Yeast-MetaTwin,s_1275,model,Extracted from Yeast-MetaTwin model; external IDs to be filled by mapping phase.
MODEL_CMPD:0001004,s_1276,oxygen,O2,0,er,,,,,,Yeast-MetaTwin,s_1276,model,Extracted from Yeast-MetaTwin model; external IDs to be filled by mapping phase.
MODEL_CMPD:0001005,s_1277,oxygen,O2,0,e,,,,,,Yeast-MetaTwin,s_1277,model,Extracted from Yeast-MetaTwin model; external IDs to be filled by mapping phase.
MODEL_CMPD:0001006,s_1278,oxygen,O2,0,m,,,,,,Yeast-MetaTwin,s_1278,model,Extracted from Yeast-MetaTwin model; external IDs to be filled by mapping phase.
MODEL_CMPD:0001007,s_1279,oxygen,O2,0,p,,,,,,Yeast-MetaTwin,s_1279,model,Extracted from Yeast-MetaTwin model; external IDs to be filled by mapping phase.
MODEL_CMPD:0001008,s_1282,"P(1),P(4)-bis(5'-adenosyl) tetraphosphate",C20H24N10O19P4,-4,c,,,,,,Yeast-MetaTwin,s_1282,model,Extracted from Yeast-MetaTwin model; external IDs to be filled by mapping phase.
MODEL_CMPD:0001009,s_1283,"P(1),P(4)-bis(5'-guanosyl) tetraphosphate",C20H24N10O21P4,-4,c,,,,,,Yeast-MetaTwin,s_1283,model,Extracted from Yeast-MetaTwin model; external IDs to be filled by mapping phase.
MODEL_CMPD:0001010,s_1284,"P1-(5'-adenosyl),P4-(5'-guanosyl) tetraphosphate",C20H24N10O20P4,-4,c,,,,,,Yeast-MetaTwin,s_1284,model,Extracted from Yeast-MetaTwin model; external IDs to be filled by mapping phase.
MODEL_CMPD:0001011,s_1286,palmitate,C16H31O2,-1,c,,,,,,Yeast-MetaTwin,s_1286,model,Extracted from Yeast-MetaTwin model; external IDs to be filled by mapping phase.
MODEL_CMPD:0001012,s_1288,palmitate,C16H31O2,-1,e,,,,,,Yeast-MetaTwin,s_1288,model,Extracted from Yeast-MetaTwin model; external IDs to be filled by mapping phase.
MODEL_CMPD:0001013,s_1291,palmitate,C16H31O2,-1,p,,,,,,Yeast-MetaTwin,s_1291,model,Extracted from Yeast-MetaTwin model; external IDs to be filled by mapping phase.
MODEL_CMPD:0001014,s_1293,palmitoleate,C16H29O2,-1,c,,,,,,Yeast-MetaTwin,s_1293,model,Extracted from Yeast-MetaTwin model; external IDs to be filled by mapping phase.
MODEL_CMPD:0001015,s_1295,palmitoleate,C16H29O2,-1,e,,,,,,Yeast-MetaTwin,s_1295,model,Extracted from Yeast-MetaTwin model; external IDs to be filled by mapping phase.
MODEL_CMPD:0001016,s_1298,palmitoleate,C16H29O2,-1,p,,,,,,Yeast-MetaTwin,s_1298,model,Extracted from Yeast-MetaTwin model; external IDs to be filled by mapping phase.
MODEL_CMPD:0001017,s_1302,palmitoyl-CoA,C37H62N7O17P3S,-4,c,,,,,,Yeast-MetaTwin,s_1302,model,Extracted from Yeast-MetaTwin model; external IDs to be filled by mapping phase.
MODEL_CMPD:0001018,s_1303,palmitoyl-CoA,C37H62N7O17P3S,-4,er,,,,,,Yeast-MetaTwin,s_1303,model,Extracted from Yeast-MetaTwin model; external IDs to be filled by mapping phase.
MODEL_CMPD:0001019,s_1305,palmitoyl-CoA,C37H62N7O17P3S,-4,p,,,,,,Yeast-MetaTwin,s_1305,model,Extracted from Yeast-MetaTwin model; external IDs to be filled by mapping phase.
MODEL_CMPD:0001020,s_1307,pantetheine 4'-phosphate,C11H21N2O7PS,-2,c,,,,,,Yeast-MetaTwin,s_1307,model,Extracted from Yeast-MetaTwin model; external IDs to be filled by mapping phase.
MODEL_CMPD:0001021,s_1308,pantetheine 4'-phosphate,C11H21N2O7PS,-2,m,,,,,,Yeast-MetaTwin,s_1308,model,Extracted from Yeast-MetaTwin model; external IDs to be filled by mapping phase.
MODEL_CMPD:0001022,s_1309,pectin,C6H7O6,0,e,,,,,,Yeast-MetaTwin,s_1309,model,Extracted from Yeast-MetaTwin model; external IDs to be filled by mapping phase.
MODEL_CMPD:0001023,s_1310,pentadecaprenyl diphosphate,C75H121O7P2,-3,lp,,,,,,Yeast-MetaTwin,s_1310,model,Extracted from Yeast-MetaTwin model; external IDs to be filled by mapping phase.
MODEL_CMPD:0001024,s_1311,pentaprenyl diphosphate,C25H41O7P2,-3,c,,,,,,Yeast-MetaTwin,s_1311,model,Extracted from Yeast-MetaTwin model; external IDs to be filled by mapping phase.
MODEL_CMPD:0001025,s_1312,pentaprenyl diphosphate,C25H41O7P2,-3,lp,,,,,,Yeast-MetaTwin,s_1312,model,Extracted from Yeast-MetaTwin model; external IDs to be filled by mapping phase.
MODEL_CMPD:0001026,s_1313,pentaprenyl diphosphate,C25H41O7P2,-3,m,,,,,,Yeast-MetaTwin,s_1313,model,Extracted from Yeast-MetaTwin model; external IDs to be filled by mapping phase.
MODEL_CMPD:0001027,s_1314,Phe-tRNA(Phe),C9H11NOR,1,c,,,,,,Yeast-MetaTwin,s_1314,model,Extracted from Yeast-MetaTwin model; external IDs to be filled by mapping phase.
MODEL_CMPD:0001028,s_1315,Phe-tRNA(Phe),C9H11NOR,1,m,,,,,,Yeast-MetaTwin,s_1315,model,Extracted from Yeast-MetaTwin model; external IDs to be filled by mapping phase.
MODEL_CMPD:0001029,s_1316,phenethyl acetate,C10H12O2,0,c,,,,,,Yeast-MetaTwin,s_1316,model,Extracted from Yeast-MetaTwin model; external IDs to be filled by mapping phase.
MODEL_CMPD:0001030,s_1317,phenethyl acetate,C10H12O2,0,e,,,,,,Yeast-MetaTwin,s_1317,model,Extracted from Yeast-MetaTwin model; external IDs to be filled by mapping phase.
MODEL_CMPD:0001031,s_1318,phenylacetaldehyde,C8H8O,0,c,,,,,,Yeast-MetaTwin,s_1318,model,Extracted from Yeast-MetaTwin model; external IDs to be filled by mapping phase.
MODEL_CMPD:0001032,s_1319,phenylacetaldehyde,C8H8O,0,e,,,,,,Yeast-MetaTwin,s_1319,model,Extracted from Yeast-MetaTwin model; external IDs to be filled by mapping phase.
MODEL_CMPD:0001033,s_1320,phenylacetaldehyde,C8H8O,0,m,,,,,,Yeast-MetaTwin,s_1320,model,Extracted from Yeast-MetaTwin model; external IDs to be filled by mapping phase.
MODEL_CMPD:0001034,s_1321,phenylacetic acid,C8H7O2,-1,c,,,,,,Yeast-MetaTwin,s_1321,model,Extracted from Yeast-MetaTwin model; external IDs to be filled by mapping phase.
MODEL_CMPD:0001035,s_1322,phosphate,HO4P,-2,c,,,,,,Yeast-MetaTwin,s_1322,model,Extracted from Yeast-MetaTwin model; external IDs to be filled by mapping phase.
MODEL_CMPD:0001036,s_1323,phosphate,HO4P,-2,er,,,,,,Yeast-MetaTwin,s_1323,model,Extracted from Yeast-MetaTwin model; external IDs to be filled by mapping phase.
MODEL_CMPD:0001037,s_1324,phosphate,HO4P,-2,e,,,,,,Yeast-MetaTwin,s_1324,model,Extracted from Yeast-MetaTwin model; external IDs to be filled by mapping phase.
MODEL_CMPD:0001038,s_1325,phosphate,HO4P,-2,g,,,,,,Yeast-MetaTwin,s_1325,model,Extracted from Yeast-MetaTwin model; external IDs to be filled by mapping phase.
MODEL_CMPD:0001039,s_1326,phosphate,HO4P,-2,m,,,,,,Yeast-MetaTwin,s_1326,model,Extracted from Yeast-MetaTwin model; external IDs to be filled by mapping phase.
MODEL_CMPD:0001040,s_1329,phosphate,HO4P,-2,v,,,,,,Yeast-MetaTwin,s_1329,model,Extracted from Yeast-MetaTwin model; external IDs to be filled by mapping phase.
MODEL_CMPD:0001041,s_1337,phosphatidyl-L-serine backbone,C6H10NO6P,0,c,,,,,,Yeast-MetaTwin,s_1337,model,Extracted from Yeast-MetaTwin model; external IDs to be filled by mapping phase.
MODEL_CMPD:0001042,s_1346,phosphatidylcholine backbone,C8H16NO3P,1,c,,,,,,Yeast-MetaTwin,s_1346,model,Extracted from Yeast-MetaTwin model; external IDs to be filled by mapping phase.
MODEL_CMPD:0001043,s_1351,phosphatidylethanolamine backbone,C5H10NO4P,0,c,,,,,,Yeast-MetaTwin,s_1351,model,Extracted from Yeast-MetaTwin model; external IDs to be filled by mapping phase.
MODEL_CMPD:0001044,s_1352,phosphatidylethanolamine backbone,C5H10NO4P,0,er,,,,,,Yeast-MetaTwin,s_1352,model,Extracted from Yeast-MetaTwin model; external IDs to be filled by mapping phase.
MODEL_CMPD:0001045,s_1360,phosphoenolpyruvate,C3H2O6P,-3,c,,,,,,Yeast-MetaTwin,s_1360,model,Extracted from Yeast-MetaTwin model; external IDs to be filled by mapping phase.
MODEL_CMPD:0001046,s_1361,phosphoenolpyruvate,C3H2O6P,-3,m,,,,,,Yeast-MetaTwin,s_1361,model,Extracted from Yeast-MetaTwin model; external IDs to be filled by mapping phase.
MODEL_CMPD:0001047,s_1364,phosphoribosyl-carboxy-aminoimidazole,C9H12N3O9P,-2,c,,,,,,Yeast-MetaTwin,s_1364,model,Extracted from Yeast-MetaTwin model; external IDs to be filled by mapping phase.
MODEL_CMPD:0001048,s_1365,phosphoribosyl-formamido-carboxamide,C10H13N4O9P,-2,c,,,,,,Yeast-MetaTwin,s_1365,model,Extracted from Yeast-MetaTwin model; external IDs to be filled by mapping phase.
MODEL_CMPD:0001049,s_1366,phytosphingosine,C18H40NO3,1,er,,,,,,Yeast-MetaTwin,s_1366,model,Extracted from Yeast-MetaTwin model; external IDs to be filled by mapping phase.
MODEL_CMPD:0001050,s_1367,phytosphingosine 1-phosphate,C18H39NO6P,-1,er,,,,,,Yeast-MetaTwin,s_1367,model,Extracted from Yeast-MetaTwin model; external IDs to be filled by mapping phase.
MODEL_CMPD:0001051,s_1368,pimeloyl-CoA,C28H41N7O19P3S,-5,c,,,,,,Yeast-MetaTwin,s_1368,model,Extracted from Yeast-MetaTwin model; external IDs to be filled by mapping phase.
MODEL_CMPD:0001052,s_1371,polysulphur,S,0,c,,,,,,Yeast-MetaTwin,s_1371,model,Extracted from Yeast-MetaTwin model; external IDs to be filled by mapping phase.
MODEL_CMPD:0001053,s_1372,porphobilinogen,C10H13N2O4,-1,c,,,,,,Yeast-MetaTwin,s_1372,model,Extracted from Yeast-MetaTwin model; external IDs to be filled by mapping phase.
MODEL_CMPD:0001054,s_1373,potassium,K,0,c,,,,,,Yeast-MetaTwin,s_1373,model,Extracted from Yeast-MetaTwin model; external IDs to be filled by mapping phase.
MODEL_CMPD:0001055,s_1374,potassium,K,0,e,,,,,,Yeast-MetaTwin,s_1374,model,Extracted from Yeast-MetaTwin model; external IDs to be filled by mapping phase.
MODEL_CMPD:0001056,s_1375,precorrin-2,C42H41N4O16,-7,c,,,,,,Yeast-MetaTwin,s_1375,model,Extracted from Yeast-MetaTwin model; external IDs to be filled by mapping phase.
MODEL_CMPD:0001057,s_1376,prenyl diphosphate(3-),C5H9O7P2,-3,c,,,,,,Yeast-MetaTwin,s_1376,model,Extracted from Yeast-MetaTwin model; external IDs to be filled by mapping phase.
MODEL_CMPD:0001058,s_1377,prephenate,C10H8O6,-2,c,,,,,,Yeast-MetaTwin,s_1377,model,Extracted from Yeast-MetaTwin model; external IDs to be filled by mapping phase.
MODEL_CMPD:0001059,s_1378,preuroporphyrinogen,C40H38N4O17,-8,c,,,,,,Yeast-MetaTwin,s_1378,model,Extracted from Yeast-MetaTwin model; external IDs to be filled by mapping phase.
MODEL_CMPD:0001060,s_1379,Pro-tRNA(Pro),C5H9NOR,1,c,,,,,,Yeast-MetaTwin,s_1379,model,Extracted from Yeast-MetaTwin model; external IDs to be filled by mapping phase.
MODEL_CMPD:0001061,s_1382,propionyl-CoA,C24H36N7O17P3S,-4,m,,,,,,Yeast-MetaTwin,s_1382,model,Extracted from Yeast-MetaTwin model; external IDs to be filled by mapping phase.
MODEL_CMPD:0001062,s_1383,protoporphyrin,C34H32N4O4,-2,m,,,,,,Yeast-MetaTwin,s_1383,model,Extracted from Yeast-MetaTwin model; external IDs to be filled by mapping phase.
MODEL_CMPD:0001063,s_1384,protoporphyrinogen,C34H38N4O4,-2,c,,,,,,Yeast-MetaTwin,s_1384,model,Extracted from Yeast-MetaTwin model; external IDs to be filled by mapping phase.
MODEL_CMPD:0001064,s_1385,protoporphyrinogen,C34H38N4O4,-2,m,,,,,,Yeast-MetaTwin,s_1385,model,Extracted from Yeast-MetaTwin model; external IDs to be filled by mapping phase.
MODEL_CMPD:0001065,s_1386,PRPP,C5H8O14P3,-5,c,,,,,,Yeast-MetaTwin,s_1386,model,Extracted from Yeast-MetaTwin model; external IDs to be filled by mapping phase.
MODEL_CMPD:0001066,s_1387,PRPP,C5H8O14P3,-5,m,,,,,,Yeast-MetaTwin,s_1387,model,Extracted from Yeast-MetaTwin model; external IDs to be filled by mapping phase.
MODEL_CMPD:0001067,s_1388,pseudouridine 5'-phosphate,C9H11N2O9P,-2,c,,,,,,Yeast-MetaTwin,s_1388,model,Extracted from Yeast-MetaTwin model; external IDs to be filled by mapping phase.
MODEL_CMPD:0001068,s_1389,putrescine,C4H14N2,2,c,,,,,,Yeast-MetaTwin,s_1389,model,Extracted from Yeast-MetaTwin model; external IDs to be filled by mapping phase.
MODEL_CMPD:0001069,s_1390,putrescine,C4H14N2,2,e,,,,,,Yeast-MetaTwin,s_1390,model,Extracted from Yeast-MetaTwin model; external IDs to be filled by mapping phase.
MODEL_CMPD:0001070,s_1391,putrescine,C4H14N2,2,v,,,,,,Yeast-MetaTwin,s_1391,model,Extracted from Yeast-MetaTwin model; external IDs to be filled by mapping phase.
MODEL_CMPD:0001071,s_1392,pyridoxal,C8H9NO3,0,c,,,,,,Yeast-MetaTwin,s_1392,model,Extracted from Yeast-MetaTwin model; external IDs to be filled by mapping phase.
MODEL_CMPD:0001072,s_1393,pyridoxal 5'-phosphate,C8H8NO6P,-2,c,,,,,,Yeast-MetaTwin,s_1393,model,Extracted from Yeast-MetaTwin model; external IDs to be filled by mapping phase.
MODEL_CMPD:0001073,s_1394,pyridoxamine,C8H13N2O2,1,c,,,,,,Yeast-MetaTwin,s_1394,model,Extracted from Yeast-MetaTwin model; external IDs to be filled by mapping phase.
MODEL_CMPD:0001074,s_1395,pyridoxamine 5'-phosphate,C8H12N2O5P,-1,c,,,,,,Yeast-MetaTwin,s_1395,model,Extracted from Yeast-MetaTwin model; external IDs to be filled by mapping phase.
MODEL_CMPD:0001075,s_1396,pyridoxine,C8H11NO3,0,c,,,,,,Yeast-MetaTwin,s_1396,model,Extracted from Yeast-MetaTwin model; external IDs to be filled by mapping phase.
MODEL_CMPD:0001076,s_1397,pyridoxine,C8H11NO3,0,e,,,,,,Yeast-MetaTwin,s_1397,model,Extracted from Yeast-MetaTwin model; external IDs to be filled by mapping phase.
MODEL_CMPD:0001077,s_1398,pyridoxine 5'-phosphate,C8H10NO6P,-2,c,,,,,,Yeast-MetaTwin,s_1398,model,Extracted from Yeast-MetaTwin model; external IDs to be filled by mapping phase.
MODEL_CMPD:0001078,s_1399,pyruvate,C3H3O3,-1,c,,,,,,Yeast-MetaTwin,s_1399,model,Extracted from Yeast-MetaTwin model; external IDs to be filled by mapping phase.
MODEL_CMPD:0001079,s_1400,pyruvate,C3H3O3,-1,e,,,,,,Yeast-MetaTwin,s_1400,model,Extracted from Yeast-MetaTwin model; external IDs to be filled by mapping phase.
MODEL_CMPD:0001080,s_1401,pyruvate,C3H3O3,-1,m,,,,,,Yeast-MetaTwin,s_1401,model,Extracted from Yeast-MetaTwin model; external IDs to be filled by mapping phase.
MODEL_CMPD:0001081,s_1403,quinolinate,C7H3NO4,-2,c,,,,,,Yeast-MetaTwin,s_1403,model,Extracted from Yeast-MetaTwin model; external IDs to be filled by mapping phase.
MODEL_CMPD:0001082,s_1404,quinolinate,C7H3NO4,-2,m,,,,,,Yeast-MetaTwin,s_1404,model,Extracted from Yeast-MetaTwin model; external IDs to be filled by mapping phase.
MODEL_CMPD:0001083,s_1405,riboflavin,C17H19N4O6,-1,c,,,,,,Yeast-MetaTwin,s_1405,model,Extracted from Yeast-MetaTwin model; external IDs to be filled by mapping phase.
MODEL_CMPD:0001084,s_1406,riboflavin,C17H19N4O6,-1,e,,,,,,Yeast-MetaTwin,s_1406,model,Extracted from Yeast-MetaTwin model; external IDs to be filled by mapping phase.
MODEL_CMPD:0001085,s_1407,riboflavin,C17H19N4O6,-1,m,,,,,,Yeast-MetaTwin,s_1407,model,Extracted from Yeast-MetaTwin model; external IDs to be filled by mapping phase.
MODEL_CMPD:0001086,s_1408,ribose-5-phosphate,C5H9O8P,-2,c,,,,,,Yeast-MetaTwin,s_1408,model,Extracted from Yeast-MetaTwin model; external IDs to be filled by mapping phase.
MODEL_CMPD:0001087,s_1409,S(8)-aminomethyldihydrolipoamide,C9H21N2OS2,1,m,,,,,,Yeast-MetaTwin,s_1409,model,Extracted from Yeast-MetaTwin model; external IDs to be filled by mapping phase.
MODEL_CMPD:0001088,s_1410,S(8)-aminomethyldihydrolipoylprotein,C9H19N2OS2R,0,m,,,,,,Yeast-MetaTwin,s_1410,model,Extracted from Yeast-MetaTwin model; external IDs to be filled by mapping phase.
MODEL_CMPD:0001089,s_1411,S(8)-succinyldihydrolipoamide,C12H20NO4S2,-1,m,,,,,,Yeast-MetaTwin,s_1411,model,Extracted from Yeast-MetaTwin model; external IDs to be filled by mapping phase.
MODEL_CMPD:0001090,s_1412,S-adenosyl-4-methylthio-2-oxobutanoate,C15H19N5O6S,0,c,,,,,,Yeast-MetaTwin,s_1412,model,Extracted from Yeast-MetaTwin model; external IDs to be filled by mapping phase.
MODEL_CMPD:0001091,s_1413,S-adenosyl-L-homocysteine,C14H20N6O5S,0,c,,,,,,Yeast-MetaTwin,s_1413,model,Extracted from Yeast-MetaTwin model; external IDs to be filled by mapping phase.
MODEL_CMPD:0001092,s_1415,S-adenosyl-L-homocysteine,C14H20N6O5S,0,m,,,,,,Yeast-MetaTwin,s_1415,model,Extracted from Yeast-MetaTwin model; external IDs to be filled by mapping phase.
MODEL_CMPD:0001093,s_1416,S-adenosyl-L-methionine,C15H23N6O5S,1,c,,,,,,Yeast-MetaTwin,s_1416,model,Extracted from Yeast-MetaTwin model; external IDs to be filled by mapping phase.
MODEL_CMPD:0001094,s_1418,S-adenosyl-L-methionine,C15H23N6O5S,1,e,,,,,,Yeast-MetaTwin,s_1418,model,Extracted from Yeast-MetaTwin model; external IDs to be filled by mapping phase.
MODEL_CMPD:0001095,s_1419,S-adenosyl-L-methionine,C15H23N6O5S,1,m,,,,,,Yeast-MetaTwin,s_1419,model,Extracted from Yeast-MetaTwin model; external IDs to be filled by mapping phase.
MODEL_CMPD:0001096,s_1420,S-adenosylmethioninamine,C14H24N6O3S,2,c,,,,,,Yeast-MetaTwin,s_1420,model,Extracted from Yeast-MetaTwin model; external IDs to be filled by mapping phase.
MODEL_CMPD:0001097,s_1421,S-formylglutathione,C11H16N3O7S,-1,c,,,,,,Yeast-MetaTwin,s_1421,model,Extracted from Yeast-MetaTwin model; external IDs to be filled by mapping phase.
MODEL_CMPD:0001098,s_1422,S-methyl-5-thio-alpha-D-ribose 1-phosphate,C6H11O7PS,-2,c,,,,,,Yeast-MetaTwin,s_1422,model,Extracted from Yeast-MetaTwin model; external IDs to be filled by mapping phase.
MODEL_CMPD:0001099,s_1423,S-methyl-5-thio-D-ribulose 1-phosphate,C6H11O7PS,-2,c,,,,,,Yeast-MetaTwin,s_1423,model,Extracted from Yeast-MetaTwin model; external IDs to be filled by mapping phase.
MODEL_CMPD:0001100,s_1424,S-methyl-L-methionine,C6H14NO2S,1,c,,,,,,Yeast-MetaTwin,s_1424,model,Extracted from Yeast-MetaTwin model; external IDs to be filled by mapping phase.
MODEL_CMPD:0001101,s_1425,S-methyl-L-methionine,C6H14NO2S,1,e,,,,,,Yeast-MetaTwin,s_1425,model,Extracted from Yeast-MetaTwin model; external IDs to be filled by mapping phase.
MODEL_CMPD:0001102,s_1426,"sedoheptulose 1,7-bisphosphate",C7H12O13P2,-4,c,,,,,,Yeast-MetaTwin,s_1426,model,Extracted from Yeast-MetaTwin model; external IDs to be filled by mapping phase.
MODEL_CMPD:0001103,s_1427,sedoheptulose 7-phosphate,C7H13O10P,-2,c,,,,,,Yeast-MetaTwin,s_1427,model,Extracted from Yeast-MetaTwin model; external IDs to be filled by mapping phase.
MODEL_CMPD:0001104,s_1428,Ser-tRNA(Ser),C3H7NO2R,1,c,,,,,,Yeast-MetaTwin,s_1428,model,Extracted from Yeast-MetaTwin model; external IDs to be filled by mapping phase.
MODEL_CMPD:0001105,s_1429,shikimate,C7H9O5,-1,c,,,,,,Yeast-MetaTwin,s_1429,model,Extracted from Yeast-MetaTwin model; external IDs to be filled by mapping phase.
MODEL_CMPD:0001106,s_1430,siroheme,C42H36FeN4O16,-8,c,,,,,,Yeast-MetaTwin,s_1430,model,Extracted from Yeast-MetaTwin model; external IDs to be filled by mapping phase.
MODEL_CMPD:0001107,s_1431,sirohydrochlorin,C42H38N4O16,-8,c,,,,,,Yeast-MetaTwin,s_1431,model,Extracted from Yeast-MetaTwin model; external IDs to be filled by mapping phase.
MODEL_CMPD:0001108,s_1432,sn-glycero-3-phosphocholine,C8H20NO6P,0,ce,,,,,,Yeast-MetaTwin,s_1432,model,Extracted from Yeast-MetaTwin model; external IDs to be filled by mapping phase.
MODEL_CMPD:0001109,s_1433,sn-glycero-3-phosphocholine,C8H20NO6P,0,c,,,,,,Yeast-MetaTwin,s_1433,model,Extracted from Yeast-MetaTwin model; external IDs to be filled by mapping phase.
MODEL_CMPD:0001110,s_1435,sn-glycero-3-phosphocholine,C8H20NO6P,0,e,,,,,,Yeast-MetaTwin,s_1435,model,Extracted from Yeast-MetaTwin model; external IDs to be filled by mapping phase.
MODEL_CMPD:0001111,s_1437,sodium,Na,0,c,,,,,,Yeast-MetaTwin,s_1437,model,Extracted from Yeast-MetaTwin model; external IDs to be filled by mapping phase.
MODEL_CMPD:0001112,s_1438,sodium,Na,0,e,,,,,,Yeast-MetaTwin,s_1438,model,Extracted from Yeast-MetaTwin model; external IDs to be filled by mapping phase.
MODEL_CMPD:0001113,s_1439,spermidine,C7H22N3,3,c,,,,,,Yeast-MetaTwin,s_1439,model,Extracted from Yeast-MetaTwin model; external IDs to be filled by mapping phase.
MODEL_CMPD:0001114,s_1440,spermidine,C7H22N3,3,e,,,,,,Yeast-MetaTwin,s_1440,model,Extracted from Yeast-MetaTwin model; external IDs to be filled by mapping phase.
MODEL_CMPD:0001115,s_1441,spermidine,C7H22N3,3,v,,,,,,Yeast-MetaTwin,s_1441,model,Extracted from Yeast-MetaTwin model; external IDs to be filled by mapping phase.
MODEL_CMPD:0001116,s_1442,spermine,C10H30N4,4,c,,,,,,Yeast-MetaTwin,s_1442,model,Extracted from Yeast-MetaTwin model; external IDs to be filled by mapping phase.
MODEL_CMPD:0001117,s_1443,spermine,C10H30N4,4,e,,,,,,Yeast-MetaTwin,s_1443,model,Extracted from Yeast-MetaTwin model; external IDs to be filled by mapping phase.
MODEL_CMPD:0001118,s_1444,spermine,C10H30N4,4,v,,,,,,Yeast-MetaTwin,s_1444,model,Extracted from Yeast-MetaTwin model; external IDs to be filled by mapping phase.
MODEL_CMPD:0001119,s_1445,sphinganine,C18H40NO2,1,er,,,,,,Yeast-MetaTwin,s_1445,model,Extracted from Yeast-MetaTwin model; external IDs to be filled by mapping phase.
MODEL_CMPD:0001120,s_1446,sphinganine 1-phosphate,C18H39NO5P,-1,er,,,,,,Yeast-MetaTwin,s_1446,model,Extracted from Yeast-MetaTwin model; external IDs to be filled by mapping phase.
MODEL_CMPD:0001121,s_1447,squalene,C30H50,0,c,,,,,,Yeast-MetaTwin,s_1447,model,Extracted from Yeast-MetaTwin model; external IDs to be filled by mapping phase.
MODEL_CMPD:0001122,s_1448,squalene,C30H50,0,er,,,,,,Yeast-MetaTwin,s_1448,model,Extracted from Yeast-MetaTwin model; external IDs to be filled by mapping phase.
MODEL_CMPD:0001123,s_1449,stearate,C18H35O2,-1,c,,,,,,Yeast-MetaTwin,s_1449,model,Extracted from Yeast-MetaTwin model; external IDs to be filled by mapping phase.
MODEL_CMPD:0001124,s_1450,stearate,C18H35O2,-1,e,,,,,,Yeast-MetaTwin,s_1450,model,Extracted from Yeast-MetaTwin model; external IDs to be filled by mapping phase.
MODEL_CMPD:0001125,s_1451,stearate,C18H35O2,-1,p,,,,,,Yeast-MetaTwin,s_1451,model,Extracted from Yeast-MetaTwin model; external IDs to be filled by mapping phase.
MODEL_CMPD:0001126,s_1454,stearoyl-CoA,C39H66N7O17P3S,-4,c,,,,,,Yeast-MetaTwin,s_1454,model,Extracted from Yeast-MetaTwin model; external IDs to be filled by mapping phase.
MODEL_CMPD:0001127,s_1457,stearoyl-CoA,C39H66N7O17P3S,-4,p,,,,,,Yeast-MetaTwin,s_1457,model,Extracted from Yeast-MetaTwin model; external IDs to be filled by mapping phase.
MODEL_CMPD:0001128,s_1458,succinate,C4H4O4,-2,c,,,,,,Yeast-MetaTwin,s_1458,model,Extracted from Yeast-MetaTwin model; external IDs to be filled by mapping phase.
MODEL_CMPD:0001129,s_1459,succinate,C4H4O4,-2,e,,,,,,Yeast-MetaTwin,s_1459,model,Extracted from Yeast-MetaTwin model; external IDs to be filled by mapping phase.
MODEL_CMPD:0001130,s_1460,succinate,C4H4O4,-2,m,,,,,,Yeast-MetaTwin,s_1460,model,Extracted from Yeast-MetaTwin model; external IDs to be filled by mapping phase.
MODEL_CMPD:0001131,s_1461,succinic semialdehyde,C4H5O3,-1,c,,,,,,Yeast-MetaTwin,s_1461,model,Extracted from Yeast-MetaTwin model; external IDs to be filled by mapping phase.
MODEL_CMPD:0001132,s_1464,succinyl-CoA,C25H35N7O19P3S,-5,m,,,,,,Yeast-MetaTwin,s_1464,model,Extracted from Yeast-MetaTwin model; external IDs to be filled by mapping phase.
MODEL_CMPD:0001133,s_1466,sucrose,C12H22O11,0,e,,,,,,Yeast-MetaTwin,s_1466,model,Extracted from Yeast-MetaTwin model; external IDs to be filled by mapping phase.
MODEL_CMPD:0001134,s_1467,sulphate,O4S,-2,c,,,,,,Yeast-MetaTwin,s_1467,model,Extracted from Yeast-MetaTwin model; external IDs to be filled by mapping phase.
MODEL_CMPD:0001135,s_1468,sulphate,O4S,-2,e,,,,,,Yeast-MetaTwin,s_1468,model,Extracted from Yeast-MetaTwin model; external IDs to be filled by mapping phase.
MODEL_CMPD:0001136,s_1469,sulphite,O3S,-2,c,,,,,,Yeast-MetaTwin,s_1469,model,Extracted from Yeast-MetaTwin model; external IDs to be filled by mapping phase.
MODEL_CMPD:0001137,s_1470,sulphite,O3S,-2,e,,,,,,Yeast-MetaTwin,s_1470,model,Extracted from Yeast-MetaTwin model; external IDs to be filled by mapping phase.
MODEL_CMPD:0001138,s_1471,taurine,C2H7NO3S,0,c,,,,,,Yeast-MetaTwin,s_1471,model,Extracted from Yeast-MetaTwin model; external IDs to be filled by mapping phase.
MODEL_CMPD:0001139,s_1472,taurine,C2H7NO3S,0,e,,,,,,Yeast-MetaTwin,s_1472,model,Extracted from Yeast-MetaTwin model; external IDs to be filled by mapping phase.
MODEL_CMPD:0001140,s_1473,taurocholic acid,C26H44NO7S,-1,c,,,,,,Yeast-MetaTwin,s_1473,model,Extracted from Yeast-MetaTwin model; external IDs to be filled by mapping phase.
MODEL_CMPD:0001141,s_1474,taurocholic acid,C26H44NO7S,-1,v,,,,,,Yeast-MetaTwin,s_1474,model,Extracted from Yeast-MetaTwin model; external IDs to be filled by mapping phase.
MODEL_CMPD:0001142,s_1475,TDP,C12H16N4O7P2S,-2,c,,,,,,Yeast-MetaTwin,s_1475,model,Extracted from Yeast-MetaTwin model; external IDs to be filled by mapping phase.
MODEL_CMPD:0001143,s_1476,TDP,C12H16N4O7P2S,-2,e,,,,,,Yeast-MetaTwin,s_1476,model,Extracted from Yeast-MetaTwin model; external IDs to be filled by mapping phase.
MODEL_CMPD:0001144,s_1477,TDP,C12H16N4O7P2S,-2,m,,,,,,Yeast-MetaTwin,s_1477,model,Extracted from Yeast-MetaTwin model; external IDs to be filled by mapping phase.
MODEL_CMPD:0001145,s_1479,tetracosanoyl-CoA,C45H78N7O17P3S,-4,c,,,,,,Yeast-MetaTwin,s_1479,model,Extracted from Yeast-MetaTwin model; external IDs to be filled by mapping phase.
MODEL_CMPD:0001146,s_1480,tetracosanoyl-CoA,C45H78N7O17P3S,-4,er,,,,,,Yeast-MetaTwin,s_1480,model,Extracted from Yeast-MetaTwin model; external IDs to be filled by mapping phase.
MODEL_CMPD:0001147,s_1482,tetracosanoyl-CoA,C45H78N7O17P3S,-4,p,,,,,,Yeast-MetaTwin,s_1482,model,Extracted from Yeast-MetaTwin model; external IDs to be filled by mapping phase.
MODEL_CMPD:0001148,s_1483,tetradecaprenyl diphosphate,C70H113O7P2,-3,lp,,,,,,Yeast-MetaTwin,s_1483,model,Extracted from Yeast-MetaTwin model; external IDs to be filled by mapping phase.
MODEL_CMPD:0001149,s_1486,tetrahydropteroyltri-L-glutamic acid,C29H33N9O12,-4,c,,,,,,Yeast-MetaTwin,s_1486,model,Extracted from Yeast-MetaTwin model; external IDs to be filled by mapping phase.
MODEL_CMPD:0001150,s_1487,THF,C19H21N7O6,-2,c,,,,,,Yeast-MetaTwin,s_1487,model,Extracted from Yeast-MetaTwin model; external IDs to be filled by mapping phase.
MODEL_CMPD:0001151,s_1488,THF,C19H21N7O6,-2,m,,,,,,Yeast-MetaTwin,s_1488,model,Extracted from Yeast-MetaTwin model; external IDs to be filled by mapping phase.
MODEL_CMPD:0001152,s_1489,thiamine,C12H17N4OS,1,c,,,,,,Yeast-MetaTwin,s_1489,model,Extracted from Yeast-MetaTwin model; external IDs to be filled by mapping phase.
MODEL_CMPD:0001153,s_1490,thiamine,C12H17N4OS,1,e,,,,,,Yeast-MetaTwin,s_1490,model,Extracted from Yeast-MetaTwin model; external IDs to be filled by mapping phase.
MODEL_CMPD:0001154,s_1491,Thr-tRNA(Thr),C4H9NO2R,1,c,,,,,,Yeast-MetaTwin,s_1491,model,Extracted from Yeast-MetaTwin model; external IDs to be filled by mapping phase.
MODEL_CMPD:0001155,s_1492,Thr-tRNA(Thr),C4H9NO2R,1,m,,,,,,Yeast-MetaTwin,s_1492,model,Extracted from Yeast-MetaTwin model; external IDs to be filled by mapping phase.
MODEL_CMPD:0001156,s_1493,thymidine,C10H14N2O5,0,c,,,,,,Yeast-MetaTwin,s_1493,model,Extracted from Yeast-MetaTwin model; external IDs to be filled by mapping phase.
MODEL_CMPD:0001157,s_1494,thymidine,C10H14N2O5,0,e,,,,,,Yeast-MetaTwin,s_1494,model,Extracted from Yeast-MetaTwin model; external IDs to be filled by mapping phase.
MODEL_CMPD:0001158,s_1497,TMP,C12H16N4O4PS,-1,c,,,,,,Yeast-MetaTwin,s_1497,model,Extracted from Yeast-MetaTwin model; external IDs to be filled by mapping phase.
MODEL_CMPD:0001159,s_1498,TMP,C12H16N4O4PS,-1,e,,,,,,Yeast-MetaTwin,s_1498,model,Extracted from Yeast-MetaTwin model; external IDs to be filled by mapping phase.
MODEL_CMPD:0001160,s_1503,trans-aconitate,C6H3O6,-3,c,,,,,,Yeast-MetaTwin,s_1503,model,Extracted from Yeast-MetaTwin model; external IDs to be filled by mapping phase.
MODEL_CMPD:0001161,s_1504,trans-aconitate,C6H3O6,-3,m,,,,,,Yeast-MetaTwin,s_1504,model,Extracted from Yeast-MetaTwin model; external IDs to be filled by mapping phase.
MODEL_CMPD:0001162,s_1507,trans-dec-2-enoyl-CoA,C31H48N7O17P3S,-4,p,,,,,,Yeast-MetaTwin,s_1507,model,Extracted from Yeast-MetaTwin model; external IDs to be filled by mapping phase.
MODEL_CMPD:0001163,s_1510,trans-dodec-2-enoyl-CoA,C33H52N7O17P3S,-4,p,,,,,,Yeast-MetaTwin,s_1510,model,Extracted from Yeast-MetaTwin model; external IDs to be filled by mapping phase.
MODEL_CMPD:0001164,s_1513,trans-hexacos-2-enoyl-CoA,C47H80N7O17P3S,-4,p,,,,,,Yeast-MetaTwin,s_1513,model,Extracted from Yeast-MetaTwin model; external IDs to be filled by mapping phase.
MODEL_CMPD:0001165,s_1516,trans-octadec-2-enoyl-CoA,C39H64N7O17P3S,-4,p,,,,,,Yeast-MetaTwin,s_1516,model,Extracted from Yeast-MetaTwin model; external IDs to be filled by mapping phase.
MODEL_CMPD:0001166,s_1519,trans-tetradec-2-enoyl-CoA,C35H56N7O17P3S,-4,p,,,,,,Yeast-MetaTwin,s_1519,model,Extracted from Yeast-MetaTwin model; external IDs to be filled by mapping phase.
MODEL_CMPD:0001167,s_1520,trehalose,C12H22O11,0,c,,,,,,Yeast-MetaTwin,s_1520,model,Extracted from Yeast-MetaTwin model; external IDs to be filled by mapping phase.
MODEL_CMPD:0001168,s_1521,trehalose,C12H22O11,0,e,,,,,,Yeast-MetaTwin,s_1521,model,Extracted from Yeast-MetaTwin model; external IDs to be filled by mapping phase.
MODEL_CMPD:0001169,s_1522,trehalose,C12H22O11,0,v,,,,,,Yeast-MetaTwin,s_1522,model,Extracted from Yeast-MetaTwin model; external IDs to be filled by mapping phase.
MODEL_CMPD:0001170,s_1523,tridecaprenyl diphosphate,C65H105O7P2,-3,lp,,,,,,Yeast-MetaTwin,s_1523,model,Extracted from Yeast-MetaTwin model; external IDs to be filled by mapping phase.
MODEL_CMPD:0001171,s_1524,triglyceride backbone,C3H2,0,c,,,,,,Yeast-MetaTwin,s_1524,model,Extracted from Yeast-MetaTwin model; external IDs to be filled by mapping phase.
MODEL_CMPD:0001172,s_1526,trimethylenediamine,C3H12N2,2,c,,,,,,Yeast-MetaTwin,s_1526,model,Extracted from Yeast-MetaTwin model; external IDs to be filled by mapping phase.
MODEL_CMPD:0001173,s_1527,Trp-tRNA(Trp),C11H12N2OR,1,c,,,,,,Yeast-MetaTwin,s_1527,model,Extracted from Yeast-MetaTwin model; external IDs to be filled by mapping phase.
MODEL_CMPD:0001174,s_1528,Trp-tRNA(Trp),C11H12N2OR,1,m,,,,,,Yeast-MetaTwin,s_1528,model,Extracted from Yeast-MetaTwin model; external IDs to be filled by mapping phase.
MODEL_CMPD:0001175,s_1529,tryptophol,C10H11NO,0,c,,,,,,Yeast-MetaTwin,s_1529,model,Extracted from Yeast-MetaTwin model; external IDs to be filled by mapping phase.
MODEL_CMPD:0001176,s_1530,tryptophol,C10H11NO,0,e,,,,,,Yeast-MetaTwin,s_1530,model,Extracted from Yeast-MetaTwin model; external IDs to be filled by mapping phase.
MODEL_CMPD:0001177,s_1531,tryptophol,C10H11NO,0,m,,,,,,Yeast-MetaTwin,s_1531,model,Extracted from Yeast-MetaTwin model; external IDs to be filled by mapping phase.
MODEL_CMPD:0001178,s_1532,thiamine(1+) triphosphate(4-),C12H16N4O10P3S,-3,c,,,,,,Yeast-MetaTwin,s_1532,model,Extracted from Yeast-MetaTwin model; external IDs to be filled by mapping phase.
MODEL_CMPD:0001179,s_1533,Tyr-tRNA(Tyr),C9H11NO2R,1,c,,,,,,Yeast-MetaTwin,s_1533,model,Extracted from Yeast-MetaTwin model; external IDs to be filled by mapping phase.
MODEL_CMPD:0001180,s_1534,Tyr-tRNA(Tyr),C9H11NO2R,1,m,,,,,,Yeast-MetaTwin,s_1534,model,Extracted from Yeast-MetaTwin model; external IDs to be filled by mapping phase.
MODEL_CMPD:0001181,s_1535,ubiquinol-6,C39H60O4,0,m,,,,,,Yeast-MetaTwin,s_1535,model,Extracted from Yeast-MetaTwin model; external IDs to be filled by mapping phase.
MODEL_CMPD:0001182,s_1537,ubiquinone-6,C39H58O4,0,m,,,,,,Yeast-MetaTwin,s_1537,model,Extracted from Yeast-MetaTwin model; external IDs to be filled by mapping phase.
MODEL_CMPD:0001183,s_1538,UDP,C9H11N2O12P2,-3,c,,,,,,Yeast-MetaTwin,s_1538,model,Extracted from Yeast-MetaTwin model; external IDs to be filled by mapping phase.
MODEL_CMPD:0001184,s_1539,UDP,C9H11N2O12P2,-3,g,,,,,,Yeast-MetaTwin,s_1539,model,Extracted from Yeast-MetaTwin model; external IDs to be filled by mapping phase.
MODEL_CMPD:0001185,s_1540,UDP,C9H11N2O12P2,-3,n,,,,,,Yeast-MetaTwin,s_1540,model,Extracted from Yeast-MetaTwin model; external IDs to be filled by mapping phase.
MODEL_CMPD:0001186,s_1541,UDP-D-galactose,C15H22N2O17P2,-2,c,,,,,,Yeast-MetaTwin,s_1541,model,Extracted from Yeast-MetaTwin model; external IDs to be filled by mapping phase.
MODEL_CMPD:0001187,s_1542,UDP-D-galactose,C15H22N2O17P2,-2,g,,,,,,Yeast-MetaTwin,s_1542,model,Extracted from Yeast-MetaTwin model; external IDs to be filled by mapping phase.
MODEL_CMPD:0001188,s_1543,UDP-D-glucose,C15H22N2O17P2,-2,c,,,,,,Yeast-MetaTwin,s_1543,model,Extracted from Yeast-MetaTwin model; external IDs to be filled by mapping phase.
MODEL_CMPD:0001189,s_1544,UDP-N-acetyl-alpha-D-glucosamine,C17H25N3O17P2,-2,c,,,,,,Yeast-MetaTwin,s_1544,model,Extracted from Yeast-MetaTwin model; external IDs to be filled by mapping phase.
MODEL_CMPD:0001190,s_1545,UMP,C9H11N2O9P,-2,c,,,,,,Yeast-MetaTwin,s_1545,model,Extracted from Yeast-MetaTwin model; external IDs to be filled by mapping phase.
MODEL_CMPD:0001191,s_1546,UMP,C9H11N2O9P,-2,g,,,,,,Yeast-MetaTwin,s_1546,model,Extracted from Yeast-MetaTwin model; external IDs to be filled by mapping phase.
MODEL_CMPD:0001192,s_1547,UMP,C9H11N2O9P,-2,m,,,,,,Yeast-MetaTwin,s_1547,model,Extracted from Yeast-MetaTwin model; external IDs to be filled by mapping phase.
MODEL_CMPD:0001193,s_1548,UMP,C9H11N2O9P,-2,n,,,,,,Yeast-MetaTwin,s_1548,model,Extracted from Yeast-MetaTwin model; external IDs to be filled by mapping phase.
MODEL_CMPD:0001194,s_1549,undecaprenyl diphosphate,C55H89O7P2,-3,lp,,,,,,Yeast-MetaTwin,s_1549,model,Extracted from Yeast-MetaTwin model; external IDs to be filled by mapping phase.
MODEL_CMPD:0001195,s_1550,uracil,C4H4N2O2,0,c,,,,,,Yeast-MetaTwin,s_1550,model,Extracted from Yeast-MetaTwin model; external IDs to be filled by mapping phase.
MODEL_CMPD:0001196,s_1551,uracil,C4H4N2O2,0,e,,,,,,Yeast-MetaTwin,s_1551,model,Extracted from Yeast-MetaTwin model; external IDs to be filled by mapping phase.
MODEL_CMPD:0001197,s_1552,urea,CH4N2O,0,c,,,,,,Yeast-MetaTwin,s_1552,model,Extracted from Yeast-MetaTwin model; external IDs to be filled by mapping phase.
MODEL_CMPD:0001198,s_1553,urea,CH4N2O,0,e,,,,,,Yeast-MetaTwin,s_1553,model,Extracted from Yeast-MetaTwin model; external IDs to be filled by mapping phase.
MODEL_CMPD:0001199,s_1554,urea-1-carboxylic acid,C2H3N2O3,-1,c,,,,,,Yeast-MetaTwin,s_1554,model,Extracted from Yeast-MetaTwin model; external IDs to be filled by mapping phase.
MODEL_CMPD:0001200,s_1555,ureidoglycolic acid,C3H5N2O4,-1,c,,,,,,Yeast-MetaTwin,s_1555,model,Extracted from Yeast-MetaTwin model; external IDs to be filled by mapping phase.
MODEL_CMPD:0001201,s_1556,uridine,C9H12N2O6,0,c,,,,,,Yeast-MetaTwin,s_1556,model,Extracted from Yeast-MetaTwin model; external IDs to be filled by mapping phase.
MODEL_CMPD:0001202,s_1557,uridine,C9H12N2O6,0,e,,,,,,Yeast-MetaTwin,s_1557,model,Extracted from Yeast-MetaTwin model; external IDs to be filled by mapping phase.
MODEL_CMPD:0001203,s_1558,uroporphyrinogen III,C40H36N4O16,-8,c,,,,,,Yeast-MetaTwin,s_1558,model,Extracted from Yeast-MetaTwin model; external IDs to be filled by mapping phase.
MODEL_CMPD:0001204,s_1559,UTP,C9H11N2O15P3,-4,c,,,,,,Yeast-MetaTwin,s_1559,model,Extracted from Yeast-MetaTwin model; external IDs to be filled by mapping phase.
MODEL_CMPD:0001205,s_1560,UTP,C9H11N2O15P3,-4,m,,,,,,Yeast-MetaTwin,s_1560,model,Extracted from Yeast-MetaTwin model; external IDs to be filled by mapping phase.
MODEL_CMPD:0001206,s_1561,Val-tRNA(Val),C5H11NOR,1,c,,,,,,Yeast-MetaTwin,s_1561,model,Extracted from Yeast-MetaTwin model; external IDs to be filled by mapping phase.
MODEL_CMPD:0001207,s_1562,Val-tRNA(Val),C5H11NOR,1,m,,,,,,Yeast-MetaTwin,s_1562,model,Extracted from Yeast-MetaTwin model; external IDs to be filled by mapping phase.
MODEL_CMPD:0001208,s_1563,xanthosine,C10H12N4O6,0,c,,,,,,Yeast-MetaTwin,s_1563,model,Extracted from Yeast-MetaTwin model; external IDs to be filled by mapping phase.
MODEL_CMPD:0001209,s_1564,xanthosine,C10H12N4O6,0,e,,,,,,Yeast-MetaTwin,s_1564,model,Extracted from Yeast-MetaTwin model; external IDs to be filled by mapping phase.
MODEL_CMPD:0001210,s_1565,xanthosine-5-phosphate,C10H11N4O9P,-2,c,,,,,,Yeast-MetaTwin,s_1565,model,Extracted from Yeast-MetaTwin model; external IDs to be filled by mapping phase.
MODEL_CMPD:0001211,s_1566,xylitol,C5H12O5,0,c,,,,,,Yeast-MetaTwin,s_1566,model,Extracted from Yeast-MetaTwin model; external IDs to be filled by mapping phase.
MODEL_CMPD:0001212,s_1567,xylitol,C5H12O5,0,e,,,,,,Yeast-MetaTwin,s_1567,model,Extracted from Yeast-MetaTwin model; external IDs to be filled by mapping phase.
MODEL_CMPD:0001213,s_1568,zymosterol,C27H44O,0,ce,,,,,,Yeast-MetaTwin,s_1568,model,Extracted from Yeast-MetaTwin model; external IDs to be filled by mapping phase.
MODEL_CMPD:0001214,s_1569,zymosterol,C27H44O,0,c,,,,,,Yeast-MetaTwin,s_1569,model,Extracted from Yeast-MetaTwin model; external IDs to be filled by mapping phase.
MODEL_CMPD:0001215,s_1571,zymosterol,C27H44O,0,e,,,,,,Yeast-MetaTwin,s_1571,model,Extracted from Yeast-MetaTwin model; external IDs to be filled by mapping phase.
MODEL_CMPD:0001216,s_1572,zymosterol,C27H44O,0,lp,,,,,,Yeast-MetaTwin,s_1572,model,Extracted from Yeast-MetaTwin model; external IDs to be filled by mapping phase.
MODEL_CMPD:0001217,s_1576,zymosterol intermediate 1a,C28H46O2,0,c,,,,,,Yeast-MetaTwin,s_1576,model,Extracted from Yeast-MetaTwin model; external IDs to be filled by mapping phase.
MODEL_CMPD:0001218,s_1577,zymosterol intermediate 1b,C28H44O2,0,c,,,,,,Yeast-MetaTwin,s_1577,model,Extracted from Yeast-MetaTwin model; external IDs to be filled by mapping phase.
MODEL_CMPD:0001219,s_1578,zymosterol intermediate 1c,C28H43O3,-1,c,,,,,,Yeast-MetaTwin,s_1578,model,Extracted from Yeast-MetaTwin model; external IDs to be filled by mapping phase.
MODEL_CMPD:0001220,s_1579,zymosterol intermediate 2,C27H42O,0,c,,,,,,Yeast-MetaTwin,s_1579,model,Extracted from Yeast-MetaTwin model; external IDs to be filled by mapping phase.
MODEL_CMPD:0001221,s_1582,tRNA(Ala),RH,0,c,,,,,,Yeast-MetaTwin,s_1582,model,Extracted from Yeast-MetaTwin model; external IDs to be filled by mapping phase.
MODEL_CMPD:0001222,s_1583,tRNA(Arg),RH,0,c,,,,,,Yeast-MetaTwin,s_1583,model,Extracted from Yeast-MetaTwin model; external IDs to be filled by mapping phase.
MODEL_CMPD:0001223,s_1584,tRNA(Arg),RH,0,m,,,,,,Yeast-MetaTwin,s_1584,model,Extracted from Yeast-MetaTwin model; external IDs to be filled by mapping phase.
MODEL_CMPD:0001224,s_1585,tRNA(Asn),RH,0,c,,,,,,Yeast-MetaTwin,s_1585,model,Extracted from Yeast-MetaTwin model; external IDs to be filled by mapping phase.
MODEL_CMPD:0001225,s_1586,tRNA(Asn),RH,0,m,,,,,,Yeast-MetaTwin,s_1586,model,Extracted from Yeast-MetaTwin model; external IDs to be filled by mapping phase.
MODEL_CMPD:0001226,s_1587,tRNA(Asp),RH,0,c,,,,,,Yeast-MetaTwin,s_1587,model,Extracted from Yeast-MetaTwin model; external IDs to be filled by mapping phase.
MODEL_CMPD:0001227,s_1588,tRNA(Asp),RH,0,m,,,,,,Yeast-MetaTwin,s_1588,model,Extracted from Yeast-MetaTwin model; external IDs to be filled by mapping phase.
MODEL_CMPD:0001228,s_1589,tRNA(Cys),RH,0,c,,,,,,Yeast-MetaTwin,s_1589,model,Extracted from Yeast-MetaTwin model; external IDs to be filled by mapping phase.
MODEL_CMPD:0001229,s_1590,tRNA(Gln),RH,0,c,,,,,,Yeast-MetaTwin,s_1590,model,Extracted from Yeast-MetaTwin model; external IDs to be filled by mapping phase.
MODEL_CMPD:0001230,s_1591,tRNA(Glu),RH,0,c,,,,,,Yeast-MetaTwin,s_1591,model,Extracted from Yeast-MetaTwin model; external IDs to be filled by mapping phase.
MODEL_CMPD:0001231,s_1592,tRNA(Glu),RH,0,m,,,,,,Yeast-MetaTwin,s_1592,model,Extracted from Yeast-MetaTwin model; external IDs to be filled by mapping phase.
MODEL_CMPD:0001232,s_1593,tRNA(Gly),RH,0,c,,,,,,Yeast-MetaTwin,s_1593,model,Extracted from Yeast-MetaTwin model; external IDs to be filled by mapping phase.
MODEL_CMPD:0001233,s_1594,tRNA(His),RH,0,c,,,,,,Yeast-MetaTwin,s_1594,model,Extracted from Yeast-MetaTwin model; external IDs to be filled by mapping phase.
MODEL_CMPD:0001234,s_1595,tRNA(His),RH,0,m,,,,,,Yeast-MetaTwin,s_1595,model,Extracted from Yeast-MetaTwin model; external IDs to be filled by mapping phase.
MODEL_CMPD:0001235,s_1596,tRNA(Ile),RH,0,c,,,,,,Yeast-MetaTwin,s_1596,model,Extracted from Yeast-MetaTwin model; external IDs to be filled by mapping phase.
MODEL_CMPD:0001236,s_1597,tRNA(Ile),RH,0,m,,,,,,Yeast-MetaTwin,s_1597,model,Extracted from Yeast-MetaTwin model; external IDs to be filled by mapping phase.
MODEL_CMPD:0001237,s_1598,tRNA(Leu),RH,0,c,,,,,,Yeast-MetaTwin,s_1598,model,Extracted from Yeast-MetaTwin model; external IDs to be filled by mapping phase.
MODEL_CMPD:0001238,s_1599,tRNA(Leu),RH,0,m,,,,,,Yeast-MetaTwin,s_1599,model,Extracted from Yeast-MetaTwin model; external IDs to be filled by mapping phase.
MODEL_CMPD:0001239,s_1600,tRNA(Lys),RH,0,c,,,,,,Yeast-MetaTwin,s_1600,model,Extracted from Yeast-MetaTwin model; external IDs to be filled by mapping phase.
MODEL_CMPD:0001240,s_1601,tRNA(Lys),RH,0,m,,,,,,Yeast-MetaTwin,s_1601,model,Extracted from Yeast-MetaTwin model; external IDs to be filled by mapping phase.
MODEL_CMPD:0001241,s_1602,tRNA(Met),RH,0,c,,,,,,Yeast-MetaTwin,s_1602,model,Extracted from Yeast-MetaTwin model; external IDs to be filled by mapping phase.
MODEL_CMPD:0001242,s_1603,tRNA(Met),RH,0,m,,,,,,Yeast-MetaTwin,s_1603,model,Extracted from Yeast-MetaTwin model; external IDs to be filled by mapping phase.
MODEL_CMPD:0001243,s_1604,tRNA(Phe),RH,0,c,,,,,,Yeast-MetaTwin,s_1604,model,Extracted from Yeast-MetaTwin model; external IDs to be filled by mapping phase.
MODEL_CMPD:0001244,s_1605,tRNA(Phe),RH,0,m,,,,,,Yeast-MetaTwin,s_1605,model,Extracted from Yeast-MetaTwin model; external IDs to be filled by mapping phase.
MODEL_CMPD:0001245,s_1606,tRNA(Pro),RH,0,c,,,,,,Yeast-MetaTwin,s_1606,model,Extracted from Yeast-MetaTwin model; external IDs to be filled by mapping phase.
MODEL_CMPD:0001246,s_1607,tRNA(Ser),RH,0,c,,,,,,Yeast-MetaTwin,s_1607,model,Extracted from Yeast-MetaTwin model; external IDs to be filled by mapping phase.
MODEL_CMPD:0001247,s_1608,tRNA(Thr),RH,0,c,,,,,,Yeast-MetaTwin,s_1608,model,Extracted from Yeast-MetaTwin model; external IDs to be filled by mapping phase.
MODEL_CMPD:0001248,s_1609,tRNA(Thr),RH,0,m,,,,,,Yeast-MetaTwin,s_1609,model,Extracted from Yeast-MetaTwin model; external IDs to be filled by mapping phase.
MODEL_CMPD:0001249,s_1610,tRNA(Trp),RH,0,c,,,,,,Yeast-MetaTwin,s_1610,model,Extracted from Yeast-MetaTwin model; external IDs to be filled by mapping phase.
MODEL_CMPD:0001250,s_1611,tRNA(Trp),RH,0,m,,,,,,Yeast-MetaTwin,s_1611,model,Extracted from Yeast-MetaTwin model; external IDs to be filled by mapping phase.
MODEL_CMPD:0001251,s_1612,tRNA(Tyr),RH,0,c,,,,,,Yeast-MetaTwin,s_1612,model,Extracted from Yeast-MetaTwin model; external IDs to be filled by mapping phase.
MODEL_CMPD:0001252,s_1613,tRNA(Tyr),RH,0,m,,,,,,Yeast-MetaTwin,s_1613,model,Extracted from Yeast-MetaTwin model; external IDs to be filled by mapping phase.
MODEL_CMPD:0001253,s_1614,tRNA(Val),RH,0,c,,,,,,Yeast-MetaTwin,s_1614,model,Extracted from Yeast-MetaTwin model; external IDs to be filled by mapping phase.
MODEL_CMPD:0001254,s_1615,tRNA(Val),RH,0,m,,,,,,Yeast-MetaTwin,s_1615,model,Extracted from Yeast-MetaTwin model; external IDs to be filled by mapping phase.
MODEL_CMPD:0001255,s_1616,TRX1,C6H10N2O2S2R4,0,c,,,,,,Yeast-MetaTwin,s_1616,model,Extracted from Yeast-MetaTwin model; external IDs to be filled by mapping phase.
MODEL_CMPD:0001256,s_1617,TRX1,C6H10N2O2S2R4,0,m,,,,,,Yeast-MetaTwin,s_1617,model,Extracted from Yeast-MetaTwin model; external IDs to be filled by mapping phase.
MODEL_CMPD:0001257,s_1618,TRX1,C6H10N2O2S2R4,0,n,,,,,,Yeast-MetaTwin,s_1618,model,Extracted from Yeast-MetaTwin model; external IDs to be filled by mapping phase.
MODEL_CMPD:0001258,s_1619,TRX1,C6H10N2O2S2R4,0,p,,,,,,Yeast-MetaTwin,s_1619,model,Extracted from Yeast-MetaTwin model; external IDs to be filled by mapping phase.
MODEL_CMPD:0001259,s_1620,TRX1 disulphide,C6H9N2O2S2R4,1,c,,,,,,Yeast-MetaTwin,s_1620,model,Extracted from Yeast-MetaTwin model; external IDs to be filled by mapping phase.
MODEL_CMPD:0001260,s_1621,TRX1 disulphide,C6H9N2O2S2R4,1,m,,,,,,Yeast-MetaTwin,s_1621,model,Extracted from Yeast-MetaTwin model; external IDs to be filled by mapping phase.
MODEL_CMPD:0001261,s_1622,TRX1 disulphide,C6H9N2O2S2R4,1,n,,,,,,Yeast-MetaTwin,s_1622,model,Extracted from Yeast-MetaTwin model; external IDs to be filled by mapping phase.
MODEL_CMPD:0001262,s_1623,TRX1 disulphide,C6H9N2O2S2R4,1,p,,,,,,Yeast-MetaTwin,s_1623,model,Extracted from Yeast-MetaTwin model; external IDs to be filled by mapping phase.
MODEL_CMPD:0001263,s_1845,ACP1,,0,m,,,,,,Yeast-MetaTwin,s_1845,model,Extracted from Yeast-MetaTwin model; external IDs to be filled by mapping phase.
MODEL_CMPD:0001264,s_2763,kynurenic acid,C10H6NO3,-1,c,,,,,,Yeast-MetaTwin,s_2763,model,Extracted from Yeast-MetaTwin model; external IDs to be filled by mapping phase.
MODEL_CMPD:0001265,s_2764,quinaldic acid,C10H7NO2,0,c,,,,,,Yeast-MetaTwin,s_2764,model,Extracted from Yeast-MetaTwin model; external IDs to be filled by mapping phase.
MODEL_CMPD:0001266,s_2766,14-demethyllanosterol,C29H48O,0,e,,,,,,Yeast-MetaTwin,s_2766,model,Extracted from Yeast-MetaTwin model; external IDs to be filled by mapping phase.
MODEL_CMPD:0001267,s_2768,"ergosta-5,7,22,24(28)-tetraen-3beta-ol",C28H42O,0,e,,,,,,Yeast-MetaTwin,s_2768,model,Extracted from Yeast-MetaTwin model; external IDs to be filled by mapping phase.
MODEL_CMPD:0001268,s_2770,acetoacetyl-ACP,C4H5O2SR,0,m,,,,,,Yeast-MetaTwin,s_2770,model,Extracted from Yeast-MetaTwin model; external IDs to be filled by mapping phase.
MODEL_CMPD:0001269,s_2771,butanoyl-ACP,C4H7OSR,0,m,,,,,,Yeast-MetaTwin,s_2771,model,Extracted from Yeast-MetaTwin model; external IDs to be filled by mapping phase.
MODEL_CMPD:0001270,s_2772,3-oxo-hexanoyl-ACP,C6H9O2SR,0,m,,,,,,Yeast-MetaTwin,s_2772,model,Extracted from Yeast-MetaTwin model; external IDs to be filled by mapping phase.
MODEL_CMPD:0001271,s_2773,hexanoyl-ACP,C6H11OSR,0,m,,,,,,Yeast-MetaTwin,s_2773,model,Extracted from Yeast-MetaTwin model; external IDs to be filled by mapping phase.
MODEL_CMPD:0001272,s_2774,3-oxo-octanoyl-ACP,C8H13O2SR,0,m,,,,,,Yeast-MetaTwin,s_2774,model,Extracted from Yeast-MetaTwin model; external IDs to be filled by mapping phase.
MODEL_CMPD:0001273,s_2775,3-hydroxybutanoyl-ACP,C4H7O2SR,0,m,,,,,,Yeast-MetaTwin,s_2775,model,Extracted from Yeast-MetaTwin model; external IDs to be filled by mapping phase.
MODEL_CMPD:0001274,s_2776,3-hydroxyhexanoyl-ACP,C6H11O2SR,0,m,,,,,,Yeast-MetaTwin,s_2776,model,Extracted from Yeast-MetaTwin model; external IDs to be filled by mapping phase.
MODEL_CMPD:0001275,s_2777,3-hydroxyoctanoyl-ACP,C8H15O2SR,0,m,,,,,,Yeast-MetaTwin,s_2777,model,Extracted from Yeast-MetaTwin model; external IDs to be filled by mapping phase.
MODEL_CMPD:0001276,s_2778,trans-but-2-enoyl-ACP,C4H5OSR,0,m,,,,,,Yeast-MetaTwin,s_2778,model,Extracted from Yeast-MetaTwin model; external IDs to be filled by mapping phase.
MODEL_CMPD:0001277,s_2779,trans-hex-2-enoyl-ACP,C6H9OSR,0,m,,,,,,Yeast-MetaTwin,s_2779,model,Extracted from Yeast-MetaTwin model; external IDs to be filled by mapping phase.
MODEL_CMPD:0001278,s_2780,trans-oct-2-enoyl-ACP,C8H13OSR,0,m,,,,,,Yeast-MetaTwin,s_2780,model,Extracted from Yeast-MetaTwin model; external IDs to be filled by mapping phase.
MODEL_CMPD:0001279,s_2781,lauroyl-CoA,C33H54N7O17P3S,-4,erm,,,,,,Yeast-MetaTwin,s_2781,model,Extracted from Yeast-MetaTwin model; external IDs to be filled by mapping phase.
MODEL_CMPD:0001280,s_2782,malonyl-CoA,C24H33N7O19P3S,-5,erm,,,,,,Yeast-MetaTwin,s_2782,model,Extracted from Yeast-MetaTwin model; external IDs to be filled by mapping phase.
MODEL_CMPD:0001281,s_2783,H+,H,1,erm,,,,,,Yeast-MetaTwin,s_2783,model,Extracted from Yeast-MetaTwin model; external IDs to be filled by mapping phase.
MODEL_CMPD:0001282,s_2784,carbon dioxide,CO2,0,erm,,,,,,Yeast-MetaTwin,s_2784,model,Extracted from Yeast-MetaTwin model; external IDs to be filled by mapping phase.
MODEL_CMPD:0001283,s_2785,coenzyme A,C21H32N7O16P3S,-4,erm,,,,,,Yeast-MetaTwin,s_2785,model,Extracted from Yeast-MetaTwin model; external IDs to be filled by mapping phase.
MODEL_CMPD:0001284,s_2786,3-oxotetradecanoyl-CoA,C35H56N7O18P3S,-4,erm,,,,,,Yeast-MetaTwin,s_2786,model,Extracted from Yeast-MetaTwin model; external IDs to be filled by mapping phase.
MODEL_CMPD:0001285,s_2787,myristoyl-CoA,C35H58N7O17P3S,-4,erm,,,,,,Yeast-MetaTwin,s_2787,model,Extracted from Yeast-MetaTwin model; external IDs to be filled by mapping phase.
MODEL_CMPD:0001286,s_2788,3-oxopalmitoyl-CoA,C37H60N7O18P3S,-4,erm,,,,,,Yeast-MetaTwin,s_2788,model,Extracted from Yeast-MetaTwin model; external IDs to be filled by mapping phase.
MODEL_CMPD:0001287,s_2789,palmitoyl-CoA,C37H62N7O17P3S,-4,erm,,,,,,Yeast-MetaTwin,s_2789,model,Extracted from Yeast-MetaTwin model; external IDs to be filled by mapping phase.
MODEL_CMPD:0001288,s_2790,3-oxooctadecanoyl-CoA,C39H64N7O18P3S,-4,erm,,,,,,Yeast-MetaTwin,s_2790,model,Extracted from Yeast-MetaTwin model; external IDs to be filled by mapping phase.
MODEL_CMPD:0001289,s_2791,stearoyl-CoA,C39H66N7O17P3S,-4,erm,,,,,,Yeast-MetaTwin,s_2791,model,Extracted from Yeast-MetaTwin model; external IDs to be filled by mapping phase.
MODEL_CMPD:0001290,s_2792,3-oxoicosanoyl-CoA,C41H68N7O18P3S,-4,erm,,,,,,Yeast-MetaTwin,s_2792,model,Extracted from Yeast-MetaTwin model; external IDs to be filled by mapping phase.
MODEL_CMPD:0001291,s_2793,icosanoyl-CoA,C41H70N7O17P3S,-4,erm,,,,,,Yeast-MetaTwin,s_2793,model,Extracted from Yeast-MetaTwin model; external IDs to be filled by mapping phase.
MODEL_CMPD:0001292,s_2794,3-oxodocosanoyl-CoA,C43H72N7O18P3S,-4,erm,,,,,,Yeast-MetaTwin,s_2794,model,Extracted from Yeast-MetaTwin model; external IDs to be filled by mapping phase.
MODEL_CMPD:0001293,s_2795,docosanoyl-CoA,C43H74N7O17P3S,-4,erm,,,,,,Yeast-MetaTwin,s_2795,model,Extracted from Yeast-MetaTwin model; external IDs to be filled by mapping phase.
MODEL_CMPD:0001294,s_2796,3-oxotetracosanoyl-CoA,C45H76N7O18P3S,-4,erm,,,,,,Yeast-MetaTwin,s_2796,model,Extracted from Yeast-MetaTwin model; external IDs to be filled by mapping phase.
MODEL_CMPD:0001295,s_2797,tetracosanoyl-CoA,C45H78N7O17P3S,-4,erm,,,,,,Yeast-MetaTwin,s_2797,model,Extracted from Yeast-MetaTwin model; external IDs to be filled by mapping phase.
MODEL_CMPD:0001296,s_2798,3-oxohexacosanoyl-CoA,C47H80N7O18P3S,-4,erm,,,,,,Yeast-MetaTwin,s_2798,model,Extracted from Yeast-MetaTwin model; external IDs to be filled by mapping phase.
MODEL_CMPD:0001297,s_2799,NADPH,C21H26N7O17P3,-4,erm,,,,,,Yeast-MetaTwin,s_2799,model,Extracted from Yeast-MetaTwin model; external IDs to be filled by mapping phase.
MODEL_CMPD:0001298,s_2800,NADP(+),C21H25N7O17P3,-3,erm,,,,,,Yeast-MetaTwin,s_2800,model,Extracted from Yeast-MetaTwin model; external IDs to be filled by mapping phase.
MODEL_CMPD:0001299,s_2801,(S)-3-hydroxytetradecanoyl-CoA,C35H58N7O18P3S,-4,erm,,,,,,Yeast-MetaTwin,s_2801,model,Extracted from Yeast-MetaTwin model; external IDs to be filled by mapping phase.
MODEL_CMPD:0001300,s_2802,(S)-3-hydroxypalmitoyl-CoA,C37H62N7O18P3S,-4,erm,,,,,,Yeast-MetaTwin,s_2802,model,Extracted from Yeast-MetaTwin model; external IDs to be filled by mapping phase.
MODEL_CMPD:0001301,s_2803,3-hydroxyoctadecanoyl-CoA,C39H66N7O18P3S,-4,erm,,,,,,Yeast-MetaTwin,s_2803,model,Extracted from Yeast-MetaTwin model; external IDs to be filled by mapping phase.
MODEL_CMPD:0001302,s_2804,3-hydroxyicosanoyl-CoA,C41H70N7O18P3S,-4,erm,,,,,,Yeast-MetaTwin,s_2804,model,Extracted from Yeast-MetaTwin model; external IDs to be filled by mapping phase.
MODEL_CMPD:0001303,s_2805,3-hydroxydocosanoyl-CoA,C43H74N7O18P3S,-4,erm,,,,,,Yeast-MetaTwin,s_2805,model,Extracted from Yeast-MetaTwin model; external IDs to be filled by mapping phase.
MODEL_CMPD:0001304,s_2806,3-hydroxytetracosanoyl-CoA,C45H78N7O18P3S,-4,erm,,,,,,Yeast-MetaTwin,s_2806,model,Extracted from Yeast-MetaTwin model; external IDs to be filled by mapping phase.
MODEL_CMPD:0001305,s_2807,(S)-3-hydroxyhexacosanoyl-CoA,C47H82N7O18P3S,-4,erm,,,,,,Yeast-MetaTwin,s_2807,model,Extracted from Yeast-MetaTwin model; external IDs to be filled by mapping phase.
MODEL_CMPD:0001306,s_2808,H2O,H2O,0,erm,,,,,,Yeast-MetaTwin,s_2808,model,Extracted from Yeast-MetaTwin model; external IDs to be filled by mapping phase.
MODEL_CMPD:0001307,s_2809,trans-tetradec-2-enoyl-CoA,C35H56N7O17P3S,-4,erm,,,,,,Yeast-MetaTwin,s_2809,model,Extracted from Yeast-MetaTwin model; external IDs to be filled by mapping phase.
MODEL_CMPD:0001308,s_2810,trans-hexadec-2-enoyl-CoA,C37H60N7O17P3S,-4,erm,,,,,,Yeast-MetaTwin,s_2810,model,Extracted from Yeast-MetaTwin model; external IDs to be filled by mapping phase.
MODEL_CMPD:0001309,s_2811,trans-octadec-2-enoyl-CoA,C39H64N7O17P3S,-4,erm,,,,,,Yeast-MetaTwin,s_2811,model,Extracted from Yeast-MetaTwin model; external IDs to be filled by mapping phase.
MODEL_CMPD:0001310,s_2812,trans-icos-2-enoyl-CoA,C41H68N7O17P3S,-4,erm,,,,,,Yeast-MetaTwin,s_2812,model,Extracted from Yeast-MetaTwin model; external IDs to be filled by mapping phase.
MODEL_CMPD:0001311,s_2813,trans-docos-2-enoyl-CoA,C43H72N7O17P3S,-4,erm,,,,,,Yeast-MetaTwin,s_2813,model,Extracted from Yeast-MetaTwin model; external IDs to be filled by mapping phase.
MODEL_CMPD:0001312,s_2814,trans-tetracos-2-enoyl-CoA,C45H76N7O17P3S,-4,erm,,,,,,Yeast-MetaTwin,s_2814,model,Extracted from Yeast-MetaTwin model; external IDs to be filled by mapping phase.
MODEL_CMPD:0001313,s_2815,trans-hexacos-2-enoyl-CoA,C47H80N7O17P3S,-4,erm,,,,,,Yeast-MetaTwin,s_2815,model,Extracted from Yeast-MetaTwin model; external IDs to be filled by mapping phase.
MODEL_CMPD:0001314,s_2816,hexacosanoyl-CoA,C47H82N7O17P3S,-4,erm,,,,,,Yeast-MetaTwin,s_2816,model,Extracted from Yeast-MetaTwin model; external IDs to be filled by mapping phase.
MODEL_CMPD:0001315,s_2817,oxygen,O2,0,erm,,,,,,Yeast-MetaTwin,s_2817,model,Extracted from Yeast-MetaTwin model; external IDs to be filled by mapping phase.
MODEL_CMPD:0001316,s_2818,NADH,C21H27N7O14P2,-2,erm,,,,,,Yeast-MetaTwin,s_2818,model,Extracted from Yeast-MetaTwin model; external IDs to be filled by mapping phase.
MODEL_CMPD:0001317,s_2819,palmitoleoyl-CoA(4-),C37H60N7O17P3S,-4,erm,,,,,,Yeast-MetaTwin,s_2819,model,Extracted from Yeast-MetaTwin model; external IDs to be filled by mapping phase.
MODEL_CMPD:0001318,s_2820,NAD,C21H26N7O14P2,-1,erm,,,,,,Yeast-MetaTwin,s_2820,model,Extracted from Yeast-MetaTwin model; external IDs to be filled by mapping phase.
MODEL_CMPD:0001319,s_2821,oleoyl-CoA,C39H64N7O17P3S,-4,erm,,,,,,Yeast-MetaTwin,s_2821,model,Extracted from Yeast-MetaTwin model; external IDs to be filled by mapping phase.
MODEL_CMPD:0001320,s_2822,butyrate,C4H7O2,-1,e,,,,,,Yeast-MetaTwin,s_2822,model,Extracted from Yeast-MetaTwin model; external IDs to be filled by mapping phase.
MODEL_CMPD:0001321,s_2824,hexanoate,C6H11O2,-1,e,,,,,,Yeast-MetaTwin,s_2824,model,Extracted from Yeast-MetaTwin model; external IDs to be filled by mapping phase.
MODEL_CMPD:0001322,s_2826,oleate,C18H33O2,-1,e,,,,,,Yeast-MetaTwin,s_2826,model,Extracted from Yeast-MetaTwin model; external IDs to be filled by mapping phase.
MODEL_CMPD:0001323,s_2828,butyrate,C4H7O2,-1,c,,,,,,Yeast-MetaTwin,s_2828,model,Extracted from Yeast-MetaTwin model; external IDs to be filled by mapping phase.
MODEL_CMPD:0001324,s_2829,hexanoate,C6H11O2,-1,c,,,,,,Yeast-MetaTwin,s_2829,model,Extracted from Yeast-MetaTwin model; external IDs to be filled by mapping phase.
MODEL_CMPD:0001325,s_2831,ATP,C10H12N5O13P3,-4,erm,,,,,,Yeast-MetaTwin,s_2831,model,Extracted from Yeast-MetaTwin model; external IDs to be filled by mapping phase.
MODEL_CMPD:0001326,s_2832,laurate,C12H23O2,-1,erm,,,,,,Yeast-MetaTwin,s_2832,model,Extracted from Yeast-MetaTwin model; external IDs to be filled by mapping phase.
MODEL_CMPD:0001327,s_2833,AMP,C10H12N5O7P,-2,erm,,,,,,Yeast-MetaTwin,s_2833,model,Extracted from Yeast-MetaTwin model; external IDs to be filled by mapping phase.
MODEL_CMPD:0001328,s_2834,diphosphate,HO7P2,-3,erm,,,,,,Yeast-MetaTwin,s_2834,model,Extracted from Yeast-MetaTwin model; external IDs to be filled by mapping phase.
MODEL_CMPD:0001329,s_2835,myristate,C14H27O2,-1,erm,,,,,,Yeast-MetaTwin,s_2835,model,Extracted from Yeast-MetaTwin model; external IDs to be filled by mapping phase.
MODEL_CMPD:0001330,s_2836,palmitate,C16H31O2,-1,erm,,,,,,Yeast-MetaTwin,s_2836,model,Extracted from Yeast-MetaTwin model; external IDs to be filled by mapping phase.
MODEL_CMPD:0001331,s_2837,palmitoleate,C16H29O2,-1,erm,,,,,,Yeast-MetaTwin,s_2837,model,Extracted from Yeast-MetaTwin model; external IDs to be filled by mapping phase.
MODEL_CMPD:0001332,s_2838,stearate,C18H35O2,-1,erm,,,,,,Yeast-MetaTwin,s_2838,model,Extracted from Yeast-MetaTwin model; external IDs to be filled by mapping phase.
MODEL_CMPD:0001333,s_2839,oleate,C18H33O2,-1,erm,,,,,,Yeast-MetaTwin,s_2839,model,Extracted from Yeast-MetaTwin model; external IDs to be filled by mapping phase.
MODEL_CMPD:0001334,s_2840,ATP,C10H12N5O13P3,-4,lp,,,,,,Yeast-MetaTwin,s_2840,model,Extracted from Yeast-MetaTwin model; external IDs to be filled by mapping phase.
MODEL_CMPD:0001335,s_2841,laurate,C12H23O2,-1,lp,,,,,,Yeast-MetaTwin,s_2841,model,Extracted from Yeast-MetaTwin model; external IDs to be filled by mapping phase.
MODEL_CMPD:0001336,s_2842,AMP,C10H12N5O7P,-2,lp,,,,,,Yeast-MetaTwin,s_2842,model,Extracted from Yeast-MetaTwin model; external IDs to be filled by mapping phase.
MODEL_CMPD:0001337,s_2843,lauroyl-CoA,C33H54N7O17P3S,-4,lp,,,,,,Yeast-MetaTwin,s_2843,model,Extracted from Yeast-MetaTwin model; external IDs to be filled by mapping phase.
MODEL_CMPD:0001338,s_2844,myristate,C14H27O2,-1,lp,,,,,,Yeast-MetaTwin,s_2844,model,Extracted from Yeast-MetaTwin model; external IDs to be filled by mapping phase.
MODEL_CMPD:0001339,s_2845,myristoyl-CoA,C35H58N7O17P3S,-4,lp,,,,,,Yeast-MetaTwin,s_2845,model,Extracted from Yeast-MetaTwin model; external IDs to be filled by mapping phase.
MODEL_CMPD:0001340,s_2846,palmitate,C16H31O2,-1,lp,,,,,,Yeast-MetaTwin,s_2846,model,Extracted from Yeast-MetaTwin model; external IDs to be filled by mapping phase.
MODEL_CMPD:0001341,s_2847,palmitoyl-CoA,C37H62N7O17P3S,-4,lp,,,,,,Yeast-MetaTwin,s_2847,model,Extracted from Yeast-MetaTwin model; external IDs to be filled by mapping phase.
MODEL_CMPD:0001342,s_2848,palmitoleate,C16H29O2,-1,lp,,,,,,Yeast-MetaTwin,s_2848,model,Extracted from Yeast-MetaTwin model; external IDs to be filled by mapping phase.
MODEL_CMPD:0001343,s_2849,palmitoleoyl-CoA(4-),C37H60N7O17P3S,-4,lp,,,,,,Yeast-MetaTwin,s_2849,model,Extracted from Yeast-MetaTwin model; external IDs to be filled by mapping phase.
MODEL_CMPD:0001344,s_2850,stearate,C18H35O2,-1,lp,,,,,,Yeast-MetaTwin,s_2850,model,Extracted from Yeast-MetaTwin model; external IDs to be filled by mapping phase.
MODEL_CMPD:0001345,s_2851,stearoyl-CoA,C39H66N7O17P3S,-4,lp,,,,,,Yeast-MetaTwin,s_2851,model,Extracted from Yeast-MetaTwin model; external IDs to be filled by mapping phase.
MODEL_CMPD:0001346,s_2852,oleate,C18H33O2,-1,lp,,,,,,Yeast-MetaTwin,s_2852,model,Extracted from Yeast-MetaTwin model; external IDs to be filled by mapping phase.
MODEL_CMPD:0001347,s_2853,oleoyl-CoA,C39H64N7O17P3S,-4,lp,,,,,,Yeast-MetaTwin,s_2853,model,Extracted from Yeast-MetaTwin model; external IDs to be filled by mapping phase.
MODEL_CMPD:0001348,s_2854,palmitoleoyl-CoA(4-),C37H60N7O17P3S,-4,p,,,,,,Yeast-MetaTwin,s_2854,model,Extracted from Yeast-MetaTwin model; external IDs to be filled by mapping phase.
MODEL_CMPD:0001349,s_2855,oleate,C18H33O2,-1,p,,,,,,Yeast-MetaTwin,s_2855,model,Extracted from Yeast-MetaTwin model; external IDs to be filled by mapping phase.
MODEL_CMPD:0001350,s_2856,ATP,C10H12N5O13P3,-4,ce,,,,,,Yeast-MetaTwin,s_2856,model,Extracted from Yeast-MetaTwin model; external IDs to be filled by mapping phase.
MODEL_CMPD:0001351,s_2857,coenzyme A,C21H32N7O16P3S,-4,ce,,,,,,Yeast-MetaTwin,s_2857,model,Extracted from Yeast-MetaTwin model; external IDs to be filled by mapping phase.
MODEL_CMPD:0001352,s_2858,arachidate,C20H39O2,-1,ce,,,,,,Yeast-MetaTwin,s_2858,model,Extracted from Yeast-MetaTwin model; external IDs to be filled by mapping phase.
MODEL_CMPD:0001353,s_2859,AMP,C10H12N5O7P,-2,ce,,,,,,Yeast-MetaTwin,s_2859,model,Extracted from Yeast-MetaTwin model; external IDs to be filled by mapping phase.
MODEL_CMPD:0001354,s_2860,diphosphate,HO7P2,-3,ce,,,,,,Yeast-MetaTwin,s_2860,model,Extracted from Yeast-MetaTwin model; external IDs to be filled by mapping phase.
MODEL_CMPD:0001355,s_2861,icosanoyl-CoA,C41H70N7O17P3S,-4,ce,,,,,,Yeast-MetaTwin,s_2861,model,Extracted from Yeast-MetaTwin model; external IDs to be filled by mapping phase.
MODEL_CMPD:0001356,s_2862,behenate,C22H43O2,-1,ce,,,,,,Yeast-MetaTwin,s_2862,model,Extracted from Yeast-MetaTwin model; external IDs to be filled by mapping phase.
MODEL_CMPD:0001357,s_2863,docosanoyl-CoA,C43H74N7O17P3S,-4,ce,,,,,,Yeast-MetaTwin,s_2863,model,Extracted from Yeast-MetaTwin model; external IDs to be filled by mapping phase.
MODEL_CMPD:0001358,s_2864,lignoceric acid,C24H47O2,-1,ce,,,,,,Yeast-MetaTwin,s_2864,model,Extracted from Yeast-MetaTwin model; external IDs to be filled by mapping phase.
MODEL_CMPD:0001359,s_2865,tetracosanoyl-CoA,C45H78N7O17P3S,-4,ce,,,,,,Yeast-MetaTwin,s_2865,model,Extracted from Yeast-MetaTwin model; external IDs to be filled by mapping phase.
MODEL_CMPD:0001360,s_2866,cerotic acid,C26H51O2,-1,ce,,,,,,Yeast-MetaTwin,s_2866,model,Extracted from Yeast-MetaTwin model; external IDs to be filled by mapping phase.
MODEL_CMPD:0001361,s_2867,hexacosanoyl-CoA,C47H82N7O17P3S,-4,ce,,,,,,Yeast-MetaTwin,s_2867,model,Extracted from Yeast-MetaTwin model; external IDs to be filled by mapping phase.
MODEL_CMPD:0001362,s_2868,behenate,C22H43O2,-1,erm,,,,,,Yeast-MetaTwin,s_2868,model,Extracted from Yeast-MetaTwin model; external IDs to be filled by mapping phase.
MODEL_CMPD:0001363,s_2869,lignoceric acid,C24H47O2,-1,erm,,,,,,Yeast-MetaTwin,s_2869,model,Extracted from Yeast-MetaTwin model; external IDs to be filled by mapping phase.
MODEL_CMPD:0001364,s_2870,cerotic acid,C26H51O2,-1,erm,,,,,,Yeast-MetaTwin,s_2870,model,Extracted from Yeast-MetaTwin model; external IDs to be filled by mapping phase.
MODEL_CMPD:0001365,s_2871,behenate,C22H43O2,-1,lp,,,,,,Yeast-MetaTwin,s_2871,model,Extracted from Yeast-MetaTwin model; external IDs to be filled by mapping phase.
MODEL_CMPD:0001366,s_2872,docosanoyl-CoA,C43H74N7O17P3S,-4,lp,,,,,,Yeast-MetaTwin,s_2872,model,Extracted from Yeast-MetaTwin model; external IDs to be filled by mapping phase.
MODEL_CMPD:0001367,s_2873,lignoceric acid,C24H47O2,-1,lp,,,,,,Yeast-MetaTwin,s_2873,model,Extracted from Yeast-MetaTwin model; external IDs to be filled by mapping phase.
MODEL_CMPD:0001368,s_2874,tetracosanoyl-CoA,C45H78N7O17P3S,-4,lp,,,,,,Yeast-MetaTwin,s_2874,model,Extracted from Yeast-MetaTwin model; external IDs to be filled by mapping phase.
MODEL_CMPD:0001369,s_2875,cerotic acid,C26H51O2,-1,lp,,,,,,Yeast-MetaTwin,s_2875,model,Extracted from Yeast-MetaTwin model; external IDs to be filled by mapping phase.
MODEL_CMPD:0001370,s_2876,hexacosanoyl-CoA,C47H82N7O17P3S,-4,lp,,,,,,Yeast-MetaTwin,s_2876,model,Extracted from Yeast-MetaTwin model; external IDs to be filled by mapping phase.
MODEL_CMPD:0001371,s_2877,palmitoleoyl-CoA(4-),C37H60N7O17P3S,-4,c,,,,,,Yeast-MetaTwin,s_2877,model,Extracted from Yeast-MetaTwin model; external IDs to be filled by mapping phase.
MODEL_CMPD:0001372,s_2878,icosanoyl-CoA,C41H70N7O17P3S,-4,c,,,,,,Yeast-MetaTwin,s_2878,model,Extracted from Yeast-MetaTwin model; external IDs to be filled by mapping phase.
MODEL_CMPD:0001373,s_2879,icosanoyl-CoA,C41H70N7O17P3S,-4,p,,,,,,Yeast-MetaTwin,s_2879,model,Extracted from Yeast-MetaTwin model; external IDs to be filled by mapping phase.
MODEL_CMPD:0001374,s_2880,docosanoyl-CoA,C43H74N7O17P3S,-4,c,,,,,,Yeast-MetaTwin,s_2880,model,Extracted from Yeast-MetaTwin model; external IDs to be filled by mapping phase.
MODEL_CMPD:0001375,s_2881,docosanoyl-CoA,C43H74N7O17P3S,-4,p,,,,,,Yeast-MetaTwin,s_2881,model,Extracted from Yeast-MetaTwin model; external IDs to be filled by mapping phase.
MODEL_CMPD:0001376,s_2882,butyrate,C4H7O2,-1,p,,,,,,Yeast-MetaTwin,s_2882,model,Extracted from Yeast-MetaTwin model; external IDs to be filled by mapping phase.
MODEL_CMPD:0001377,s_2883,hexanoate,C6H11O2,-1,p,,,,,,Yeast-MetaTwin,s_2883,model,Extracted from Yeast-MetaTwin model; external IDs to be filled by mapping phase.
MODEL_CMPD:0001378,s_2884,butanoyl-CoA,C25H38N7O17P3S,-4,p,,,,,,Yeast-MetaTwin,s_2884,model,Extracted from Yeast-MetaTwin model; external IDs to be filled by mapping phase.
MODEL_CMPD:0001379,s_2885,hexanoyl-CoA,C27H46N7O17P3S,0,p,,,,,,Yeast-MetaTwin,s_2885,model,Extracted from Yeast-MetaTwin model; external IDs to be filled by mapping phase.
MODEL_CMPD:0001380,s_2886,but-2-enoyl-CoA,C25H40N7O17P3S,0,p,,,,,,Yeast-MetaTwin,s_2886,model,Extracted from Yeast-MetaTwin model; external IDs to be filled by mapping phase.
MODEL_CMPD:0001381,s_2887,trans-hex-2-enoyl-CoA,C27H44N7O17P3S,0,p,,,,,,Yeast-MetaTwin,s_2887,model,Extracted from Yeast-MetaTwin model; external IDs to be filled by mapping phase.
MODEL_CMPD:0001382,s_2888,trans-oct-2-enoyl-CoA,C29H44N7O17P3S,-4,p,,,,,,Yeast-MetaTwin,s_2888,model,Extracted from Yeast-MetaTwin model; external IDs to be filled by mapping phase.
MODEL_CMPD:0001383,s_2889,trans-icos-2-enoyl-CoA,C41H68N7O17P3S,-4,p,,,,,,Yeast-MetaTwin,s_2889,model,Extracted from Yeast-MetaTwin model; external IDs to be filled by mapping phase.
MODEL_CMPD:0001384,s_2890,trans-docos-2-enoyl-CoA,C43H72N7O17P3S,-4,p,,,,,,Yeast-MetaTwin,s_2890,model,Extracted from Yeast-MetaTwin model; external IDs to be filled by mapping phase.
MODEL_CMPD:0001385,s_2891,trans-tetracos-2-enoyl-CoA,C45H76N7O17P3S,-4,p,,,,,,Yeast-MetaTwin,s_2891,model,Extracted from Yeast-MetaTwin model; external IDs to be filled by mapping phase.
MODEL_CMPD:0001386,s_2892,"trans-2,cis-9-hexadecadienoyl-CoA",C37H62N7O17P3S,0,p,,,,,,Yeast-MetaTwin,s_2892,model,Extracted from Yeast-MetaTwin model; external IDs to be filled by mapping phase.
MODEL_CMPD:0001387,s_2893,cis-tetradec-7-enoyl-CoA,C35H60N7O17P3S,0,p,,,,,,Yeast-MetaTwin,s_2893,model,Extracted from Yeast-MetaTwin model; external IDs to be filled by mapping phase.
MODEL_CMPD:0001388,s_2894,"trans-2,cis-7-tetradecadienoyl-CoA",C35H58N7O17P3S,0,p,,,,,,Yeast-MetaTwin,s_2894,model,Extracted from Yeast-MetaTwin model; external IDs to be filled by mapping phase.
MODEL_CMPD:0001389,s_2895,cis-dodec-5-enoyl-CoA,C33H56N7O17P3S,0,p,,,,,,Yeast-MetaTwin,s_2895,model,Extracted from Yeast-MetaTwin model; external IDs to be filled by mapping phase.
MODEL_CMPD:0001390,s_2896,"trans-2,cis-5-dodecadienoyl-CoA",C33H54N7O17P3S,0,p,,,,,,Yeast-MetaTwin,s_2896,model,Extracted from Yeast-MetaTwin model; external IDs to be filled by mapping phase.
MODEL_CMPD:0001391,s_2897,"trans-2,cis-9-octadecadienoyl-CoA",C39H62N7O17P3S,-4,p,,,,,,Yeast-MetaTwin,s_2897,model,Extracted from Yeast-MetaTwin model; external IDs to be filled by mapping phase.
MODEL_CMPD:0001392,s_2898,cis-hexadec-7-enoyl-CoA,C37H64N7O17P3S,0,p,,,,,,Yeast-MetaTwin,s_2898,model,Extracted from Yeast-MetaTwin model; external IDs to be filled by mapping phase.
MODEL_CMPD:0001393,s_2899,"trans-2,cis-7-hexadecadienoyl-CoA",C37H62N7O17P3S,0,p,,,,,,Yeast-MetaTwin,s_2899,model,Extracted from Yeast-MetaTwin model; external IDs to be filled by mapping phase.
MODEL_CMPD:0001394,s_2900,cis-tetradec-5-enoyl-CoA,C35H60N7O17P3S,0,p,,,,,,Yeast-MetaTwin,s_2900,model,Extracted from Yeast-MetaTwin model; external IDs to be filled by mapping phase.
MODEL_CMPD:0001395,s_2901,"trans-2,cis-5-tetradecadienoyl-CoA",C35H58N7O17P3S,0,p,,,,,,Yeast-MetaTwin,s_2901,model,Extracted from Yeast-MetaTwin model; external IDs to be filled by mapping phase.
MODEL_CMPD:0001396,s_2902,(R)-3-hydroxybutanoyl-CoA,C25H38N7O18P3S,-4,p,,,,,,Yeast-MetaTwin,s_2902,model,Extracted from Yeast-MetaTwin model; external IDs to be filled by mapping phase.
MODEL_CMPD:0001397,s_2903,(R)-3-hydroxyhexanoyl-CoA,C27H46N7O18P3S,0,p,,,,,,Yeast-MetaTwin,s_2903,model,Extracted from Yeast-MetaTwin model; external IDs to be filled by mapping phase.
MODEL_CMPD:0001398,s_2904,(R)-3-hydroxyoctanoyl-CoA,C29H50N7O18P3S,0,p,,,,,,Yeast-MetaTwin,s_2904,model,Extracted from Yeast-MetaTwin model; external IDs to be filled by mapping phase.
MODEL_CMPD:0001399,s_2905,(R)-3-hydroxyicosanoyl-CoA,C41H70N7O18P3S,-4,p,,,,,,Yeast-MetaTwin,s_2905,model,Extracted from Yeast-MetaTwin model; external IDs to be filled by mapping phase.
MODEL_CMPD:0001400,s_2906,(R)-3-hydroxydocosanoyl-CoA,C43H74N7O18P3S,-4,p,,,,,,Yeast-MetaTwin,s_2906,model,Extracted from Yeast-MetaTwin model; external IDs to be filled by mapping phase.
MODEL_CMPD:0001401,s_2907,(R)-3-hydroxytetracosanoyl-CoA,C45H78N7O18P3S,-4,p,,,,,,Yeast-MetaTwin,s_2907,model,Extracted from Yeast-MetaTwin model; external IDs to be filled by mapping phase.
MODEL_CMPD:0001402,s_2908,(R)-3-hydroxy-cis-hexadec-9-enoyl-CoA,C37H64N7O18P3S,0,p,,,,,,Yeast-MetaTwin,s_2908,model,Extracted from Yeast-MetaTwin model; external IDs to be filled by mapping phase.
MODEL_CMPD:0001403,s_2909,(R)-3-hydroxy-cis-tetradec-7-enoyl-CoA,C35H60N7O18P3S,0,p,,,,,,Yeast-MetaTwin,s_2909,model,Extracted from Yeast-MetaTwin model; external IDs to be filled by mapping phase.
MODEL_CMPD:0001404,s_2910,(R)-3-hydroxy-cis-dodec-5-enoyl-CoA,C33H56N7O18P3S,0,p,,,,,,Yeast-MetaTwin,s_2910,model,Extracted from Yeast-MetaTwin model; external IDs to be filled by mapping phase.
MODEL_CMPD:0001405,s_2911,(R)-3-hydroxy-cis-octadec-9-enoyl-CoA,C39H68N7O18P3S,0,p,,,,,,Yeast-MetaTwin,s_2911,model,Extracted from Yeast-MetaTwin model; external IDs to be filled by mapping phase.
MODEL_CMPD:0001406,s_2912,(R)-3-hydroxy-cis-hexadec-7-enoyl-CoA,C37H64N7O18P3S,0,p,,,,,,Yeast-MetaTwin,s_2912,model,Extracted from Yeast-MetaTwin model; external IDs to be filled by mapping phase.
MODEL_CMPD:0001407,s_2913,(R)-3-hydroxy-cis-tetradec-5-enoyl-CoA,C35H60N7O18P3S,0,p,,,,,,Yeast-MetaTwin,s_2913,model,Extracted from Yeast-MetaTwin model; external IDs to be filled by mapping phase.
MODEL_CMPD:0001408,s_2914,acetoacetyl-CoA,C25H36N7O18P3S,-4,p,,,,,,Yeast-MetaTwin,s_2914,model,Extracted from Yeast-MetaTwin model; external IDs to be filled by mapping phase.
MODEL_CMPD:0001409,s_2915,3-oxohexanoyl-CoA,C27H44N7O18P3S,0,p,,,,,,Yeast-MetaTwin,s_2915,model,Extracted from Yeast-MetaTwin model; external IDs to be filled by mapping phase.
MODEL_CMPD:0001410,s_2916,3-oxooctanoyl-CoA,C29H48N7O18P3S,0,p,,,,,,Yeast-MetaTwin,s_2916,model,Extracted from Yeast-MetaTwin model; external IDs to be filled by mapping phase.
MODEL_CMPD:0001411,s_2917,3-oxoicosanoyl-CoA,C41H68N7O18P3S,-4,p,,,,,,Yeast-MetaTwin,s_2917,model,Extracted from Yeast-MetaTwin model; external IDs to be filled by mapping phase.
MODEL_CMPD:0001412,s_2918,3-oxodocosanoyl-CoA,C43H72N7O18P3S,-4,p,,,,,,Yeast-MetaTwin,s_2918,model,Extracted from Yeast-MetaTwin model; external IDs to be filled by mapping phase.
MODEL_CMPD:0001413,s_2919,3-oxotetracosanoyl-CoA,C45H76N7O18P3S,-4,p,,,,,,Yeast-MetaTwin,s_2919,model,Extracted from Yeast-MetaTwin model; external IDs to be filled by mapping phase.
MODEL_CMPD:0001414,s_2920,3-oxo-cis-hexadec-9-enoyl-CoA,C37H62N7O18P3S,0,p,,,,,,Yeast-MetaTwin,s_2920,model,Extracted from Yeast-MetaTwin model; external IDs to be filled by mapping phase.
MODEL_CMPD:0001415,s_2921,3-oxo-cis-tetradec-7-enoyl-CoA,C35H58N7O18P3S,0,p,,,,,,Yeast-MetaTwin,s_2921,model,Extracted from Yeast-MetaTwin model; external IDs to be filled by mapping phase.
MODEL_CMPD:0001416,s_2922,3-oxo-cis-dodec-5-enoyl-CoA,C33H54N7O18P3S,0,p,,,,,,Yeast-MetaTwin,s_2922,model,Extracted from Yeast-MetaTwin model; external IDs to be filled by mapping phase.
MODEL_CMPD:0001417,s_2923,3-oxo-cis-octadec-9-enoyl-CoA,C39H66N7O18P3S,0,p,,,,,,Yeast-MetaTwin,s_2923,model,Extracted from Yeast-MetaTwin model; external IDs to be filled by mapping phase.
MODEL_CMPD:0001418,s_2924,3-oxo-cis-hexadec-7-enoyl-CoA,C37H62N7O18P3S,0,p,,,,,,Yeast-MetaTwin,s_2924,model,Extracted from Yeast-MetaTwin model; external IDs to be filled by mapping phase.
MODEL_CMPD:0001419,s_2925,3-oxo-cis-tetradec-5-enoyl-CoA,C35H58N7O18P3S,0,p,,,,,,Yeast-MetaTwin,s_2925,model,Extracted from Yeast-MetaTwin model; external IDs to be filled by mapping phase.
MODEL_CMPD:0001420,s_2926,cis-dec-3-enoyl-CoA,C31H52N7O17P3S,0,p,,,,,,Yeast-MetaTwin,s_2926,model,Extracted from Yeast-MetaTwin model; external IDs to be filled by mapping phase.
MODEL_CMPD:0001421,s_2927,cis-dodec-3-enoyl-CoA,C33H56N7O17P3S,0,p,,,,,,Yeast-MetaTwin,s_2927,model,Extracted from Yeast-MetaTwin model; external IDs to be filled by mapping phase.
MODEL_CMPD:0001422,s_2928,"trans-3,cis-5-dodecadienoyl-CoA",C33H54N7O17P3S,0,p,,,,,,Yeast-MetaTwin,s_2928,model,Extracted from Yeast-MetaTwin model; external IDs to be filled by mapping phase.
MODEL_CMPD:0001423,s_2929,trans-dodec-3-enoyl-CoA,C33H56N7O17P3S,0,p,,,,,,Yeast-MetaTwin,s_2929,model,Extracted from Yeast-MetaTwin model; external IDs to be filled by mapping phase.
MODEL_CMPD:0001424,s_2930,"trans-3,cis-5-tetradecadienoyl-CoA",C35H58N7O17P3S,0,p,,,,,,Yeast-MetaTwin,s_2930,model,Extracted from Yeast-MetaTwin model; external IDs to be filled by mapping phase.
MODEL_CMPD:0001425,s_2931,trans-tetradec-3-enoyl-CoA,C35H60N7O17P3S,0,p,,,,,,Yeast-MetaTwin,s_2931,model,Extracted from Yeast-MetaTwin model; external IDs to be filled by mapping phase.
MODEL_CMPD:0001426,s_2932,"trans-2,trans-4-dodecadienoyl-CoA",C33H54N7O17P3S,0,p,,,,,,Yeast-MetaTwin,s_2932,model,Extracted from Yeast-MetaTwin model; external IDs to be filled by mapping phase.
MODEL_CMPD:0001427,s_2933,"trans-2,trans-4-tetradecadienoyl-CoA",C35H58N7O17P3S,0,p,,,,,,Yeast-MetaTwin,s_2933,model,Extracted from Yeast-MetaTwin model; external IDs to be filled by mapping phase.
MODEL_CMPD:0001428,s_2934,glycerol 3-phosphate,C3H7O6P,-2,erm,,,,,,Yeast-MetaTwin,s_2934,model,Extracted from Yeast-MetaTwin model; external IDs to be filled by mapping phase.
MODEL_CMPD:0001429,s_2935,1-acyl-sn-glycerol 3-phosphate (16:0),C19H39O7P,0,erm,,,,,,Yeast-MetaTwin,s_2935,model,Extracted from Yeast-MetaTwin model; external IDs to be filled by mapping phase.
MODEL_CMPD:0001430,s_2936,1-acyl-sn-glycerol 3-phosphate (16:1),C19H37O7P,0,erm,,,,,,Yeast-MetaTwin,s_2936,model,Extracted from Yeast-MetaTwin model; external IDs to be filled by mapping phase.
MODEL_CMPD:0001431,s_2937,1-acyl-sn-glycerol 3-phosphate (18:0),C21H43O7P,0,erm,,,,,,Yeast-MetaTwin,s_2937,model,Extracted from Yeast-MetaTwin model; external IDs to be filled by mapping phase.
MODEL_CMPD:0001432,s_2938,1-acyl-sn-glycerol 3-phosphate (18:1),C21H41O7P,0,erm,,,,,,Yeast-MetaTwin,s_2938,model,Extracted from Yeast-MetaTwin model; external IDs to be filled by mapping phase.
MODEL_CMPD:0001433,s_2939,dihydroxyacetone phosphate,C3H5O6P,-2,erm,,,,,,Yeast-MetaTwin,s_2939,model,Extracted from Yeast-MetaTwin model; external IDs to be filled by mapping phase.
MODEL_CMPD:0001434,s_2940,acylglycerone phosphate (16:0),C19H37O7P,0,erm,,,,,,Yeast-MetaTwin,s_2940,model,Extracted from Yeast-MetaTwin model; external IDs to be filled by mapping phase.
MODEL_CMPD:0001435,s_2941,acylglycerone phosphate (16:1),C19H35O7P,0,erm,,,,,,Yeast-MetaTwin,s_2941,model,Extracted from Yeast-MetaTwin model; external IDs to be filled by mapping phase.
MODEL_CMPD:0001436,s_2942,acylglycerone phosphate (18:0),C21H41O7P,0,erm,,,,,,Yeast-MetaTwin,s_2942,model,Extracted from Yeast-MetaTwin model; external IDs to be filled by mapping phase.
MODEL_CMPD:0001437,s_2943,acylglycerone phosphate (18:1),C21H39O7P,0,erm,,,,,,Yeast-MetaTwin,s_2943,model,Extracted from Yeast-MetaTwin model; external IDs to be filled by mapping phase.
MODEL_CMPD:0001438,s_2944,1-acyl-sn-glycerol 3-phosphate (16:0),C19H39O7P,0,lp,,,,,,Yeast-MetaTwin,s_2944,model,Extracted from Yeast-MetaTwin model; external IDs to be filled by mapping phase.
MODEL_CMPD:0001439,s_2945,1-acyl-sn-glycerol 3-phosphate (16:1),C19H37O7P,0,lp,,,,,,Yeast-MetaTwin,s_2945,model,Extracted from Yeast-MetaTwin model; external IDs to be filled by mapping phase.
MODEL_CMPD:0001440,s_2946,1-acyl-sn-glycerol 3-phosphate (18:0),C21H43O7P,0,lp,,,,,,Yeast-MetaTwin,s_2946,model,Extracted from Yeast-MetaTwin model; external IDs to be filled by mapping phase.
MODEL_CMPD:0001441,s_2947,1-acyl-sn-glycerol 3-phosphate (18:1),C21H41O7P,0,lp,,,,,,Yeast-MetaTwin,s_2947,model,Extracted from Yeast-MetaTwin model; external IDs to be filled by mapping phase.
MODEL_CMPD:0001442,s_2948,acylglycerone phosphate (16:0),C19H37O7P,0,lp,,,,,,Yeast-MetaTwin,s_2948,model,Extracted from Yeast-MetaTwin model; external IDs to be filled by mapping phase.
MODEL_CMPD:0001443,s_2949,acylglycerone phosphate (16:1),C19H35O7P,0,lp,,,,,,Yeast-MetaTwin,s_2949,model,Extracted from Yeast-MetaTwin model; external IDs to be filled by mapping phase.
MODEL_CMPD:0001444,s_2950,acylglycerone phosphate (18:0),C21H41O7P,0,lp,,,,,,Yeast-MetaTwin,s_2950,model,Extracted from Yeast-MetaTwin model; external IDs to be filled by mapping phase.
MODEL_CMPD:0001445,s_2951,acylglycerone phosphate (18:1),C21H39O7P,0,lp,,,,,,Yeast-MetaTwin,s_2951,model,Extracted from Yeast-MetaTwin model; external IDs to be filled by mapping phase.
MODEL_CMPD:0001446,s_2952,NADPH,C21H26N7O17P3,-4,lp,,,,,,Yeast-MetaTwin,s_2952,model,Extracted from Yeast-MetaTwin model; external IDs to be filled by mapping phase.
MODEL_CMPD:0001447,s_2953,NADP(+),C21H25N7O17P3,-3,lp,,,,,,Yeast-MetaTwin,s_2953,model,Extracted from Yeast-MetaTwin model; external IDs to be filled by mapping phase.
MODEL_CMPD:0001448,s_2954,"phosphatidate (1-16:0, 2-16:1)",C35H67O8P,0,erm,,,,,,Yeast-MetaTwin,s_2954,model,Extracted from Yeast-MetaTwin model; external IDs to be filled by mapping phase.
MODEL_CMPD:0001449,s_2955,"phosphatidate (1-16:0, 2-18:1)",C37H71O8P,0,erm,,,,,,Yeast-MetaTwin,s_2955,model,Extracted from Yeast-MetaTwin model; external IDs to be filled by mapping phase.
MODEL_CMPD:0001450,s_2956,"phosphatidate (1-16:1, 2-16:1)",C35H65O8P,0,erm,,,,,,Yeast-MetaTwin,s_2956,model,Extracted from Yeast-MetaTwin model; external IDs to be filled by mapping phase.
MODEL_CMPD:0001451,s_2957,"phosphatidate (1-16:1, 2-18:1)",C37H69O8P,0,erm,,,,,,Yeast-MetaTwin,s_2957,model,Extracted from Yeast-MetaTwin model; external IDs to be filled by mapping phase.
MODEL_CMPD:0001452,s_2958,"phosphatidate (1-18:0, 2-16:1)",C37H71O8P,0,erm,,,,,,Yeast-MetaTwin,s_2958,model,Extracted from Yeast-MetaTwin model; external IDs to be filled by mapping phase.
MODEL_CMPD:0001453,s_2959,"phosphatidate (1-18:0, 2-18:1)",C39H75O8P,0,erm,,,,,,Yeast-MetaTwin,s_2959,model,Extracted from Yeast-MetaTwin model; external IDs to be filled by mapping phase.
MODEL_CMPD:0001454,s_2960,"phosphatidate (1-18:1, 2-16:1)",C37H69O8P,0,erm,,,,,,Yeast-MetaTwin,s_2960,model,Extracted from Yeast-MetaTwin model; external IDs to be filled by mapping phase.
MODEL_CMPD:0001455,s_2961,"phosphatidate (1-18:1, 2-18:1)",C39H73O8P,0,erm,,,,,,Yeast-MetaTwin,s_2961,model,Extracted from Yeast-MetaTwin model; external IDs to be filled by mapping phase.
MODEL_CMPD:0001456,s_2962,"phosphatidate (1-16:0, 2-18:1)",C37H71O8P,0,lp,,,,,,Yeast-MetaTwin,s_2962,model,Extracted from Yeast-MetaTwin model; external IDs to be filled by mapping phase.
MODEL_CMPD:0001457,s_2963,"phosphatidate (1-16:1, 2-18:1)",C37H69O8P,0,lp,,,,,,Yeast-MetaTwin,s_2963,model,Extracted from Yeast-MetaTwin model; external IDs to be filled by mapping phase.
MODEL_CMPD:0001458,s_2964,"phosphatidate (1-18:0, 2-18:1)",C39H75O8P,0,lp,,,,,,Yeast-MetaTwin,s_2964,model,Extracted from Yeast-MetaTwin model; external IDs to be filled by mapping phase.
MODEL_CMPD:0001459,s_2965,"phosphatidate (1-18:1, 2-18:1)",C39H73O8P,0,lp,,,,,,Yeast-MetaTwin,s_2965,model,Extracted from Yeast-MetaTwin model; external IDs to be filled by mapping phase.
MODEL_CMPD:0001460,s_2966,phosphate,HO4P,-2,erm,,,,,,Yeast-MetaTwin,s_2966,model,Extracted from Yeast-MetaTwin model; external IDs to be filled by mapping phase.
MODEL_CMPD:0001461,s_2967,"diglyceride (1-16:0, 2-16:1)",C35H66O5,0,erm,,,,,,Yeast-MetaTwin,s_2967,model,Extracted from Yeast-MetaTwin model; external IDs to be filled by mapping phase.
MODEL_CMPD:0001462,s_2968,"diglyceride (1-16:0, 2-18:1)",C37H70O5,0,erm,,,,,,Yeast-MetaTwin,s_2968,model,Extracted from Yeast-MetaTwin model; external IDs to be filled by mapping phase.
MODEL_CMPD:0001463,s_2969,"diglyceride (1-16:1, 2-16:1)",C35H64O5,0,erm,,,,,,Yeast-MetaTwin,s_2969,model,Extracted from Yeast-MetaTwin model; external IDs to be filled by mapping phase.
MODEL_CMPD:0001464,s_2970,"diglyceride (1-16:1, 2-18:1)",C37H68O5,0,erm,,,,,,Yeast-MetaTwin,s_2970,model,Extracted from Yeast-MetaTwin model; external IDs to be filled by mapping phase.
MODEL_CMPD:0001465,s_2971,"diglyceride (1-18:0, 2-16:1)",C37H70O5,0,erm,,,,,,Yeast-MetaTwin,s_2971,model,Extracted from Yeast-MetaTwin model; external IDs to be filled by mapping phase.
MODEL_CMPD:0001466,s_2972,"diglyceride (1-18:0, 2-18:1)",C39H74O5,0,erm,,,,,,Yeast-MetaTwin,s_2972,model,Extracted from Yeast-MetaTwin model; external IDs to be filled by mapping phase.
MODEL_CMPD:0001467,s_2973,"diglyceride (1-18:1, 2-16:1)",C37H68O5,0,erm,,,,,,Yeast-MetaTwin,s_2973,model,Extracted from Yeast-MetaTwin model; external IDs to be filled by mapping phase.
MODEL_CMPD:0001468,s_2974,"diglyceride (1-18:1, 2-18:1)",C39H72O5,0,erm,,,,,,Yeast-MetaTwin,s_2974,model,Extracted from Yeast-MetaTwin model; external IDs to be filled by mapping phase.
MODEL_CMPD:0001469,s_2975,"phosphatidate (1-16:0, 2-16:1)",C35H67O8P,0,vm,,,,,,Yeast-MetaTwin,s_2975,model,Extracted from Yeast-MetaTwin model; external IDs to be filled by mapping phase.
MODEL_CMPD:0001470,s_2976,H2O,H2O,0,vm,,,,,,Yeast-MetaTwin,s_2976,model,Extracted from Yeast-MetaTwin model; external IDs to be filled by mapping phase.
MODEL_CMPD:0001471,s_2977,phosphate,HO4P,-2,vm,,,,,,Yeast-MetaTwin,s_2977,model,Extracted from Yeast-MetaTwin model; external IDs to be filled by mapping phase.
MODEL_CMPD:0001472,s_2978,"diglyceride (1-16:0, 2-16:1)",C35H66O5,0,vm,,,,,,Yeast-MetaTwin,s_2978,model,Extracted from Yeast-MetaTwin model; external IDs to be filled by mapping phase.
MODEL_CMPD:0001473,s_2979,"phosphatidate (1-16:0, 2-18:1)",C37H71O8P,0,vm,,,,,,Yeast-MetaTwin,s_2979,model,Extracted from Yeast-MetaTwin model; external IDs to be filled by mapping phase.
MODEL_CMPD:0001474,s_2980,"diglyceride (1-16:0, 2-18:1)",C37H70O5,0,vm,,,,,,Yeast-MetaTwin,s_2980,model,Extracted from Yeast-MetaTwin model; external IDs to be filled by mapping phase.
MODEL_CMPD:0001475,s_2981,"phosphatidate (1-16:1, 2-16:1)",C35H65O8P,0,vm,,,,,,Yeast-MetaTwin,s_2981,model,Extracted from Yeast-MetaTwin model; external IDs to be filled by mapping phase.
MODEL_CMPD:0001476,s_2982,"diglyceride (1-16:1, 2-16:1)",C35H64O5,0,vm,,,,,,Yeast-MetaTwin,s_2982,model,Extracted from Yeast-MetaTwin model; external IDs to be filled by mapping phase.
MODEL_CMPD:0001477,s_2983,"phosphatidate (1-16:1, 2-18:1)",C37H69O8P,0,vm,,,,,,Yeast-MetaTwin,s_2983,model,Extracted from Yeast-MetaTwin model; external IDs to be filled by mapping phase.
MODEL_CMPD:0001478,s_2984,"diglyceride (1-16:1, 2-18:1)",C37H68O5,0,vm,,,,,,Yeast-MetaTwin,s_2984,model,Extracted from Yeast-MetaTwin model; external IDs to be filled by mapping phase.
MODEL_CMPD:0001479,s_2985,"phosphatidate (1-18:0, 2-16:1)",C37H71O8P,0,vm,,,,,,Yeast-MetaTwin,s_2985,model,Extracted from Yeast-MetaTwin model; external IDs to be filled by mapping phase.
MODEL_CMPD:0001480,s_2986,"diglyceride (1-18:0, 2-16:1)",C37H70O5,0,vm,,,,,,Yeast-MetaTwin,s_2986,model,Extracted from Yeast-MetaTwin model; external IDs to be filled by mapping phase.
MODEL_CMPD:0001481,s_2987,"phosphatidate (1-18:0, 2-18:1)",C39H75O8P,0,vm,,,,,,Yeast-MetaTwin,s_2987,model,Extracted from Yeast-MetaTwin model; external IDs to be filled by mapping phase.
MODEL_CMPD:0001482,s_2988,"diglyceride (1-18:0, 2-18:1)",C39H74O5,0,vm,,,,,,Yeast-MetaTwin,s_2988,model,Extracted from Yeast-MetaTwin model; external IDs to be filled by mapping phase.
MODEL_CMPD:0001483,s_2989,"phosphatidate (1-18:1, 2-16:1)",C37H69O8P,0,vm,,,,,,Yeast-MetaTwin,s_2989,model,Extracted from Yeast-MetaTwin model; external IDs to be filled by mapping phase.
MODEL_CMPD:0001484,s_2990,"diglyceride (1-18:1, 2-16:1)",C37H68O5,0,vm,,,,,,Yeast-MetaTwin,s_2990,model,Extracted from Yeast-MetaTwin model; external IDs to be filled by mapping phase.
MODEL_CMPD:0001485,s_2991,"phosphatidate (1-18:1, 2-18:1)",C39H73O8P,0,vm,,,,,,Yeast-MetaTwin,s_2991,model,Extracted from Yeast-MetaTwin model; external IDs to be filled by mapping phase.
MODEL_CMPD:0001486,s_2992,"diglyceride (1-18:1, 2-18:1)",C39H72O5,0,vm,,,,,,Yeast-MetaTwin,s_2992,model,Extracted from Yeast-MetaTwin model; external IDs to be filled by mapping phase.
MODEL_CMPD:0001487,s_2993,"phosphatidate (1-16:0, 2-16:1)",C35H67O8P,0,gm,,,,,,Yeast-MetaTwin,s_2993,model,Extracted from Yeast-MetaTwin model; external IDs to be filled by mapping phase.
MODEL_CMPD:0001488,s_2994,H2O,H2O,0,gm,,,,,,Yeast-MetaTwin,s_2994,model,Extracted from Yeast-MetaTwin model; external IDs to be filled by mapping phase.
MODEL_CMPD:0001489,s_2995,phosphate,HO4P,-2,gm,,,,,,Yeast-MetaTwin,s_2995,model,Extracted from Yeast-MetaTwin model; external IDs to be filled by mapping phase.
MODEL_CMPD:0001490,s_2996,"diglyceride (1-16:0, 2-16:1)",C35H66O5,0,gm,,,,,,Yeast-MetaTwin,s_2996,model,Extracted from Yeast-MetaTwin model; external IDs to be filled by mapping phase.
MODEL_CMPD:0001491,s_2997,"phosphatidate (1-16:0, 2-18:1)",C37H71O8P,0,gm,,,,,,Yeast-MetaTwin,s_2997,model,Extracted from Yeast-MetaTwin model; external IDs to be filled by mapping phase.
MODEL_CMPD:0001492,s_2998,"diglyceride (1-16:0, 2-18:1)",C37H70O5,0,gm,,,,,,Yeast-MetaTwin,s_2998,model,Extracted from Yeast-MetaTwin model; external IDs to be filled by mapping phase.
MODEL_CMPD:0001493,s_2999,"phosphatidate (1-16:1, 2-16:1)",C35H65O8P,0,gm,,,,,,Yeast-MetaTwin,s_2999,model,Extracted from Yeast-MetaTwin model; external IDs to be filled by mapping phase.
MODEL_CMPD:0001494,s_3000,"diglyceride (1-16:1, 2-16:1)",C35H64O5,0,gm,,,,,,Yeast-MetaTwin,s_3000,model,Extracted from Yeast-MetaTwin model; external IDs to be filled by mapping phase.
MODEL_CMPD:0001495,s_3001,"phosphatidate (1-16:1, 2-18:1)",C37H69O8P,0,gm,,,,,,Yeast-MetaTwin,s_3001,model,Extracted from Yeast-MetaTwin model; external IDs to be filled by mapping phase.
MODEL_CMPD:0001496,s_3002,"diglyceride (1-16:1, 2-18:1)",C37H68O5,0,gm,,,,,,Yeast-MetaTwin,s_3002,model,Extracted from Yeast-MetaTwin model; external IDs to be filled by mapping phase.
MODEL_CMPD:0001497,s_3003,"phosphatidate (1-18:0, 2-16:1)",C37H71O8P,0,gm,,,,,,Yeast-MetaTwin,s_3003,model,Extracted from Yeast-MetaTwin model; external IDs to be filled by mapping phase.
MODEL_CMPD:0001498,s_3004,"diglyceride (1-18:0, 2-16:1)",C37H70O5,0,gm,,,,,,Yeast-MetaTwin,s_3004,model,Extracted from Yeast-MetaTwin model; external IDs to be filled by mapping phase.
MODEL_CMPD:0001499,s_3005,"phosphatidate (1-18:0, 2-18:1)",C39H75O8P,0,gm,,,,,,Yeast-MetaTwin,s_3005,model,Extracted from Yeast-MetaTwin model; external IDs to be filled by mapping phase.
MODEL_CMPD:0001500,s_3006,"diglyceride (1-18:0, 2-18:1)",C39H74O5,0,gm,,,,,,Yeast-MetaTwin,s_3006,model,Extracted from Yeast-MetaTwin model; external IDs to be filled by mapping phase.
MODEL_CMPD:0001501,s_3007,"phosphatidate (1-18:1, 2-16:1)",C37H69O8P,0,gm,,,,,,Yeast-MetaTwin,s_3007,model,Extracted from Yeast-MetaTwin model; external IDs to be filled by mapping phase.
MODEL_CMPD:0001502,s_3008,"diglyceride (1-18:1, 2-16:1)",C37H68O5,0,gm,,,,,,Yeast-MetaTwin,s_3008,model,Extracted from Yeast-MetaTwin model; external IDs to be filled by mapping phase.
MODEL_CMPD:0001503,s_3009,"phosphatidate (1-18:1, 2-18:1)",C39H73O8P,0,gm,,,,,,Yeast-MetaTwin,s_3009,model,Extracted from Yeast-MetaTwin model; external IDs to be filled by mapping phase.
MODEL_CMPD:0001504,s_3010,"diglyceride (1-18:1, 2-18:1)",C39H72O5,0,gm,,,,,,Yeast-MetaTwin,s_3010,model,Extracted from Yeast-MetaTwin model; external IDs to be filled by mapping phase.
MODEL_CMPD:0001505,s_3011,"triglyceride (1-16:0, 2-16:1, 3-16:0)",C51H96O6,0,erm,,,,,,Yeast-MetaTwin,s_3011,model,Extracted from Yeast-MetaTwin model; external IDs to be filled by mapping phase.
MODEL_CMPD:0001506,s_3012,"triglyceride (1-16:0, 2-18:1, 3-16:0)",C53H100O6,0,erm,,,,,,Yeast-MetaTwin,s_3012,model,Extracted from Yeast-MetaTwin model; external IDs to be filled by mapping phase.
MODEL_CMPD:0001507,s_3013,"triglyceride (1-16:1, 2-16:1, 3-16:0)",C51H94O6,0,erm,,,,,,Yeast-MetaTwin,s_3013,model,Extracted from Yeast-MetaTwin model; external IDs to be filled by mapping phase.
MODEL_CMPD:0001508,s_3014,"triglyceride (1-16:1, 2-18:1, 3-16:0)",C53H98O6,0,erm,,,,,,Yeast-MetaTwin,s_3014,model,Extracted from Yeast-MetaTwin model; external IDs to be filled by mapping phase.
MODEL_CMPD:0001509,s_3015,"triglyceride (1-18:0, 2-16:1, 3-16:0)",C53H100O6,0,erm,,,,,,Yeast-MetaTwin,s_3015,model,Extracted from Yeast-MetaTwin model; external IDs to be filled by mapping phase.
MODEL_CMPD:0001510,s_3016,"triglyceride (1-18:0, 2-18:1, 3-16:0)",C55H104O6,0,erm,,,,,,Yeast-MetaTwin,s_3016,model,Extracted from Yeast-MetaTwin model; external IDs to be filled by mapping phase.
MODEL_CMPD:0001511,s_3017,"triglyceride (1-18:1, 2-16:1, 3-16:0)",C53H98O6,0,erm,,,,,,Yeast-MetaTwin,s_3017,model,Extracted from Yeast-MetaTwin model; external IDs to be filled by mapping phase.
MODEL_CMPD:0001512,s_3018,"triglyceride (1-18:1, 2-18:1, 3-16:0)",C55H102O6,0,erm,,,,,,Yeast-MetaTwin,s_3018,model,Extracted from Yeast-MetaTwin model; external IDs to be filled by mapping phase.
MODEL_CMPD:0001513,s_3019,"triglyceride (1-16:0, 2-16:1, 3-16:1)",C51H94O6,0,erm,,,,,,Yeast-MetaTwin,s_3019,model,Extracted from Yeast-MetaTwin model; external IDs to be filled by mapping phase.
MODEL_CMPD:0001514,s_3020,"triglyceride (1-16:0, 2-18:1, 3-16:1)",C53H98O6,0,erm,,,,,,Yeast-MetaTwin,s_3020,model,Extracted from Yeast-MetaTwin model; external IDs to be filled by mapping phase.
MODEL_CMPD:0001515,s_3021,"triglyceride (1-16:1, 2-16:1, 3-16:1)",C51H92O6,0,erm,,,,,,Yeast-MetaTwin,s_3021,model,Extracted from Yeast-MetaTwin model; external IDs to be filled by mapping phase.
MODEL_CMPD:0001516,s_3022,"triglyceride (1-16:1, 2-18:1, 3-16:1)",C53H96O6,0,erm,,,,,,Yeast-MetaTwin,s_3022,model,Extracted from Yeast-MetaTwin model; external IDs to be filled by mapping phase.
MODEL_CMPD:0001517,s_3023,"triglyceride (1-18:0, 2-16:1, 3-16:1)",C53H98O6,0,erm,,,,,,Yeast-MetaTwin,s_3023,model,Extracted from Yeast-MetaTwin model; external IDs to be filled by mapping phase.
MODEL_CMPD:0001518,s_3024,"triglyceride (1-18:0, 2-18:1, 3-16:1)",C55H102O6,0,erm,,,,,,Yeast-MetaTwin,s_3024,model,Extracted from Yeast-MetaTwin model; external IDs to be filled by mapping phase.
MODEL_CMPD:0001519,s_3025,"triglyceride (1-18:1, 2-16:1, 3-16:1)",C53H96O6,0,erm,,,,,,Yeast-MetaTwin,s_3025,model,Extracted from Yeast-MetaTwin model; external IDs to be filled by mapping phase.
MODEL_CMPD:0001520,s_3026,"triglyceride (1-18:1, 2-18:1, 3-16:1)",C55H100O6,0,erm,,,,,,Yeast-MetaTwin,s_3026,model,Extracted from Yeast-MetaTwin model; external IDs to be filled by mapping phase.
MODEL_CMPD:0001521,s_3027,"triglyceride (1-16:0, 2-16:1, 3-18:0)",C53H100O6,0,erm,,,,,,Yeast-MetaTwin,s_3027,model,Extracted from Yeast-MetaTwin model; external IDs to be filled by mapping phase.
MODEL_CMPD:0001522,s_3028,"triglyceride (1-16:0, 2-18:1, 3-18:0)",C55H104O6,0,erm,,,,,,Yeast-MetaTwin,s_3028,model,Extracted from Yeast-MetaTwin model; external IDs to be filled by mapping phase.
MODEL_CMPD:0001523,s_3029,"triglyceride (1-16:1, 2-16:1, 3-18:0)",C53H98O6,0,erm,,,,,,Yeast-MetaTwin,s_3029,model,Extracted from Yeast-MetaTwin model; external IDs to be filled by mapping phase.
MODEL_CMPD:0001524,s_3030,"triglyceride (1-16:1, 2-18:1, 3-18:0)",C55H102O6,0,erm,,,,,,Yeast-MetaTwin,s_3030,model,Extracted from Yeast-MetaTwin model; external IDs to be filled by mapping phase.
MODEL_CMPD:0001525,s_3031,"triglyceride (1-18:0, 2-16:1, 3-18:0)",C55H104O6,0,erm,,,,,,Yeast-MetaTwin,s_3031,model,Extracted from Yeast-MetaTwin model; external IDs to be filled by mapping phase.
MODEL_CMPD:0001526,s_3032,"triglyceride (1-18:0, 2-18:1, 3-18:0)",C57H108O6,0,erm,,,,,,Yeast-MetaTwin,s_3032,model,Extracted from Yeast-MetaTwin model; external IDs to be filled by mapping phase.
MODEL_CMPD:0001527,s_3033,"triglyceride (1-18:1, 2-16:1, 3-18:0)",C55H102O6,0,erm,,,,,,Yeast-MetaTwin,s_3033,model,Extracted from Yeast-MetaTwin model; external IDs to be filled by mapping phase.
MODEL_CMPD:0001528,s_3034,"triglyceride (1-18:1, 2-18:1, 3-18:0)",C57H106O6,0,erm,,,,,,Yeast-MetaTwin,s_3034,model,Extracted from Yeast-MetaTwin model; external IDs to be filled by mapping phase.
MODEL_CMPD:0001529,s_3035,"triglyceride (1-16:0, 2-16:1, 3-18:1)",C53H98O6,0,erm,,,,,,Yeast-MetaTwin,s_3035,model,Extracted from Yeast-MetaTwin model; external IDs to be filled by mapping phase.
MODEL_CMPD:0001530,s_3036,"triglyceride (1-16:0, 2-18:1, 3-18:1)",C55H102O6,0,erm,,,,,,Yeast-MetaTwin,s_3036,model,Extracted from Yeast-MetaTwin model; external IDs to be filled by mapping phase.
MODEL_CMPD:0001531,s_3037,"triglyceride (1-16:1, 2-16:1, 3-18:1)",C53H96O6,0,erm,,,,,,Yeast-MetaTwin,s_3037,model,Extracted from Yeast-MetaTwin model; external IDs to be filled by mapping phase.
MODEL_CMPD:0001532,s_3038,"triglyceride (1-16:1, 2-18:1, 3-18:1)",C55H100O6,0,erm,,,,,,Yeast-MetaTwin,s_3038,model,Extracted from Yeast-MetaTwin model; external IDs to be filled by mapping phase.
MODEL_CMPD:0001533,s_3039,"triglyceride (1-18:0, 2-16:1, 3-18:1)",C55H102O6,0,erm,,,,,,Yeast-MetaTwin,s_3039,model,Extracted from Yeast-MetaTwin model; external IDs to be filled by mapping phase.
MODEL_CMPD:0001534,s_3040,"triglyceride (1-18:0, 2-18:1, 3-18:1)",C57H106O6,0,erm,,,,,,Yeast-MetaTwin,s_3040,model,Extracted from Yeast-MetaTwin model; external IDs to be filled by mapping phase.
MODEL_CMPD:0001535,s_3041,"triglyceride (1-18:1, 2-16:1, 3-18:1)",C55H100O6,0,erm,,,,,,Yeast-MetaTwin,s_3041,model,Extracted from Yeast-MetaTwin model; external IDs to be filled by mapping phase.
MODEL_CMPD:0001536,s_3042,"triglyceride (1-18:1, 2-18:1, 3-18:1)",C57H104O6,0,erm,,,,,,Yeast-MetaTwin,s_3042,model,Extracted from Yeast-MetaTwin model; external IDs to be filled by mapping phase.
MODEL_CMPD:0001537,s_3043,"diglyceride (1-16:0, 2-16:1)",C35H66O5,0,lp,,,,,,Yeast-MetaTwin,s_3043,model,Extracted from Yeast-MetaTwin model; external IDs to be filled by mapping phase.
MODEL_CMPD:0001538,s_3044,"triglyceride (1-16:0, 2-16:1, 3-16:0)",C51H96O6,0,lp,,,,,,Yeast-MetaTwin,s_3044,model,Extracted from Yeast-MetaTwin model; external IDs to be filled by mapping phase.
MODEL_CMPD:0001539,s_3045,"diglyceride (1-16:0, 2-18:1)",C37H70O5,0,lp,,,,,,Yeast-MetaTwin,s_3045,model,Extracted from Yeast-MetaTwin model; external IDs to be filled by mapping phase.
MODEL_CMPD:0001540,s_3046,"triglyceride (1-16:0, 2-18:1, 3-16:0)",C53H100O6,0,lp,,,,,,Yeast-MetaTwin,s_3046,model,Extracted from Yeast-MetaTwin model; external IDs to be filled by mapping phase.
MODEL_CMPD:0001541,s_3047,"diglyceride (1-16:1, 2-16:1)",C35H64O5,0,lp,,,,,,Yeast-MetaTwin,s_3047,model,Extracted from Yeast-MetaTwin model; external IDs to be filled by mapping phase.
MODEL_CMPD:0001542,s_3048,"triglyceride (1-16:1, 2-16:1, 3-16:0)",C51H94O6,0,lp,,,,,,Yeast-MetaTwin,s_3048,model,Extracted from Yeast-MetaTwin model; external IDs to be filled by mapping phase.
MODEL_CMPD:0001543,s_3049,"diglyceride (1-16:1, 2-18:1)",C37H68O5,0,lp,,,,,,Yeast-MetaTwin,s_3049,model,Extracted from Yeast-MetaTwin model; external IDs to be filled by mapping phase.
MODEL_CMPD:0001544,s_3050,"triglyceride (1-16:1, 2-18:1, 3-16:0)",C53H98O6,0,lp,,,,,,Yeast-MetaTwin,s_3050,model,Extracted from Yeast-MetaTwin model; external IDs to be filled by mapping phase.
MODEL_CMPD:0001545,s_3051,"diglyceride (1-18:0, 2-16:1)",C37H70O5,0,lp,,,,,,Yeast-MetaTwin,s_3051,model,Extracted from Yeast-MetaTwin model; external IDs to be filled by mapping phase.
MODEL_CMPD:0001546,s_3052,"triglyceride (1-18:0, 2-16:1, 3-16:0)",C53H100O6,0,lp,,,,,,Yeast-MetaTwin,s_3052,model,Extracted from Yeast-MetaTwin model; external IDs to be filled by mapping phase.
MODEL_CMPD:0001547,s_3053,"diglyceride (1-18:0, 2-18:1)",C39H74O5,0,lp,,,,,,Yeast-MetaTwin,s_3053,model,Extracted from Yeast-MetaTwin model; external IDs to be filled by mapping phase.
MODEL_CMPD:0001548,s_3054,"triglyceride (1-18:0, 2-18:1, 3-16:0)",C55H104O6,0,lp,,,,,,Yeast-MetaTwin,s_3054,model,Extracted from Yeast-MetaTwin model; external IDs to be filled by mapping phase.
MODEL_CMPD:0001549,s_3055,"diglyceride (1-18:1, 2-16:1)",C37H68O5,0,lp,,,,,,Yeast-MetaTwin,s_3055,model,Extracted from Yeast-MetaTwin model; external IDs to be filled by mapping phase.
MODEL_CMPD:0001550,s_3056,"triglyceride (1-18:1, 2-16:1, 3-16:0)",C53H98O6,0,lp,,,,,,Yeast-MetaTwin,s_3056,model,Extracted from Yeast-MetaTwin model; external IDs to be filled by mapping phase.
MODEL_CMPD:0001551,s_3057,"diglyceride (1-18:1, 2-18:1)",C39H72O5,0,lp,,,,,,Yeast-MetaTwin,s_3057,model,Extracted from Yeast-MetaTwin model; external IDs to be filled by mapping phase.
MODEL_CMPD:0001552,s_3058,"triglyceride (1-18:1, 2-18:1, 3-16:0)",C55H102O6,0,lp,,,,,,Yeast-MetaTwin,s_3058,model,Extracted from Yeast-MetaTwin model; external IDs to be filled by mapping phase.
MODEL_CMPD:0001553,s_3059,"triglyceride (1-16:0, 2-16:1, 3-16:1)",C51H94O6,0,lp,,,,,,Yeast-MetaTwin,s_3059,model,Extracted from Yeast-MetaTwin model; external IDs to be filled by mapping phase.
MODEL_CMPD:0001554,s_3060,"triglyceride (1-16:0, 2-18:1, 3-16:1)",C53H98O6,0,lp,,,,,,Yeast-MetaTwin,s_3060,model,Extracted from Yeast-MetaTwin model; external IDs to be filled by mapping phase.
MODEL_CMPD:0001555,s_3061,"triglyceride (1-16:1, 2-16:1, 3-16:1)",C51H92O6,0,lp,,,,,,Yeast-MetaTwin,s_3061,model,Extracted from Yeast-MetaTwin model; external IDs to be filled by mapping phase.
MODEL_CMPD:0001556,s_3062,"triglyceride (1-16:1, 2-18:1, 3-16:1)",C53H96O6,0,lp,,,,,,Yeast-MetaTwin,s_3062,model,Extracted from Yeast-MetaTwin model; external IDs to be filled by mapping phase.
MODEL_CMPD:0001557,s_3063,"triglyceride (1-18:0, 2-16:1, 3-16:1)",C53H98O6,0,lp,,,,,,Yeast-MetaTwin,s_3063,model,Extracted from Yeast-MetaTwin model; external IDs to be filled by mapping phase.
MODEL_CMPD:0001558,s_3064,"triglyceride (1-18:0, 2-18:1, 3-16:1)",C55H102O6,0,lp,,,,,,Yeast-MetaTwin,s_3064,model,Extracted from Yeast-MetaTwin model; external IDs to be filled by mapping phase.
MODEL_CMPD:0001559,s_3065,"triglyceride (1-18:1, 2-16:1, 3-16:1)",C53H96O6,0,lp,,,,,,Yeast-MetaTwin,s_3065,model,Extracted from Yeast-MetaTwin model; external IDs to be filled by mapping phase.
MODEL_CMPD:0001560,s_3066,"triglyceride (1-18:1, 2-18:1, 3-16:1)",C55H100O6,0,lp,,,,,,Yeast-MetaTwin,s_3066,model,Extracted from Yeast-MetaTwin model; external IDs to be filled by mapping phase.
MODEL_CMPD:0001561,s_3067,"triglyceride (1-16:0, 2-16:1, 3-18:0)",C53H100O6,0,lp,,,,,,Yeast-MetaTwin,s_3067,model,Extracted from Yeast-MetaTwin model; external IDs to be filled by mapping phase.
MODEL_CMPD:0001562,s_3068,"triglyceride (1-16:0, 2-18:1, 3-18:0)",C55H104O6,0,lp,,,,,,Yeast-MetaTwin,s_3068,model,Extracted from Yeast-MetaTwin model; external IDs to be filled by mapping phase.
MODEL_CMPD:0001563,s_3069,"triglyceride (1-16:1, 2-16:1, 3-18:0)",C53H98O6,0,lp,,,,,,Yeast-MetaTwin,s_3069,model,Extracted from Yeast-MetaTwin model; external IDs to be filled by mapping phase.
MODEL_CMPD:0001564,s_3070,"triglyceride (1-16:1, 2-18:1, 3-18:0)",C55H102O6,0,lp,,,,,,Yeast-MetaTwin,s_3070,model,Extracted from Yeast-MetaTwin model; external IDs to be filled by mapping phase.
MODEL_CMPD:0001565,s_3071,"triglyceride (1-18:0, 2-16:1, 3-18:0)",C55H104O6,0,lp,,,,,,Yeast-MetaTwin,s_3071,model,Extracted from Yeast-MetaTwin model; external IDs to be filled by mapping phase.
MODEL_CMPD:0001566,s_3072,"triglyceride (1-18:0, 2-18:1, 3-18:0)",C57H108O6,0,lp,,,,,,Yeast-MetaTwin,s_3072,model,Extracted from Yeast-MetaTwin model; external IDs to be filled by mapping phase.
MODEL_CMPD:0001567,s_3073,"triglyceride (1-18:1, 2-16:1, 3-18:0)",C55H102O6,0,lp,,,,,,Yeast-MetaTwin,s_3073,model,Extracted from Yeast-MetaTwin model; external IDs to be filled by mapping phase.
MODEL_CMPD:0001568,s_3074,"triglyceride (1-18:1, 2-18:1, 3-18:0)",C57H106O6,0,lp,,,,,,Yeast-MetaTwin,s_3074,model,Extracted from Yeast-MetaTwin model; external IDs to be filled by mapping phase.
MODEL_CMPD:0001569,s_3075,"triglyceride (1-16:0, 2-16:1, 3-18:1)",C53H98O6,0,lp,,,,,,Yeast-MetaTwin,s_3075,model,Extracted from Yeast-MetaTwin model; external IDs to be filled by mapping phase.
MODEL_CMPD:0001570,s_3076,"triglyceride (1-16:0, 2-18:1, 3-18:1)",C55H102O6,0,lp,,,,,,Yeast-MetaTwin,s_3076,model,Extracted from Yeast-MetaTwin model; external IDs to be filled by mapping phase.
MODEL_CMPD:0001571,s_3077,"triglyceride (1-16:1, 2-16:1, 3-18:1)",C53H96O6,0,lp,,,,,,Yeast-MetaTwin,s_3077,model,Extracted from Yeast-MetaTwin model; external IDs to be filled by mapping phase.
MODEL_CMPD:0001572,s_3078,"triglyceride (1-16:1, 2-18:1, 3-18:1)",C55H100O6,0,lp,,,,,,Yeast-MetaTwin,s_3078,model,Extracted from Yeast-MetaTwin model; external IDs to be filled by mapping phase.
MODEL_CMPD:0001573,s_3079,"triglyceride (1-18:0, 2-16:1, 3-18:1)",C55H102O6,0,lp,,,,,,Yeast-MetaTwin,s_3079,model,Extracted from Yeast-MetaTwin model; external IDs to be filled by mapping phase.
MODEL_CMPD:0001574,s_3080,"triglyceride (1-18:0, 2-18:1, 3-18:1)",C57H106O6,0,lp,,,,,,Yeast-MetaTwin,s_3080,model,Extracted from Yeast-MetaTwin model; external IDs to be filled by mapping phase.
MODEL_CMPD:0001575,s_3081,"triglyceride (1-18:1, 2-16:1, 3-18:1)",C55H100O6,0,lp,,,,,,Yeast-MetaTwin,s_3081,model,Extracted from Yeast-MetaTwin model; external IDs to be filled by mapping phase.
MODEL_CMPD:0001576,s_3082,"triglyceride (1-18:1, 2-18:1, 3-18:1)",C57H104O6,0,lp,,,,,,Yeast-MetaTwin,s_3082,model,Extracted from Yeast-MetaTwin model; external IDs to be filled by mapping phase.
MODEL_CMPD:0001577,s_3083,CTP,C9H12N3O14P3,-4,erm,,,,,,Yeast-MetaTwin,s_3083,model,Extracted from Yeast-MetaTwin model; external IDs to be filled by mapping phase.
MODEL_CMPD:0001578,s_3084,"CDP-diacylglycerol (1-16:0, 2-16:1)",C44H79N3O15P2,0,erm,,,,,,Yeast-MetaTwin,s_3084,model,Extracted from Yeast-MetaTwin model; external IDs to be filled by mapping phase.
MODEL_CMPD:0001579,s_3085,"CDP-diacylglycerol (1-16:1, 2-16:1)",C44H77N3O15P2,0,erm,,,,,,Yeast-MetaTwin,s_3085,model,Extracted from Yeast-MetaTwin model; external IDs to be filled by mapping phase.
MODEL_CMPD:0001580,s_3086,"CDP-diacylglycerol (1-18:0, 2-16:1)",C46H83N3O15P2,0,erm,,,,,,Yeast-MetaTwin,s_3086,model,Extracted from Yeast-MetaTwin model; external IDs to be filled by mapping phase.
MODEL_CMPD:0001581,s_3087,"CDP-diacylglycerol (1-18:1, 2-16:1)",C46H81N3O15P2,0,erm,,,,,,Yeast-MetaTwin,s_3087,model,Extracted from Yeast-MetaTwin model; external IDs to be filled by mapping phase.
MODEL_CMPD:0001582,s_3088,"CDP-diacylglycerol (1-16:0, 2-18:1)",C46H83N3O15P2,0,erm,,,,,,Yeast-MetaTwin,s_3088,model,Extracted from Yeast-MetaTwin model; external IDs to be filled by mapping phase.
MODEL_CMPD:0001583,s_3089,"CDP-diacylglycerol (1-16:1, 2-18:1)",C46H81N3O15P2,0,erm,,,,,,Yeast-MetaTwin,s_3089,model,Extracted from Yeast-MetaTwin model; external IDs to be filled by mapping phase.
MODEL_CMPD:0001584,s_3090,"CDP-diacylglycerol (1-18:0, 2-18:1)",C48H87N3O15P2,0,erm,,,,,,Yeast-MetaTwin,s_3090,model,Extracted from Yeast-MetaTwin model; external IDs to be filled by mapping phase.
MODEL_CMPD:0001585,s_3091,"CDP-diacylglycerol (1-18:1, 2-18:1)",C48H85N3O15P2,0,erm,,,,,,Yeast-MetaTwin,s_3091,model,Extracted from Yeast-MetaTwin model; external IDs to be filled by mapping phase.
MODEL_CMPD:0001586,s_3092,"phosphatidate (1-16:0, 2-16:1)",C35H67O8P,0,mm,,,,,,Yeast-MetaTwin,s_3092,model,Extracted from Yeast-MetaTwin model; external IDs to be filled by mapping phase.
MODEL_CMPD:0001587,s_3093,CTP,C9H12N3O14P3,-4,mm,,,,,,Yeast-MetaTwin,s_3093,model,Extracted from Yeast-MetaTwin model; external IDs to be filled by mapping phase.
MODEL_CMPD:0001588,s_3094,H+,H,1,mm,,,,,,Yeast-MetaTwin,s_3094,model,Extracted from Yeast-MetaTwin model; external IDs to be filled by mapping phase.
MODEL_CMPD:0001589,s_3095,diphosphate,HO7P2,-3,mm,,,,,,Yeast-MetaTwin,s_3095,model,Extracted from Yeast-MetaTwin model; external IDs to be filled by mapping phase.
MODEL_CMPD:0001590,s_3096,"CDP-diacylglycerol (1-16:0, 2-16:1)",C44H79N3O15P2,0,mm,,,,,,Yeast-MetaTwin,s_3096,model,Extracted from Yeast-MetaTwin model; external IDs to be filled by mapping phase.
MODEL_CMPD:0001591,s_3097,"phosphatidate (1-16:1, 2-16:1)",C35H65O8P,0,mm,,,,,,Yeast-MetaTwin,s_3097,model,Extracted from Yeast-MetaTwin model; external IDs to be filled by mapping phase.
MODEL_CMPD:0001592,s_3098,"CDP-diacylglycerol (1-16:1, 2-16:1)",C44H77N3O15P2,0,mm,,,,,,Yeast-MetaTwin,s_3098,model,Extracted from Yeast-MetaTwin model; external IDs to be filled by mapping phase.
MODEL_CMPD:0001593,s_3099,"phosphatidate (1-18:0, 2-16:1)",C37H71O8P,0,mm,,,,,,Yeast-MetaTwin,s_3099,model,Extracted from Yeast-MetaTwin model; external IDs to be filled by mapping phase.
MODEL_CMPD:0001594,s_3100,"CDP-diacylglycerol (1-18:0, 2-16:1)",C46H83N3O15P2,0,mm,,,,,,Yeast-MetaTwin,s_3100,model,Extracted from Yeast-MetaTwin model; external IDs to be filled by mapping phase.
MODEL_CMPD:0001595,s_3101,"phosphatidate (1-18:1, 2-16:1)",C37H69O8P,0,mm,,,,,,Yeast-MetaTwin,s_3101,model,Extracted from Yeast-MetaTwin model; external IDs to be filled by mapping phase.
MODEL_CMPD:0001596,s_3102,"CDP-diacylglycerol (1-18:1, 2-16:1)",C46H81N3O15P2,0,mm,,,,,,Yeast-MetaTwin,s_3102,model,Extracted from Yeast-MetaTwin model; external IDs to be filled by mapping phase.
MODEL_CMPD:0001597,s_3103,"phosphatidate (1-16:0, 2-18:1)",C37H71O8P,0,mm,,,,,,Yeast-MetaTwin,s_3103,model,Extracted from Yeast-MetaTwin model; external IDs to be filled by mapping phase.
MODEL_CMPD:0001598,s_3104,"CDP-diacylglycerol (1-16:0, 2-18:1)",C46H83N3O15P2,0,mm,,,,,,Yeast-MetaTwin,s_3104,model,Extracted from Yeast-MetaTwin model; external IDs to be filled by mapping phase.
MODEL_CMPD:0001599,s_3105,"phosphatidate (1-16:1, 2-18:1)",C37H69O8P,0,mm,,,,,,Yeast-MetaTwin,s_3105,model,Extracted from Yeast-MetaTwin model; external IDs to be filled by mapping phase.
MODEL_CMPD:0001600,s_3106,"CDP-diacylglycerol (1-16:1, 2-18:1)",C46H81N3O15P2,0,mm,,,,,,Yeast-MetaTwin,s_3106,model,Extracted from Yeast-MetaTwin model; external IDs to be filled by mapping phase.
MODEL_CMPD:0001601,s_3107,L-serine,C3H7NO3,0,erm,,,,,,Yeast-MetaTwin,s_3107,model,Extracted from Yeast-MetaTwin model; external IDs to be filled by mapping phase.
MODEL_CMPD:0001602,s_3108,CMP,C9H12N3O8P,-2,erm,,,,,,Yeast-MetaTwin,s_3108,model,Extracted from Yeast-MetaTwin model; external IDs to be filled by mapping phase.
MODEL_CMPD:0001603,s_3109,"phosphatidyl-L-serine (1-16:0, 2-16:1)",C38H72NO10P,0,erm,,,,,,Yeast-MetaTwin,s_3109,model,Extracted from Yeast-MetaTwin model; external IDs to be filled by mapping phase.
MODEL_CMPD:0001604,s_3110,"phosphatidyl-L-serine (1-16:1, 2-16:1)",C38H70NO10P,0,erm,,,,,,Yeast-MetaTwin,s_3110,model,Extracted from Yeast-MetaTwin model; external IDs to be filled by mapping phase.
MODEL_CMPD:0001605,s_3111,"phosphatidyl-L-serine (1-18:0, 2-16:1)",C40H76NO10P,0,erm,,,,,,Yeast-MetaTwin,s_3111,model,Extracted from Yeast-MetaTwin model; external IDs to be filled by mapping phase.
MODEL_CMPD:0001606,s_3112,"phosphatidyl-L-serine (1-18:1, 2-16:1)",C40H74NO10P,0,erm,,,,,,Yeast-MetaTwin,s_3112,model,Extracted from Yeast-MetaTwin model; external IDs to be filled by mapping phase.
MODEL_CMPD:0001607,s_3113,"phosphatidyl-L-serine (1-16:0, 2-18:1)",C40H76NO10P,0,erm,,,,,,Yeast-MetaTwin,s_3113,model,Extracted from Yeast-MetaTwin model; external IDs to be filled by mapping phase.
MODEL_CMPD:0001608,s_3114,"phosphatidyl-L-serine (1-16:1, 2-18:1)",C40H74NO10P,0,erm,,,,,,Yeast-MetaTwin,s_3114,model,Extracted from Yeast-MetaTwin model; external IDs to be filled by mapping phase.
MODEL_CMPD:0001609,s_3115,"phosphatidyl-L-serine (1-18:0, 2-18:1)",C42H80NO10P,0,erm,,,,,,Yeast-MetaTwin,s_3115,model,Extracted from Yeast-MetaTwin model; external IDs to be filled by mapping phase.
MODEL_CMPD:0001610,s_3116,"phosphatidyl-L-serine (1-18:1, 2-18:1)",C42H78NO10P,0,erm,,,,,,Yeast-MetaTwin,s_3116,model,Extracted from Yeast-MetaTwin model; external IDs to be filled by mapping phase.
MODEL_CMPD:0001611,s_3117,myo-inositol,C6H12O6,0,erm,,,,,,Yeast-MetaTwin,s_3117,model,Extracted from Yeast-MetaTwin model; external IDs to be filled by mapping phase.
MODEL_CMPD:0001612,s_3118,"1-phosphatidyl-1D-myo-inositol (1-16:0, 2-16:1)",C41H77O13P,0,erm,,,,,,Yeast-MetaTwin,s_3118,model,Extracted from Yeast-MetaTwin model; external IDs to be filled by mapping phase.
MODEL_CMPD:0001613,s_3119,"1-phosphatidyl-1D-myo-inositol (1-16:1, 2-16:1)",C41H75O13P,0,erm,,,,,,Yeast-MetaTwin,s_3119,model,Extracted from Yeast-MetaTwin model; external IDs to be filled by mapping phase.
MODEL_CMPD:0001614,s_3120,"1-phosphatidyl-1D-myo-inositol (1-18:0, 2-16:1)",C43H81O13P,0,erm,,,,,,Yeast-MetaTwin,s_3120,model,Extracted from Yeast-MetaTwin model; external IDs to be filled by mapping phase.
MODEL_CMPD:0001615,s_3121,"1-phosphatidyl-1D-myo-inositol (1-18:1, 2-16:1)",C43H79O13P,0,erm,,,,,,Yeast-MetaTwin,s_3121,model,Extracted from Yeast-MetaTwin model; external IDs to be filled by mapping phase.
MODEL_CMPD:0001616,s_3122,"1-phosphatidyl-1D-myo-inositol (1-16:0, 2-18:1)",C43H81O13P,0,erm,,,,,,Yeast-MetaTwin,s_3122,model,Extracted from Yeast-MetaTwin model; external IDs to be filled by mapping phase.
MODEL_CMPD:0001617,s_3123,"1-phosphatidyl-1D-myo-inositol (1-16:1, 2-18:1)",C43H79O13P,0,erm,,,,,,Yeast-MetaTwin,s_3123,model,Extracted from Yeast-MetaTwin model; external IDs to be filled by mapping phase.
MODEL_CMPD:0001618,s_3124,"1-phosphatidyl-1D-myo-inositol (1-18:0, 2-18:1)",C45H85O13P,0,erm,,,,,,Yeast-MetaTwin,s_3124,model,Extracted from Yeast-MetaTwin model; external IDs to be filled by mapping phase.
MODEL_CMPD:0001619,s_3125,"1-phosphatidyl-1D-myo-inositol (1-18:1, 2-18:1)",C45H83O13P,0,erm,,,,,,Yeast-MetaTwin,s_3125,model,Extracted from Yeast-MetaTwin model; external IDs to be filled by mapping phase.
MODEL_CMPD:0001620,s_3126,sn-2-acyl-1-lysophosphatidylinositol (16:1),C25H47O12P,0,erm,,,,,,Yeast-MetaTwin,s_3126,model,Extracted from Yeast-MetaTwin model; external IDs to be filled by mapping phase.
MODEL_CMPD:0001621,s_3127,sn-2-acyl-1-lysophosphatidylinositol (18:1),C27H51O12P,0,erm,,,,,,Yeast-MetaTwin,s_3127,model,Extracted from Yeast-MetaTwin model; external IDs to be filled by mapping phase.
MODEL_CMPD:0001622,s_3128,"phosphatidyl-L-serine (1-16:0, 2-16:1)",C38H72NO10P,0,mm,,,,,,Yeast-MetaTwin,s_3128,model,Extracted from Yeast-MetaTwin model; external IDs to be filled by mapping phase.
MODEL_CMPD:0001623,s_3129,carbon dioxide,CO2,0,mm,,,,,,Yeast-MetaTwin,s_3129,model,Extracted from Yeast-MetaTwin model; external IDs to be filled by mapping phase.
MODEL_CMPD:0001624,s_3130,"phosphatidylethanolamine (1-16:0, 2-16:1)",C37H72NO8P,0,mm,,,,,,Yeast-MetaTwin,s_3130,model,Extracted from Yeast-MetaTwin model; external IDs to be filled by mapping phase.
MODEL_CMPD:0001625,s_3131,"phosphatidyl-L-serine (1-16:1, 2-16:1)",C38H70NO10P,0,mm,,,,,,Yeast-MetaTwin,s_3131,model,Extracted from Yeast-MetaTwin model; external IDs to be filled by mapping phase.
MODEL_CMPD:0001626,s_3132,"phosphatidylethanolamine (1-16:1, 2-16:1)",C37H70NO8P,0,mm,,,,,,Yeast-MetaTwin,s_3132,model,Extracted from Yeast-MetaTwin model; external IDs to be filled by mapping phase.
MODEL_CMPD:0001627,s_3133,"phosphatidyl-L-serine (1-18:0, 2-16:1)",C40H76NO10P,0,mm,,,,,,Yeast-MetaTwin,s_3133,model,Extracted from Yeast-MetaTwin model; external IDs to be filled by mapping phase.
MODEL_CMPD:0001628,s_3134,"phosphatidylethanolamine (1-18:0, 2-16:1)",C39H76NO8P,0,mm,,,,,,Yeast-MetaTwin,s_3134,model,Extracted from Yeast-MetaTwin model; external IDs to be filled by mapping phase.
MODEL_CMPD:0001629,s_3135,"phosphatidyl-L-serine (1-18:1, 2-16:1)",C40H74NO10P,0,mm,,,,,,Yeast-MetaTwin,s_3135,model,Extracted from Yeast-MetaTwin model; external IDs to be filled by mapping phase.
MODEL_CMPD:0001630,s_3136,"phosphatidylethanolamine (1-18:1, 2-16:1)",C39H74NO8P,0,mm,,,,,,Yeast-MetaTwin,s_3136,model,Extracted from Yeast-MetaTwin model; external IDs to be filled by mapping phase.
MODEL_CMPD:0001631,s_3137,"phosphatidyl-L-serine (1-16:0, 2-18:1)",C40H76NO10P,0,mm,,,,,,Yeast-MetaTwin,s_3137,model,Extracted from Yeast-MetaTwin model; external IDs to be filled by mapping phase.
MODEL_CMPD:0001632,s_3138,"phosphatidylethanolamine (1-16:0, 2-18:1)",C39H76NO8P,0,mm,,,,,,Yeast-MetaTwin,s_3138,model,Extracted from Yeast-MetaTwin model; external IDs to be filled by mapping phase.
MODEL_CMPD:0001633,s_3139,"phosphatidyl-L-serine (1-16:1, 2-18:1)",C40H74NO10P,0,mm,,,,,,Yeast-MetaTwin,s_3139,model,Extracted from Yeast-MetaTwin model; external IDs to be filled by mapping phase.
MODEL_CMPD:0001634,s_3140,"phosphatidylethanolamine (1-16:1, 2-18:1)",C39H74NO8P,0,mm,,,,,,Yeast-MetaTwin,s_3140,model,Extracted from Yeast-MetaTwin model; external IDs to be filled by mapping phase.
MODEL_CMPD:0001635,s_3141,"phosphatidyl-L-serine (1-18:0, 2-18:1)",C42H80NO10P,0,mm,,,,,,Yeast-MetaTwin,s_3141,model,Extracted from Yeast-MetaTwin model; external IDs to be filled by mapping phase.
MODEL_CMPD:0001636,s_3142,"phosphatidylethanolamine (1-18:0, 2-18:1)",C41H80NO8P,0,mm,,,,,,Yeast-MetaTwin,s_3142,model,Extracted from Yeast-MetaTwin model; external IDs to be filled by mapping phase.
MODEL_CMPD:0001637,s_3143,"phosphatidyl-L-serine (1-18:1, 2-18:1)",C42H78NO10P,0,mm,,,,,,Yeast-MetaTwin,s_3143,model,Extracted from Yeast-MetaTwin model; external IDs to be filled by mapping phase.
MODEL_CMPD:0001638,s_3144,"phosphatidylethanolamine (1-18:1, 2-18:1)",C41H78NO8P,0,mm,,,,,,Yeast-MetaTwin,s_3144,model,Extracted from Yeast-MetaTwin model; external IDs to be filled by mapping phase.
MODEL_CMPD:0001639,s_3145,"phosphatidyl-L-serine (1-16:0, 2-16:1)",C38H72NO10P,0,gm,,,,,,Yeast-MetaTwin,s_3145,model,Extracted from Yeast-MetaTwin model; external IDs to be filled by mapping phase.
MODEL_CMPD:0001640,s_3146,H+,H,1,gm,,,,,,Yeast-MetaTwin,s_3146,model,Extracted from Yeast-MetaTwin model; external IDs to be filled by mapping phase.
MODEL_CMPD:0001641,s_3147,carbon dioxide,CO2,0,gm,,,,,,Yeast-MetaTwin,s_3147,model,Extracted from Yeast-MetaTwin model; external IDs to be filled by mapping phase.
MODEL_CMPD:0001642,s_3148,"phosphatidylethanolamine (1-16:0, 2-16:1)",C37H72NO8P,0,gm,,,,,,Yeast-MetaTwin,s_3148,model,Extracted from Yeast-MetaTwin model; external IDs to be filled by mapping phase.
MODEL_CMPD:0001643,s_3149,"phosphatidyl-L-serine (1-16:1, 2-16:1)",C38H70NO10P,0,gm,,,,,,Yeast-MetaTwin,s_3149,model,Extracted from Yeast-MetaTwin model; external IDs to be filled by mapping phase.
MODEL_CMPD:0001644,s_3150,"phosphatidylethanolamine (1-16:1, 2-16:1)",C37H70NO8P,0,gm,,,,,,Yeast-MetaTwin,s_3150,model,Extracted from Yeast-MetaTwin model; external IDs to be filled by mapping phase.
MODEL_CMPD:0001645,s_3151,"phosphatidyl-L-serine (1-18:0, 2-16:1)",C40H76NO10P,0,gm,,,,,,Yeast-MetaTwin,s_3151,model,Extracted from Yeast-MetaTwin model; external IDs to be filled by mapping phase.
MODEL_CMPD:0001646,s_3152,"phosphatidylethanolamine (1-18:0, 2-16:1)",C39H76NO8P,0,gm,,,,,,Yeast-MetaTwin,s_3152,model,Extracted from Yeast-MetaTwin model; external IDs to be filled by mapping phase.
MODEL_CMPD:0001647,s_3153,"phosphatidyl-L-serine (1-18:1, 2-16:1)",C40H74NO10P,0,gm,,,,,,Yeast-MetaTwin,s_3153,model,Extracted from Yeast-MetaTwin model; external IDs to be filled by mapping phase.
MODEL_CMPD:0001648,s_3154,"phosphatidylethanolamine (1-18:1, 2-16:1)",C39H74NO8P,0,gm,,,,,,Yeast-MetaTwin,s_3154,model,Extracted from Yeast-MetaTwin model; external IDs to be filled by mapping phase.
MODEL_CMPD:0001649,s_3155,"phosphatidyl-L-serine (1-16:0, 2-18:1)",C40H76NO10P,0,gm,,,,,,Yeast-MetaTwin,s_3155,model,Extracted from Yeast-MetaTwin model; external IDs to be filled by mapping phase.
MODEL_CMPD:0001650,s_3156,"phosphatidylethanolamine (1-16:0, 2-18:1)",C39H76NO8P,0,gm,,,,,,Yeast-MetaTwin,s_3156,model,Extracted from Yeast-MetaTwin model; external IDs to be filled by mapping phase.
MODEL_CMPD:0001651,s_3157,"phosphatidyl-L-serine (1-16:1, 2-18:1)",C40H74NO10P,0,gm,,,,,,Yeast-MetaTwin,s_3157,model,Extracted from Yeast-MetaTwin model; external IDs to be filled by mapping phase.
MODEL_CMPD:0001652,s_3158,"phosphatidylethanolamine (1-16:1, 2-18:1)",C39H74NO8P,0,gm,,,,,,Yeast-MetaTwin,s_3158,model,Extracted from Yeast-MetaTwin model; external IDs to be filled by mapping phase.
MODEL_CMPD:0001653,s_3159,"phosphatidyl-L-serine (1-18:0, 2-18:1)",C42H80NO10P,0,gm,,,,,,Yeast-MetaTwin,s_3159,model,Extracted from Yeast-MetaTwin model; external IDs to be filled by mapping phase.
MODEL_CMPD:0001654,s_3160,"phosphatidylethanolamine (1-18:0, 2-18:1)",C41H80NO8P,0,gm,,,,,,Yeast-MetaTwin,s_3160,model,Extracted from Yeast-MetaTwin model; external IDs to be filled by mapping phase.
MODEL_CMPD:0001655,s_3161,"phosphatidyl-L-serine (1-18:1, 2-18:1)",C42H78NO10P,0,gm,,,,,,Yeast-MetaTwin,s_3161,model,Extracted from Yeast-MetaTwin model; external IDs to be filled by mapping phase.
MODEL_CMPD:0001656,s_3162,"phosphatidylethanolamine (1-18:1, 2-18:1)",C41H78NO8P,0,gm,,,,,,Yeast-MetaTwin,s_3162,model,Extracted from Yeast-MetaTwin model; external IDs to be filled by mapping phase.
MODEL_CMPD:0001657,s_3163,"phosphatidyl-L-serine (1-16:0, 2-16:1)",C38H72NO10P,0,vm,,,,,,Yeast-MetaTwin,s_3163,model,Extracted from Yeast-MetaTwin model; external IDs to be filled by mapping phase.
MODEL_CMPD:0001658,s_3164,H+,H,1,vm,,,,,,Yeast-MetaTwin,s_3164,model,Extracted from Yeast-MetaTwin model; external IDs to be filled by mapping phase.
MODEL_CMPD:0001659,s_3165,carbon dioxide,CO2,0,vm,,,,,,Yeast-MetaTwin,s_3165,model,Extracted from Yeast-MetaTwin model; external IDs to be filled by mapping phase.
MODEL_CMPD:0001660,s_3166,"phosphatidylethanolamine (1-16:0, 2-16:1)",C37H72NO8P,0,vm,,,,,,Yeast-MetaTwin,s_3166,model,Extracted from Yeast-MetaTwin model; external IDs to be filled by mapping phase.
MODEL_CMPD:0001661,s_3167,"phosphatidyl-L-serine (1-16:1, 2-16:1)",C38H70NO10P,0,vm,,,,,,Yeast-MetaTwin,s_3167,model,Extracted from Yeast-MetaTwin model; external IDs to be filled by mapping phase.
MODEL_CMPD:0001662,s_3168,"phosphatidylethanolamine (1-16:1, 2-16:1)",C37H70NO8P,0,vm,,,,,,Yeast-MetaTwin,s_3168,model,Extracted from Yeast-MetaTwin model; external IDs to be filled by mapping phase.
MODEL_CMPD:0001663,s_3169,"phosphatidyl-L-serine (1-18:0, 2-16:1)",C40H76NO10P,0,vm,,,,,,Yeast-MetaTwin,s_3169,model,Extracted from Yeast-MetaTwin model; external IDs to be filled by mapping phase.
MODEL_CMPD:0001664,s_3170,"phosphatidylethanolamine (1-18:0, 2-16:1)",C39H76NO8P,0,vm,,,,,,Yeast-MetaTwin,s_3170,model,Extracted from Yeast-MetaTwin model; external IDs to be filled by mapping phase.
MODEL_CMPD:0001665,s_3171,"phosphatidyl-L-serine (1-18:1, 2-16:1)",C40H74NO10P,0,vm,,,,,,Yeast-MetaTwin,s_3171,model,Extracted from Yeast-MetaTwin model; external IDs to be filled by mapping phase.
MODEL_CMPD:0001666,s_3172,"phosphatidylethanolamine (1-18:1, 2-16:1)",C39H74NO8P,0,vm,,,,,,Yeast-MetaTwin,s_3172,model,Extracted from Yeast-MetaTwin model; external IDs to be filled by mapping phase.
MODEL_CMPD:0001667,s_3173,"phosphatidyl-L-serine (1-16:0, 2-18:1)",C40H76NO10P,0,vm,,,,,,Yeast-MetaTwin,s_3173,model,Extracted from Yeast-MetaTwin model; external IDs to be filled by mapping phase.
MODEL_CMPD:0001668,s_3174,"phosphatidylethanolamine (1-16:0, 2-18:1)",C39H76NO8P,0,vm,,,,,,Yeast-MetaTwin,s_3174,model,Extracted from Yeast-MetaTwin model; external IDs to be filled by mapping phase.
MODEL_CMPD:0001669,s_3175,"phosphatidyl-L-serine (1-16:1, 2-18:1)",C40H74NO10P,0,vm,,,,,,Yeast-MetaTwin,s_3175,model,Extracted from Yeast-MetaTwin model; external IDs to be filled by mapping phase.
MODEL_CMPD:0001670,s_3176,"phosphatidylethanolamine (1-16:1, 2-18:1)",C39H74NO8P,0,vm,,,,,,Yeast-MetaTwin,s_3176,model,Extracted from Yeast-MetaTwin model; external IDs to be filled by mapping phase.
MODEL_CMPD:0001671,s_3177,"phosphatidyl-L-serine (1-18:0, 2-18:1)",C42H80NO10P,0,vm,,,,,,Yeast-MetaTwin,s_3177,model,Extracted from Yeast-MetaTwin model; external IDs to be filled by mapping phase.
MODEL_CMPD:0001672,s_3178,"phosphatidylethanolamine (1-18:0, 2-18:1)",C41H80NO8P,0,vm,,,,,,Yeast-MetaTwin,s_3178,model,Extracted from Yeast-MetaTwin model; external IDs to be filled by mapping phase.
MODEL_CMPD:0001673,s_3179,"phosphatidyl-L-serine (1-18:1, 2-18:1)",C42H78NO10P,0,vm,,,,,,Yeast-MetaTwin,s_3179,model,Extracted from Yeast-MetaTwin model; external IDs to be filled by mapping phase.
MODEL_CMPD:0001674,s_3180,"phosphatidylethanolamine (1-18:1, 2-18:1)",C41H78NO8P,0,vm,,,,,,Yeast-MetaTwin,s_3180,model,Extracted from Yeast-MetaTwin model; external IDs to be filled by mapping phase.
MODEL_CMPD:0001675,s_3181,"phosphatidylethanolamine (1-16:0, 2-16:1)",C37H72NO8P,0,erm,,,,,,Yeast-MetaTwin,s_3181,model,Extracted from Yeast-MetaTwin model; external IDs to be filled by mapping phase.
MODEL_CMPD:0001676,s_3182,S-adenosyl-L-methionine,C15H23N6O5S,1,erm,,,,,,Yeast-MetaTwin,s_3182,model,Extracted from Yeast-MetaTwin model; external IDs to be filled by mapping phase.
MODEL_CMPD:0001677,s_3183,S-adenosyl-L-homocysteine,C14H20N6O5S,0,erm,,,,,,Yeast-MetaTwin,s_3183,model,Extracted from Yeast-MetaTwin model; external IDs to be filled by mapping phase.
MODEL_CMPD:0001678,s_3184,"phosphatidyl-N-methylethanolamine (1-16:0, 2-16:1)",C38H74NO8P,0,erm,,,,,,Yeast-MetaTwin,s_3184,model,Extracted from Yeast-MetaTwin model; external IDs to be filled by mapping phase.
MODEL_CMPD:0001679,s_3185,"phosphatidylethanolamine (1-16:1, 2-16:1)",C37H70NO8P,0,erm,,,,,,Yeast-MetaTwin,s_3185,model,Extracted from Yeast-MetaTwin model; external IDs to be filled by mapping phase.
MODEL_CMPD:0001680,s_3186,"phosphatidyl-N-methylethanolamine (1-16:1, 2-16:1)",C38H72NO8P,0,erm,,,,,,Yeast-MetaTwin,s_3186,model,Extracted from Yeast-MetaTwin model; external IDs to be filled by mapping phase.
MODEL_CMPD:0001681,s_3187,"phosphatidylethanolamine (1-18:0, 2-16:1)",C39H76NO8P,0,erm,,,,,,Yeast-MetaTwin,s_3187,model,Extracted from Yeast-MetaTwin model; external IDs to be filled by mapping phase.
MODEL_CMPD:0001682,s_3188,"phosphatidyl-N-methylethanolamine (1-18:0, 2-16:1)",C40H78NO8P,0,erm,,,,,,Yeast-MetaTwin,s_3188,model,Extracted from Yeast-MetaTwin model; external IDs to be filled by mapping phase.
MODEL_CMPD:0001683,s_3189,"phosphatidylethanolamine (1-18:1, 2-16:1)",C39H74NO8P,0,erm,,,,,,Yeast-MetaTwin,s_3189,model,Extracted from Yeast-MetaTwin model; external IDs to be filled by mapping phase.
MODEL_CMPD:0001684,s_3190,"phosphatidyl-N-methylethanolamine (1-18:1, 2-16:1)",C40H76NO8P,0,erm,,,,,,Yeast-MetaTwin,s_3190,model,Extracted from Yeast-MetaTwin model; external IDs to be filled by mapping phase.
MODEL_CMPD:0001685,s_3191,"phosphatidylethanolamine (1-16:0, 2-18:1)",C39H76NO8P,0,erm,,,,,,Yeast-MetaTwin,s_3191,model,Extracted from Yeast-MetaTwin model; external IDs to be filled by mapping phase.
MODEL_CMPD:0001686,s_3192,"phosphatidyl-N-methylethanolamine (1-16:0, 2-18:1)",C40H78NO8P,0,erm,,,,,,Yeast-MetaTwin,s_3192,model,Extracted from Yeast-MetaTwin model; external IDs to be filled by mapping phase.
MODEL_CMPD:0001687,s_3193,"phosphatidylethanolamine (1-16:1, 2-18:1)",C39H74NO8P,0,erm,,,,,,Yeast-MetaTwin,s_3193,model,Extracted from Yeast-MetaTwin model; external IDs to be filled by mapping phase.
MODEL_CMPD:0001688,s_3194,"phosphatidyl-N-methylethanolamine (1-16:1, 2-18:1)",C40H76NO8P,0,erm,,,,,,Yeast-MetaTwin,s_3194,model,Extracted from Yeast-MetaTwin model; external IDs to be filled by mapping phase.
MODEL_CMPD:0001689,s_3195,"phosphatidylethanolamine (1-18:0, 2-18:1)",C41H80NO8P,0,erm,,,,,,Yeast-MetaTwin,s_3195,model,Extracted from Yeast-MetaTwin model; external IDs to be filled by mapping phase.
MODEL_CMPD:0001690,s_3196,"phosphatidyl-N-methylethanolamine (1-18:0, 2-18:1)",C42H82NO8P,0,erm,,,,,,Yeast-MetaTwin,s_3196,model,Extracted from Yeast-MetaTwin model; external IDs to be filled by mapping phase.
MODEL_CMPD:0001691,s_3197,"phosphatidylethanolamine (1-18:1, 2-18:1)",C41H78NO8P,0,erm,,,,,,Yeast-MetaTwin,s_3197,model,Extracted from Yeast-MetaTwin model; external IDs to be filled by mapping phase.
MODEL_CMPD:0001692,s_3198,"phosphatidyl-N-methylethanolamine (1-18:1, 2-18:1)",C42H80NO8P,0,erm,,,,,,Yeast-MetaTwin,s_3198,model,Extracted from Yeast-MetaTwin model; external IDs to be filled by mapping phase.
MODEL_CMPD:0001693,s_3199,"phosphatidyl-N,N-dimethylethanolamine (1-16:0, 2-16:1)",C39H76NO8P,0,erm,,,,,,Yeast-MetaTwin,s_3199,model,Extracted from Yeast-MetaTwin model; external IDs to be filled by mapping phase.
MODEL_CMPD:0001694,s_3200,"phosphatidyl-N,N-dimethylethanolamine (1-16:1, 2-16:1)",C39H74NO8P,0,erm,,,,,,Yeast-MetaTwin,s_3200,model,Extracted from Yeast-MetaTwin model; external IDs to be filled by mapping phase.
MODEL_CMPD:0001695,s_3201,"phosphatidyl-N,N-dimethylethanolamine (1-18:0, 2-16:1)",C41H80NO8P,0,erm,,,,,,Yeast-MetaTwin,s_3201,model,Extracted from Yeast-MetaTwin model; external IDs to be filled by mapping phase.
MODEL_CMPD:0001696,s_3202,"phosphatidyl-N,N-dimethylethanolamine (1-18:1, 2-16:1)",C41H78NO8P,0,erm,,,,,,Yeast-MetaTwin,s_3202,model,Extracted from Yeast-MetaTwin model; external IDs to be filled by mapping phase.
MODEL_CMPD:0001697,s_3203,"phosphatidyl-N,N-dimethylethanolamine (1-16:0, 2-18:1)",C41H80NO8P,0,erm,,,,,,Yeast-MetaTwin,s_3203,model,Extracted from Yeast-MetaTwin model; external IDs to be filled by mapping phase.
MODEL_CMPD:0001698,s_3204,"phosphatidyl-N,N-dimethylethanolamine (1-16:1, 2-18:1)",C41H78NO8P,0,erm,,,,,,Yeast-MetaTwin,s_3204,model,Extracted from Yeast-MetaTwin model; external IDs to be filled by mapping phase.
MODEL_CMPD:0001699,s_3205,"phosphatidyl-N,N-dimethylethanolamine (1-18:0, 2-18:1)",C43H84NO8P,0,erm,,,,,,Yeast-MetaTwin,s_3205,model,Extracted from Yeast-MetaTwin model; external IDs to be filled by mapping phase.
MODEL_CMPD:0001700,s_3206,"phosphatidyl-N,N-dimethylethanolamine (1-18:1, 2-18:1)",C43H82NO8P,0,erm,,,,,,Yeast-MetaTwin,s_3206,model,Extracted from Yeast-MetaTwin model; external IDs to be filled by mapping phase.
MODEL_CMPD:0001701,s_3207,"phosphatidylcholine (1-16:0, 2-16:1)",C40H78NO8P,0,erm,,,,,,Yeast-MetaTwin,s_3207,model,Extracted from Yeast-MetaTwin model; external IDs to be filled by mapping phase.
MODEL_CMPD:0001702,s_3208,"phosphatidylcholine (1-16:1, 2-16:1)",C40H76NO8P,0,erm,,,,,,Yeast-MetaTwin,s_3208,model,Extracted from Yeast-MetaTwin model; external IDs to be filled by mapping phase.
MODEL_CMPD:0001703,s_3209,"phosphatidylcholine (1-18:0, 2-16:1)",C42H82NO8P,0,erm,,,,,,Yeast-MetaTwin,s_3209,model,Extracted from Yeast-MetaTwin model; external IDs to be filled by mapping phase.
MODEL_CMPD:0001704,s_3210,"phosphatidylcholine (1-18:1, 2-16:1)",C42H80NO8P,0,erm,,,,,,Yeast-MetaTwin,s_3210,model,Extracted from Yeast-MetaTwin model; external IDs to be filled by mapping phase.
MODEL_CMPD:0001705,s_3211,"phosphatidylcholine (1-16:0, 2-18:1)",C42H82NO8P,0,erm,,,,,,Yeast-MetaTwin,s_3211,model,Extracted from Yeast-MetaTwin model; external IDs to be filled by mapping phase.
MODEL_CMPD:0001706,s_3212,"phosphatidylcholine (1-16:1, 2-18:1)",C42H80NO8P,0,erm,,,,,,Yeast-MetaTwin,s_3212,model,Extracted from Yeast-MetaTwin model; external IDs to be filled by mapping phase.
MODEL_CMPD:0001707,s_3213,"phosphatidylcholine (1-18:0, 2-18:1)",C44H86NO8P,0,erm,,,,,,Yeast-MetaTwin,s_3213,model,Extracted from Yeast-MetaTwin model; external IDs to be filled by mapping phase.
MODEL_CMPD:0001708,s_3214,"phosphatidylcholine (1-18:1, 2-18:1)",C44H84NO8P,0,erm,,,,,,Yeast-MetaTwin,s_3214,model,Extracted from Yeast-MetaTwin model; external IDs to be filled by mapping phase.
MODEL_CMPD:0001709,s_3215,CDP,C9H12N3O11P2,-3,erm,,,,,,Yeast-MetaTwin,s_3215,model,Extracted from Yeast-MetaTwin model; external IDs to be filled by mapping phase.
MODEL_CMPD:0001710,s_3216,CDP-ethanolamine,C11H19N4O11P2,-1,erm,,,,,,Yeast-MetaTwin,s_3216,model,Extracted from Yeast-MetaTwin model; external IDs to be filled by mapping phase.
MODEL_CMPD:0001711,s_3217,CDP-choline,C14H25N4O11P2,-1,erm,,,,,,Yeast-MetaTwin,s_3217,model,Extracted from Yeast-MetaTwin model; external IDs to be filled by mapping phase.
MODEL_CMPD:0001712,s_3218,glycerol 3-phosphate,C3H7O6P,-2,mm,,,,,,Yeast-MetaTwin,s_3218,model,Extracted from Yeast-MetaTwin model; external IDs to be filled by mapping phase.
MODEL_CMPD:0001713,s_3219,CMP,C9H12N3O8P,-2,mm,,,,,,Yeast-MetaTwin,s_3219,model,Extracted from Yeast-MetaTwin model; external IDs to be filled by mapping phase.
MODEL_CMPD:0001714,s_3220,"3-(3-sn-phosphatidyl)-sn-glycerol 1-phosphate (1-16:0, 2-16:1)",C38H74O13P2,0,mm,,,,,,Yeast-MetaTwin,s_3220,model,Extracted from Yeast-MetaTwin model; external IDs to be filled by mapping phase.
MODEL_CMPD:0001715,s_3221,"3-(3-sn-phosphatidyl)-sn-glycerol 1-phosphate (1-16:1, 2-16:1)",C38H72O13P2,0,mm,,,,,,Yeast-MetaTwin,s_3221,model,Extracted from Yeast-MetaTwin model; external IDs to be filled by mapping phase.
MODEL_CMPD:0001716,s_3222,"3-(3-sn-phosphatidyl)-sn-glycerol 1-phosphate (1-18:0, 2-16:1)",C40H78O13P2,0,mm,,,,,,Yeast-MetaTwin,s_3222,model,Extracted from Yeast-MetaTwin model; external IDs to be filled by mapping phase.
MODEL_CMPD:0001717,s_3223,"3-(3-sn-phosphatidyl)-sn-glycerol 1-phosphate (1-18:1, 2-16:1)",C40H76O13P2,0,mm,,,,,,Yeast-MetaTwin,s_3223,model,Extracted from Yeast-MetaTwin model; external IDs to be filled by mapping phase.
MODEL_CMPD:0001718,s_3224,"3-(3-sn-phosphatidyl)-sn-glycerol 1-phosphate (1-16:0, 2-18:1)",C40H78O13P2,0,mm,,,,,,Yeast-MetaTwin,s_3224,model,Extracted from Yeast-MetaTwin model; external IDs to be filled by mapping phase.
MODEL_CMPD:0001719,s_3225,"3-(3-sn-phosphatidyl)-sn-glycerol 1-phosphate (1-16:1, 2-18:1)",C40H76O13P2,0,mm,,,,,,Yeast-MetaTwin,s_3225,model,Extracted from Yeast-MetaTwin model; external IDs to be filled by mapping phase.
MODEL_CMPD:0001720,s_3226,H2O,H2O,0,mm,,,,,,Yeast-MetaTwin,s_3226,model,Extracted from Yeast-MetaTwin model; external IDs to be filled by mapping phase.
MODEL_CMPD:0001721,s_3227,"phosphatidylglycerol (1-16:0, 2-16:1)",C38H73O10P,0,mm,,,,,,Yeast-MetaTwin,s_3227,model,Extracted from Yeast-MetaTwin model; external IDs to be filled by mapping phase.
MODEL_CMPD:0001722,s_3228,phosphate,HO4P,-2,mm,,,,,,Yeast-MetaTwin,s_3228,model,Extracted from Yeast-MetaTwin model; external IDs to be filled by mapping phase.
MODEL_CMPD:0001723,s_3229,"phosphatidylglycerol (1-16:1, 2-16:1)",C38H71O10P,0,mm,,,,,,Yeast-MetaTwin,s_3229,model,Extracted from Yeast-MetaTwin model; external IDs to be filled by mapping phase.
MODEL_CMPD:0001724,s_3230,"phosphatidylglycerol (1-18:0, 2-16:1)",C40H77O10P,0,mm,,,,,,Yeast-MetaTwin,s_3230,model,Extracted from Yeast-MetaTwin model; external IDs to be filled by mapping phase.
MODEL_CMPD:0001725,s_3231,"phosphatidylglycerol (1-18:1, 2-16:1)",C40H75O10P,0,mm,,,,,,Yeast-MetaTwin,s_3231,model,Extracted from Yeast-MetaTwin model; external IDs to be filled by mapping phase.
MODEL_CMPD:0001726,s_3232,"phosphatidylglycerol (1-16:0, 2-18:1)",C40H77O10P,0,mm,,,,,,Yeast-MetaTwin,s_3232,model,Extracted from Yeast-MetaTwin model; external IDs to be filled by mapping phase.
MODEL_CMPD:0001727,s_3233,"phosphatidylglycerol (1-16:1, 2-18:1)",C40H75O10P,0,mm,,,,,,Yeast-MetaTwin,s_3233,model,Extracted from Yeast-MetaTwin model; external IDs to be filled by mapping phase.
MODEL_CMPD:0001728,s_3234,"cardiolipin (1-16:0, 2-16:1, 3-16:0, 4-16:1)",C73H138O17P2,0,mm,,,,,,Yeast-MetaTwin,s_3234,model,Extracted from Yeast-MetaTwin model; external IDs to be filled by mapping phase.
MODEL_CMPD:0001729,s_3235,"cardiolipin (1-16:0, 2-16:1, 3-16:1, 4-16:1)",C73H136O17P2,0,mm,,,,,,Yeast-MetaTwin,s_3235,model,Extracted from Yeast-MetaTwin model; external IDs to be filled by mapping phase.
MODEL_CMPD:0001730,s_3236,"cardiolipin (1-16:0, 2-16:1, 3-18:0, 4-16:1)",C75H142O17P2,0,mm,,,,,,Yeast-MetaTwin,s_3236,model,Extracted from Yeast-MetaTwin model; external IDs to be filled by mapping phase.
MODEL_CMPD:0001731,s_3237,"cardiolipin (1-16:0, 2-16:1, 3-18:1, 4-16:1)",C75H140O17P2,0,mm,,,,,,Yeast-MetaTwin,s_3237,model,Extracted from Yeast-MetaTwin model; external IDs to be filled by mapping phase.
MODEL_CMPD:0001732,s_3238,"cardiolipin (1-16:0, 2-16:1, 3-16:0, 4-18:1)",C75H142O17P2,0,mm,,,,,,Yeast-MetaTwin,s_3238,model,Extracted from Yeast-MetaTwin model; external IDs to be filled by mapping phase.
MODEL_CMPD:0001733,s_3239,"cardiolipin (1-16:0, 2-16:1, 3-16:1, 4-18:1)",C75H140O17P2,0,mm,,,,,,Yeast-MetaTwin,s_3239,model,Extracted from Yeast-MetaTwin model; external IDs to be filled by mapping phase.
MODEL_CMPD:0001734,s_3240,"cardiolipin (1-16:1, 2-16:1, 3-16:0, 4-16:1)",C73H136O17P2,0,mm,,,,,,Yeast-MetaTwin,s_3240,model,Extracted from Yeast-MetaTwin model; external IDs to be filled by mapping phase.
MODEL_CMPD:0001735,s_3241,"cardiolipin (1-16:1, 2-16:1, 3-16:1, 4-16:1)",C73H134O17P2,0,mm,,,,,,Yeast-MetaTwin,s_3241,model,Extracted from Yeast-MetaTwin model; external IDs to be filled by mapping phase.
MODEL_CMPD:0001736,s_3242,"cardiolipin (1-16:1, 2-16:1, 3-18:0, 4-16:1)",C75H140O17P2,0,mm,,,,,,Yeast-MetaTwin,s_3242,model,Extracted from Yeast-MetaTwin model; external IDs to be filled by mapping phase.
MODEL_CMPD:0001737,s_3243,"cardiolipin (1-16:1, 2-16:1, 3-18:1, 4-16:1)",C75H138O17P2,0,mm,,,,,,Yeast-MetaTwin,s_3243,model,Extracted from Yeast-MetaTwin model; external IDs to be filled by mapping phase.
MODEL_CMPD:0001738,s_3244,"cardiolipin (1-16:1, 2-16:1, 3-16:0, 4-18:1)",C75H140O17P2,0,mm,,,,,,Yeast-MetaTwin,s_3244,model,Extracted from Yeast-MetaTwin model; external IDs to be filled by mapping phase.
MODEL_CMPD:0001739,s_3245,"cardiolipin (1-16:1, 2-16:1, 3-16:1, 4-18:1)",C75H138O17P2,0,mm,,,,,,Yeast-MetaTwin,s_3245,model,Extracted from Yeast-MetaTwin model; external IDs to be filled by mapping phase.
MODEL_CMPD:0001740,s_3246,"cardiolipin (1-18:0, 2-16:1, 3-16:0, 4-16:1)",C75H142O17P2,0,mm,,,,,,Yeast-MetaTwin,s_3246,model,Extracted from Yeast-MetaTwin model; external IDs to be filled by mapping phase.
MODEL_CMPD:0001741,s_3247,"cardiolipin (1-18:0, 2-16:1, 3-16:1, 4-16:1)",C75H140O17P2,0,mm,,,,,,Yeast-MetaTwin,s_3247,model,Extracted from Yeast-MetaTwin model; external IDs to be filled by mapping phase.
MODEL_CMPD:0001742,s_3248,"cardiolipin (1-18:0, 2-16:1, 3-18:0, 4-16:1)",C77H146O17P2,0,mm,,,,,,Yeast-MetaTwin,s_3248,model,Extracted from Yeast-MetaTwin model; external IDs to be filled by mapping phase.
MODEL_CMPD:0001743,s_3249,"cardiolipin (1-18:0, 2-16:1, 3-18:1, 4-16:1)",C77H144O17P2,0,mm,,,,,,Yeast-MetaTwin,s_3249,model,Extracted from Yeast-MetaTwin model; external IDs to be filled by mapping phase.
MODEL_CMPD:0001744,s_3250,"cardiolipin (1-18:0, 2-16:1, 3-16:0, 4-18:1)",C77H146O17P2,0,mm,,,,,,Yeast-MetaTwin,s_3250,model,Extracted from Yeast-MetaTwin model; external IDs to be filled by mapping phase.
MODEL_CMPD:0001745,s_3251,"cardiolipin (1-18:0, 2-16:1, 3-16:1, 4-18:1)",C77H144O17P2,0,mm,,,,,,Yeast-MetaTwin,s_3251,model,Extracted from Yeast-MetaTwin model; external IDs to be filled by mapping phase.
MODEL_CMPD:0001746,s_3252,"cardiolipin (1-18:1, 2-16:1, 3-16:0, 4-16:1)",C75H140O17P2,0,mm,,,,,,Yeast-MetaTwin,s_3252,model,Extracted from Yeast-MetaTwin model; external IDs to be filled by mapping phase.
MODEL_CMPD:0001747,s_3253,"cardiolipin (1-18:1, 2-16:1, 3-16:1, 4-16:1)",C75H138O17P2,0,mm,,,,,,Yeast-MetaTwin,s_3253,model,Extracted from Yeast-MetaTwin model; external IDs to be filled by mapping phase.
MODEL_CMPD:0001748,s_3254,"cardiolipin (1-18:1, 2-16:1, 3-18:0, 4-16:1)",C77H144O17P2,0,mm,,,,,,Yeast-MetaTwin,s_3254,model,Extracted from Yeast-MetaTwin model; external IDs to be filled by mapping phase.
MODEL_CMPD:0001749,s_3255,"cardiolipin (1-18:1, 2-16:1, 3-18:1, 4-16:1)",C77H142O17P2,0,mm,,,,,,Yeast-MetaTwin,s_3255,model,Extracted from Yeast-MetaTwin model; external IDs to be filled by mapping phase.
MODEL_CMPD:0001750,s_3256,"cardiolipin (1-18:1, 2-16:1, 3-16:0, 4-18:1)",C77H144O17P2,0,mm,,,,,,Yeast-MetaTwin,s_3256,model,Extracted from Yeast-MetaTwin model; external IDs to be filled by mapping phase.
MODEL_CMPD:0001751,s_3257,"cardiolipin (1-18:1, 2-16:1, 3-16:1, 4-18:1)",C77H142O17P2,0,mm,,,,,,Yeast-MetaTwin,s_3257,model,Extracted from Yeast-MetaTwin model; external IDs to be filled by mapping phase.
MODEL_CMPD:0001752,s_3258,"cardiolipin (1-16:0, 2-18:1, 3-16:0, 4-16:1)",C75H142O17P2,0,mm,,,,,,Yeast-MetaTwin,s_3258,model,Extracted from Yeast-MetaTwin model; external IDs to be filled by mapping phase.
MODEL_CMPD:0001753,s_3259,"cardiolipin (1-16:0, 2-18:1, 3-16:1, 4-16:1)",C75H140O17P2,0,mm,,,,,,Yeast-MetaTwin,s_3259,model,Extracted from Yeast-MetaTwin model; external IDs to be filled by mapping phase.
MODEL_CMPD:0001754,s_3260,"cardiolipin (1-16:0, 2-18:1, 3-18:0, 4-16:1)",C77H146O17P2,0,mm,,,,,,Yeast-MetaTwin,s_3260,model,Extracted from Yeast-MetaTwin model; external IDs to be filled by mapping phase.
MODEL_CMPD:0001755,s_3261,"cardiolipin (1-16:0, 2-18:1, 3-18:1, 4-16:1)",C77H144O17P2,0,mm,,,,,,Yeast-MetaTwin,s_3261,model,Extracted from Yeast-MetaTwin model; external IDs to be filled by mapping phase.
MODEL_CMPD:0001756,s_3262,"cardiolipin (1-16:0, 2-18:1, 3-16:0, 4-18:1)",C77H146O17P2,0,mm,,,,,,Yeast-MetaTwin,s_3262,model,Extracted from Yeast-MetaTwin model; external IDs to be filled by mapping phase.
MODEL_CMPD:0001757,s_3263,"cardiolipin (1-16:0, 2-18:1, 3-16:1, 4-18:1)",C77H144O17P2,0,mm,,,,,,Yeast-MetaTwin,s_3263,model,Extracted from Yeast-MetaTwin model; external IDs to be filled by mapping phase.
MODEL_CMPD:0001758,s_3264,"cardiolipin (1-16:1, 2-18:1, 3-16:0, 4-16:1)",C75H140O17P2,0,mm,,,,,,Yeast-MetaTwin,s_3264,model,Extracted from Yeast-MetaTwin model; external IDs to be filled by mapping phase.
MODEL_CMPD:0001759,s_3265,"cardiolipin (1-16:1, 2-18:1, 3-16:1, 4-16:1)",C75H138O17P2,0,mm,,,,,,Yeast-MetaTwin,s_3265,model,Extracted from Yeast-MetaTwin model; external IDs to be filled by mapping phase.
MODEL_CMPD:0001760,s_3266,"cardiolipin (1-16:1, 2-18:1, 3-18:0, 4-16:1)",C77H144O17P2,0,mm,,,,,,Yeast-MetaTwin,s_3266,model,Extracted from Yeast-MetaTwin model; external IDs to be filled by mapping phase.
MODEL_CMPD:0001761,s_3267,"cardiolipin (1-16:1, 2-18:1, 3-18:1, 4-16:1)",C77H142O17P2,0,mm,,,,,,Yeast-MetaTwin,s_3267,model,Extracted from Yeast-MetaTwin model; external IDs to be filled by mapping phase.
MODEL_CMPD:0001762,s_3268,"cardiolipin (1-16:1, 2-18:1, 3-16:0, 4-18:1)",C77H144O17P2,0,mm,,,,,,Yeast-MetaTwin,s_3268,model,Extracted from Yeast-MetaTwin model; external IDs to be filled by mapping phase.
MODEL_CMPD:0001763,s_3269,"cardiolipin (1-16:1, 2-18:1, 3-16:1, 4-18:1)",C77H142O17P2,0,mm,,,,,,Yeast-MetaTwin,s_3269,model,Extracted from Yeast-MetaTwin model; external IDs to be filled by mapping phase.
MODEL_CMPD:0001764,s_3270,"monolysocardiolipin (2-16:1, 3-16:0, 4-16:1)",C57H108O16P2,0,mm,,,,,,Yeast-MetaTwin,s_3270,model,Extracted from Yeast-MetaTwin model; external IDs to be filled by mapping phase.
MODEL_CMPD:0001765,s_3271,palmitate,C16H31O2,-1,mm,,,,,,Yeast-MetaTwin,s_3271,model,Extracted from Yeast-MetaTwin model; external IDs to be filled by mapping phase.
MODEL_CMPD:0001766,s_3272,"monolysocardiolipin (2-16:1, 3-16:1, 4-16:1)",C57H106O16P2,0,mm,,,,,,Yeast-MetaTwin,s_3272,model,Extracted from Yeast-MetaTwin model; external IDs to be filled by mapping phase.
MODEL_CMPD:0001767,s_3273,"monolysocardiolipin (2-16:1, 3-18:0, 4-16:1)",C59H112O16P2,0,mm,,,,,,Yeast-MetaTwin,s_3273,model,Extracted from Yeast-MetaTwin model; external IDs to be filled by mapping phase.
MODEL_CMPD:0001768,s_3274,"monolysocardiolipin (2-16:1, 3-18:1, 4-16:1)",C59H110O16P2,0,mm,,,,,,Yeast-MetaTwin,s_3274,model,Extracted from Yeast-MetaTwin model; external IDs to be filled by mapping phase.
MODEL_CMPD:0001769,s_3275,"monolysocardiolipin (2-16:1, 3-16:0, 4-18:1)",C59H112O16P2,0,mm,,,,,,Yeast-MetaTwin,s_3275,model,Extracted from Yeast-MetaTwin model; external IDs to be filled by mapping phase.
MODEL_CMPD:0001770,s_3276,"monolysocardiolipin (2-16:1, 3-16:1, 4-18:1)",C59H110O16P2,0,mm,,,,,,Yeast-MetaTwin,s_3276,model,Extracted from Yeast-MetaTwin model; external IDs to be filled by mapping phase.
MODEL_CMPD:0001771,s_3277,stearate,C18H35O2,-1,mm,,,,,,Yeast-MetaTwin,s_3277,model,Extracted from Yeast-MetaTwin model; external IDs to be filled by mapping phase.
MODEL_CMPD:0001772,s_3278,"monolysocardiolipin (2-18:1, 3-16:0, 4-16:1)",C59H112O16P2,0,mm,,,,,,Yeast-MetaTwin,s_3278,model,Extracted from Yeast-MetaTwin model; external IDs to be filled by mapping phase.
MODEL_CMPD:0001773,s_3279,"monolysocardiolipin (2-18:1, 3-16:1, 4-16:1)",C59H110O16P2,0,mm,,,,,,Yeast-MetaTwin,s_3279,model,Extracted from Yeast-MetaTwin model; external IDs to be filled by mapping phase.
MODEL_CMPD:0001774,s_3280,"monolysocardiolipin (2-18:1, 3-18:0, 4-16:1)",C61H116O16P2,0,mm,,,,,,Yeast-MetaTwin,s_3280,model,Extracted from Yeast-MetaTwin model; external IDs to be filled by mapping phase.
MODEL_CMPD:0001775,s_3281,"monolysocardiolipin (2-18:1, 3-18:1, 4-16:1)",C61H114O16P2,0,mm,,,,,,Yeast-MetaTwin,s_3281,model,Extracted from Yeast-MetaTwin model; external IDs to be filled by mapping phase.
MODEL_CMPD:0001776,s_3282,"monolysocardiolipin (2-18:1, 3-16:0, 4-18:1)",C61H116O16P2,0,mm,,,,,,Yeast-MetaTwin,s_3282,model,Extracted from Yeast-MetaTwin model; external IDs to be filled by mapping phase.
MODEL_CMPD:0001777,s_3283,"monolysocardiolipin (2-18:1, 3-16:1, 4-18:1)",C61H114O16P2,0,mm,,,,,,Yeast-MetaTwin,s_3283,model,Extracted from Yeast-MetaTwin model; external IDs to be filled by mapping phase.
MODEL_CMPD:0001778,s_3284,"monolysocardiolipin (1-16:0, 2-16:1, 4-16:1)",C57H108O16P2,0,mm,,,,,,Yeast-MetaTwin,s_3284,model,Extracted from Yeast-MetaTwin model; external IDs to be filled by mapping phase.
MODEL_CMPD:0001779,s_3285,"monolysocardiolipin (1-16:0, 2-16:1, 4-18:1)",C59H112O16P2,0,mm,,,,,,Yeast-MetaTwin,s_3285,model,Extracted from Yeast-MetaTwin model; external IDs to be filled by mapping phase.
MODEL_CMPD:0001780,s_3286,"monolysocardiolipin (1-16:1, 2-16:1, 4-16:1)",C57H106O16P2,0,mm,,,,,,Yeast-MetaTwin,s_3286,model,Extracted from Yeast-MetaTwin model; external IDs to be filled by mapping phase.
MODEL_CMPD:0001781,s_3287,"monolysocardiolipin (1-16:1, 2-16:1, 4-18:1)",C59H110O16P2,0,mm,,,,,,Yeast-MetaTwin,s_3287,model,Extracted from Yeast-MetaTwin model; external IDs to be filled by mapping phase.
MODEL_CMPD:0001782,s_3288,"monolysocardiolipin (1-18:0, 2-16:1, 4-16:1)",C59H112O16P2,0,mm,,,,,,Yeast-MetaTwin,s_3288,model,Extracted from Yeast-MetaTwin model; external IDs to be filled by mapping phase.
MODEL_CMPD:0001783,s_3289,"monolysocardiolipin (1-18:0, 2-16:1, 4-18:1)",C61H116O16P2,0,mm,,,,,,Yeast-MetaTwin,s_3289,model,Extracted from Yeast-MetaTwin model; external IDs to be filled by mapping phase.
MODEL_CMPD:0001784,s_3290,"monolysocardiolipin (1-18:1, 2-16:1, 4-16:1)",C59H110O16P2,0,mm,,,,,,Yeast-MetaTwin,s_3290,model,Extracted from Yeast-MetaTwin model; external IDs to be filled by mapping phase.
MODEL_CMPD:0001785,s_3291,"monolysocardiolipin (1-18:1, 2-16:1, 4-18:1)",C61H114O16P2,0,mm,,,,,,Yeast-MetaTwin,s_3291,model,Extracted from Yeast-MetaTwin model; external IDs to be filled by mapping phase.
MODEL_CMPD:0001786,s_3292,"monolysocardiolipin (1-16:0, 2-18:1, 4-16:1)",C59H112O16P2,0,mm,,,,,,Yeast-MetaTwin,s_3292,model,Extracted from Yeast-MetaTwin model; external IDs to be filled by mapping phase.
MODEL_CMPD:0001787,s_3293,"monolysocardiolipin (1-16:0, 2-18:1, 4-18:1)",C61H116O16P2,0,mm,,,,,,Yeast-MetaTwin,s_3293,model,Extracted from Yeast-MetaTwin model; external IDs to be filled by mapping phase.
MODEL_CMPD:0001788,s_3294,"monolysocardiolipin (1-16:1, 2-18:1, 4-16:1)",C59H110O16P2,0,mm,,,,,,Yeast-MetaTwin,s_3294,model,Extracted from Yeast-MetaTwin model; external IDs to be filled by mapping phase.
MODEL_CMPD:0001789,s_3295,"monolysocardiolipin (1-16:1, 2-18:1, 4-18:1)",C61H114O16P2,0,mm,,,,,,Yeast-MetaTwin,s_3295,model,Extracted from Yeast-MetaTwin model; external IDs to be filled by mapping phase.
MODEL_CMPD:0001790,s_3296,"phosphatidylcholine (1-16:0, 2-16:1)",C40H78NO8P,0,mm,,,,,,Yeast-MetaTwin,s_3296,model,Extracted from Yeast-MetaTwin model; external IDs to be filled by mapping phase.
MODEL_CMPD:0001791,s_3297,1-acylglycerophosphocholine (16:0),C24H50NO7P,0,mm,,,,,,Yeast-MetaTwin,s_3297,model,Extracted from Yeast-MetaTwin model; external IDs to be filled by mapping phase.
MODEL_CMPD:0001792,s_3298,"phosphatidylcholine (1-16:1, 2-16:1)",C40H76NO8P,0,mm,,,,,,Yeast-MetaTwin,s_3298,model,Extracted from Yeast-MetaTwin model; external IDs to be filled by mapping phase.
MODEL_CMPD:0001793,s_3299,1-acylglycerophosphocholine (16:1),C24H48NO7P,0,mm,,,,,,Yeast-MetaTwin,s_3299,model,Extracted from Yeast-MetaTwin model; external IDs to be filled by mapping phase.
MODEL_CMPD:0001794,s_3300,"phosphatidylcholine (1-18:0, 2-16:1)",C42H82NO8P,0,mm,,,,,,Yeast-MetaTwin,s_3300,model,Extracted from Yeast-MetaTwin model; external IDs to be filled by mapping phase.
MODEL_CMPD:0001795,s_3301,1-acylglycerophosphocholine (18:0),C26H54NO7P,0,mm,,,,,,Yeast-MetaTwin,s_3301,model,Extracted from Yeast-MetaTwin model; external IDs to be filled by mapping phase.
MODEL_CMPD:0001796,s_3302,"phosphatidylcholine (1-18:1, 2-16:1)",C42H80NO8P,0,mm,,,,,,Yeast-MetaTwin,s_3302,model,Extracted from Yeast-MetaTwin model; external IDs to be filled by mapping phase.
MODEL_CMPD:0001797,s_3303,1-acylglycerophosphocholine (18:1),C26H52NO7P,0,mm,,,,,,Yeast-MetaTwin,s_3303,model,Extracted from Yeast-MetaTwin model; external IDs to be filled by mapping phase.
MODEL_CMPD:0001798,s_3304,"phosphatidylcholine (1-16:0, 2-18:1)",C42H82NO8P,0,mm,,,,,,Yeast-MetaTwin,s_3304,model,Extracted from Yeast-MetaTwin model; external IDs to be filled by mapping phase.
MODEL_CMPD:0001799,s_3305,"phosphatidylcholine (1-16:1, 2-18:1)",C42H80NO8P,0,mm,,,,,,Yeast-MetaTwin,s_3305,model,Extracted from Yeast-MetaTwin model; external IDs to be filled by mapping phase.
MODEL_CMPD:0001800,s_3306,"phosphatidylcholine (1-18:0, 2-18:1)",C44H86NO8P,0,mm,,,,,,Yeast-MetaTwin,s_3306,model,Extracted from Yeast-MetaTwin model; external IDs to be filled by mapping phase.
MODEL_CMPD:0001801,s_3307,"phosphatidylcholine (1-18:1, 2-18:1)",C44H84NO8P,0,mm,,,,,,Yeast-MetaTwin,s_3307,model,Extracted from Yeast-MetaTwin model; external IDs to be filled by mapping phase.
MODEL_CMPD:0001802,s_3308,"cardiolipin (1-18:1, 2-18:1, 3-16:0, 4-16:1)",C77H144O17P2,0,mm,,,,,,Yeast-MetaTwin,s_3308,model,Extracted from Yeast-MetaTwin model; external IDs to be filled by mapping phase.
MODEL_CMPD:0001803,s_3309,"cardiolipin (1-18:1, 2-18:1, 3-16:1, 4-16:1)",C77H142O17P2,0,mm,,,,,,Yeast-MetaTwin,s_3309,model,Extracted from Yeast-MetaTwin model; external IDs to be filled by mapping phase.
MODEL_CMPD:0001804,s_3310,"cardiolipin (1-18:1, 2-18:1, 3-18:0, 4-16:1)",C79H148O17P2,0,mm,,,,,,Yeast-MetaTwin,s_3310,model,Extracted from Yeast-MetaTwin model; external IDs to be filled by mapping phase.
MODEL_CMPD:0001805,s_3311,"cardiolipin (1-18:1, 2-18:1, 3-18:1, 4-16:1)",C79H146O17P2,0,mm,,,,,,Yeast-MetaTwin,s_3311,model,Extracted from Yeast-MetaTwin model; external IDs to be filled by mapping phase.
MODEL_CMPD:0001806,s_3312,"cardiolipin (1-18:1, 2-18:1, 3-16:0, 4-18:1)",C79H148O17P2,0,mm,,,,,,Yeast-MetaTwin,s_3312,model,Extracted from Yeast-MetaTwin model; external IDs to be filled by mapping phase.
MODEL_CMPD:0001807,s_3313,"cardiolipin (1-18:1, 2-18:1, 3-16:1, 4-18:1)",C79H146O17P2,0,mm,,,,,,Yeast-MetaTwin,s_3313,model,Extracted from Yeast-MetaTwin model; external IDs to be filled by mapping phase.
MODEL_CMPD:0001808,s_3314,"cardiolipin (1-16:0, 2-16:1, 3-18:1, 4-18:1)",C77H144O17P2,0,mm,,,,,,Yeast-MetaTwin,s_3314,model,Extracted from Yeast-MetaTwin model; external IDs to be filled by mapping phase.
MODEL_CMPD:0001809,s_3315,"cardiolipin (1-16:1, 2-16:1, 3-18:1, 4-18:1)",C77H142O17P2,0,mm,,,,,,Yeast-MetaTwin,s_3315,model,Extracted from Yeast-MetaTwin model; external IDs to be filled by mapping phase.
MODEL_CMPD:0001810,s_3316,"cardiolipin (1-18:0, 2-16:1, 3-18:1, 4-18:1)",C79H148O17P2,0,mm,,,,,,Yeast-MetaTwin,s_3316,model,Extracted from Yeast-MetaTwin model; external IDs to be filled by mapping phase.
MODEL_CMPD:0001811,s_3317,"cardiolipin (1-18:1, 2-16:1, 3-18:1, 4-18:1)",C79H146O17P2,0,mm,,,,,,Yeast-MetaTwin,s_3317,model,Extracted from Yeast-MetaTwin model; external IDs to be filled by mapping phase.
MODEL_CMPD:0001812,s_3318,"cardiolipin (1-16:0, 2-18:1, 3-18:1, 4-18:1)",C79H148O17P2,0,mm,,,,,,Yeast-MetaTwin,s_3318,model,Extracted from Yeast-MetaTwin model; external IDs to be filled by mapping phase.
MODEL_CMPD:0001813,s_3319,"cardiolipin (1-16:1, 2-18:1, 3-18:1, 4-18:1)",C79H146O17P2,0,mm,,,,,,Yeast-MetaTwin,s_3319,model,Extracted from Yeast-MetaTwin model; external IDs to be filled by mapping phase.
MODEL_CMPD:0001814,s_3320,palmitoleoyl-CoA(4-),C37H60N7O17P3S,-4,mm,,,,,,Yeast-MetaTwin,s_3320,model,Extracted from Yeast-MetaTwin model; external IDs to be filled by mapping phase.
MODEL_CMPD:0001815,s_3321,coenzyme A,C21H32N7O16P3S,-4,mm,,,,,,Yeast-MetaTwin,s_3321,model,Extracted from Yeast-MetaTwin model; external IDs to be filled by mapping phase.
MODEL_CMPD:0001816,s_3322,oleoyl-CoA,C39H64N7O17P3S,-4,mm,,,,,,Yeast-MetaTwin,s_3322,model,Extracted from Yeast-MetaTwin model; external IDs to be filled by mapping phase.
MODEL_CMPD:0001817,s_3323,"1-phosphatidyl-1D-myo-inositol (1-16:0, 2-16:1)",C41H77O13P,0,ce,,,,,,Yeast-MetaTwin,s_3323,model,Extracted from Yeast-MetaTwin model; external IDs to be filled by mapping phase.
MODEL_CMPD:0001818,s_3324,ADP,C10H12N5O10P2,-3,ce,,,,,,Yeast-MetaTwin,s_3324,model,Extracted from Yeast-MetaTwin model; external IDs to be filled by mapping phase.
MODEL_CMPD:0001819,s_3325,"1-phosphatidyl-1D-myo-inositol 4-phosphate (1-16:0, 2-16:1)",C41H78O16P2,0,ce,,,,,,Yeast-MetaTwin,s_3325,model,Extracted from Yeast-MetaTwin model; external IDs to be filled by mapping phase.
MODEL_CMPD:0001820,s_3326,"1-phosphatidyl-1D-myo-inositol (1-16:1, 2-16:1)",C41H75O13P,0,ce,,,,,,Yeast-MetaTwin,s_3326,model,Extracted from Yeast-MetaTwin model; external IDs to be filled by mapping phase.
MODEL_CMPD:0001821,s_3327,"1-phosphatidyl-1D-myo-inositol 4-phosphate (1-16:1, 2-16:1)",C41H76O16P2,0,ce,,,,,,Yeast-MetaTwin,s_3327,model,Extracted from Yeast-MetaTwin model; external IDs to be filled by mapping phase.
MODEL_CMPD:0001822,s_3328,"1-phosphatidyl-1D-myo-inositol (1-18:0, 2-16:1)",C43H81O13P,0,ce,,,,,,Yeast-MetaTwin,s_3328,model,Extracted from Yeast-MetaTwin model; external IDs to be filled by mapping phase.
MODEL_CMPD:0001823,s_3329,"1-phosphatidyl-1D-myo-inositol 4-phosphate (1-18:0, 2-16:1)",C43H82O16P2,0,ce,,,,,,Yeast-MetaTwin,s_3329,model,Extracted from Yeast-MetaTwin model; external IDs to be filled by mapping phase.
MODEL_CMPD:0001824,s_3330,"1-phosphatidyl-1D-myo-inositol (1-18:1, 2-16:1)",C43H79O13P,0,ce,,,,,,Yeast-MetaTwin,s_3330,model,Extracted from Yeast-MetaTwin model; external IDs to be filled by mapping phase.
MODEL_CMPD:0001825,s_3331,"1-phosphatidyl-1D-myo-inositol 4-phosphate (1-18:1, 2-16:1)",C43H80O16P2,0,ce,,,,,,Yeast-MetaTwin,s_3331,model,Extracted from Yeast-MetaTwin model; external IDs to be filled by mapping phase.
MODEL_CMPD:0001826,s_3332,"1-phosphatidyl-1D-myo-inositol (1-16:0, 2-18:1)",C43H81O13P,0,ce,,,,,,Yeast-MetaTwin,s_3332,model,Extracted from Yeast-MetaTwin model; external IDs to be filled by mapping phase.
MODEL_CMPD:0001827,s_3333,"1-phosphatidyl-1D-myo-inositol 4-phosphate (1-16:0, 2-18:1)",C43H82O16P2,0,ce,,,,,,Yeast-MetaTwin,s_3333,model,Extracted from Yeast-MetaTwin model; external IDs to be filled by mapping phase.
MODEL_CMPD:0001828,s_3334,"1-phosphatidyl-1D-myo-inositol (1-16:1, 2-18:1)",C43H79O13P,0,ce,,,,,,Yeast-MetaTwin,s_3334,model,Extracted from Yeast-MetaTwin model; external IDs to be filled by mapping phase.
MODEL_CMPD:0001829,s_3335,"1-phosphatidyl-1D-myo-inositol 4-phosphate (1-16:1, 2-18:1)",C43H80O16P2,0,ce,,,,,,Yeast-MetaTwin,s_3335,model,Extracted from Yeast-MetaTwin model; external IDs to be filled by mapping phase.
MODEL_CMPD:0001830,s_3336,"1-phosphatidyl-1D-myo-inositol (1-18:0, 2-18:1)",C45H85O13P,0,ce,,,,,,Yeast-MetaTwin,s_3336,model,Extracted from Yeast-MetaTwin model; external IDs to be filled by mapping phase.
MODEL_CMPD:0001831,s_3337,"1-phosphatidyl-1D-myo-inositol 4-phosphate (1-18:0, 2-18:1)",C45H86O16P2,0,ce,,,,,,Yeast-MetaTwin,s_3337,model,Extracted from Yeast-MetaTwin model; external IDs to be filled by mapping phase.
MODEL_CMPD:0001832,s_3338,"1-phosphatidyl-1D-myo-inositol (1-18:1, 2-18:1)",C45H83O13P,0,ce,,,,,,Yeast-MetaTwin,s_3338,model,Extracted from Yeast-MetaTwin model; external IDs to be filled by mapping phase.
MODEL_CMPD:0001833,s_3339,"1-phosphatidyl-1D-myo-inositol 4-phosphate (1-18:1, 2-18:1)",C45H84O16P2,0,ce,,,,,,Yeast-MetaTwin,s_3339,model,Extracted from Yeast-MetaTwin model; external IDs to be filled by mapping phase.
MODEL_CMPD:0001834,s_3340,"1-phosphatidyl-1D-myo-inositol (1-16:0, 2-16:1)",C41H77O13P,0,vm,,,,,,Yeast-MetaTwin,s_3340,model,Extracted from Yeast-MetaTwin model; external IDs to be filled by mapping phase.
MODEL_CMPD:0001835,s_3341,ATP,C10H12N5O13P3,-4,vm,,,,,,Yeast-MetaTwin,s_3341,model,Extracted from Yeast-MetaTwin model; external IDs to be filled by mapping phase.
MODEL_CMPD:0001836,s_3342,ADP,C10H12N5O10P2,-3,vm,,,,,,Yeast-MetaTwin,s_3342,model,Extracted from Yeast-MetaTwin model; external IDs to be filled by mapping phase.
MODEL_CMPD:0001837,s_3343,"1-phosphatidyl-1D-myo-inositol 4-phosphate (1-16:0, 2-16:1)",C41H78O16P2,0,vm,,,,,,Yeast-MetaTwin,s_3343,model,Extracted from Yeast-MetaTwin model; external IDs to be filled by mapping phase.
MODEL_CMPD:0001838,s_3344,"1-phosphatidyl-1D-myo-inositol (1-16:1, 2-16:1)",C41H75O13P,0,vm,,,,,,Yeast-MetaTwin,s_3344,model,Extracted from Yeast-MetaTwin model; external IDs to be filled by mapping phase.
MODEL_CMPD:0001839,s_3345,"1-phosphatidyl-1D-myo-inositol 4-phosphate (1-16:1, 2-16:1)",C41H76O16P2,0,vm,,,,,,Yeast-MetaTwin,s_3345,model,Extracted from Yeast-MetaTwin model; external IDs to be filled by mapping phase.
MODEL_CMPD:0001840,s_3346,"1-phosphatidyl-1D-myo-inositol (1-18:0, 2-16:1)",C43H81O13P,0,vm,,,,,,Yeast-MetaTwin,s_3346,model,Extracted from Yeast-MetaTwin model; external IDs to be filled by mapping phase.
MODEL_CMPD:0001841,s_3347,"1-phosphatidyl-1D-myo-inositol 4-phosphate (1-18:0, 2-16:1)",C43H82O16P2,0,vm,,,,,,Yeast-MetaTwin,s_3347,model,Extracted from Yeast-MetaTwin model; external IDs to be filled by mapping phase.
MODEL_CMPD:0001842,s_3348,"1-phosphatidyl-1D-myo-inositol (1-18:1, 2-16:1)",C43H79O13P,0,vm,,,,,,Yeast-MetaTwin,s_3348,model,Extracted from Yeast-MetaTwin model; external IDs to be filled by mapping phase.
MODEL_CMPD:0001843,s_3349,"1-phosphatidyl-1D-myo-inositol 4-phosphate (1-18:1, 2-16:1)",C43H80O16P2,0,vm,,,,,,Yeast-MetaTwin,s_3349,model,Extracted from Yeast-MetaTwin model; external IDs to be filled by mapping phase.
MODEL_CMPD:0001844,s_3350,"1-phosphatidyl-1D-myo-inositol (1-16:0, 2-18:1)",C43H81O13P,0,vm,,,,,,Yeast-MetaTwin,s_3350,model,Extracted from Yeast-MetaTwin model; external IDs to be filled by mapping phase.
MODEL_CMPD:0001845,s_3351,"1-phosphatidyl-1D-myo-inositol 4-phosphate (1-16:0, 2-18:1)",C43H82O16P2,0,vm,,,,,,Yeast-MetaTwin,s_3351,model,Extracted from Yeast-MetaTwin model; external IDs to be filled by mapping phase.
MODEL_CMPD:0001846,s_3352,"1-phosphatidyl-1D-myo-inositol (1-16:1, 2-18:1)",C43H79O13P,0,vm,,,,,,Yeast-MetaTwin,s_3352,model,Extracted from Yeast-MetaTwin model; external IDs to be filled by mapping phase.
MODEL_CMPD:0001847,s_3353,"1-phosphatidyl-1D-myo-inositol 4-phosphate (1-16:1, 2-18:1)",C43H80O16P2,0,vm,,,,,,Yeast-MetaTwin,s_3353,model,Extracted from Yeast-MetaTwin model; external IDs to be filled by mapping phase.
MODEL_CMPD:0001848,s_3354,"1-phosphatidyl-1D-myo-inositol (1-18:0, 2-18:1)",C45H85O13P,0,vm,,,,,,Yeast-MetaTwin,s_3354,model,Extracted from Yeast-MetaTwin model; external IDs to be filled by mapping phase.
MODEL_CMPD:0001849,s_3355,"1-phosphatidyl-1D-myo-inositol 4-phosphate (1-18:0, 2-18:1)",C45H86O16P2,0,vm,,,,,,Yeast-MetaTwin,s_3355,model,Extracted from Yeast-MetaTwin model; external IDs to be filled by mapping phase.
MODEL_CMPD:0001850,s_3356,"1-phosphatidyl-1D-myo-inositol (1-18:1, 2-18:1)",C45H83O13P,0,vm,,,,,,Yeast-MetaTwin,s_3356,model,Extracted from Yeast-MetaTwin model; external IDs to be filled by mapping phase.
MODEL_CMPD:0001851,s_3357,"1-phosphatidyl-1D-myo-inositol 4-phosphate (1-18:1, 2-18:1)",C45H84O16P2,0,vm,,,,,,Yeast-MetaTwin,s_3357,model,Extracted from Yeast-MetaTwin model; external IDs to be filled by mapping phase.
MODEL_CMPD:0001852,s_3358,"1-phosphatidyl-1D-myo-inositol (1-16:0, 2-16:1)",C41H77O13P,0,gm,,,,,,Yeast-MetaTwin,s_3358,model,Extracted from Yeast-MetaTwin model; external IDs to be filled by mapping phase.
MODEL_CMPD:0001853,s_3359,ATP,C10H12N5O13P3,-4,gm,,,,,,Yeast-MetaTwin,s_3359,model,Extracted from Yeast-MetaTwin model; external IDs to be filled by mapping phase.
MODEL_CMPD:0001854,s_3360,ADP,C10H12N5O10P2,-3,gm,,,,,,Yeast-MetaTwin,s_3360,model,Extracted from Yeast-MetaTwin model; external IDs to be filled by mapping phase.
MODEL_CMPD:0001855,s_3361,"1-phosphatidyl-1D-myo-inositol 4-phosphate (1-16:0, 2-16:1)",C41H78O16P2,0,gm,,,,,,Yeast-MetaTwin,s_3361,model,Extracted from Yeast-MetaTwin model; external IDs to be filled by mapping phase.
MODEL_CMPD:0001856,s_3362,"1-phosphatidyl-1D-myo-inositol (1-16:1, 2-16:1)",C41H75O13P,0,gm,,,,,,Yeast-MetaTwin,s_3362,model,Extracted from Yeast-MetaTwin model; external IDs to be filled by mapping phase.
MODEL_CMPD:0001857,s_3363,"1-phosphatidyl-1D-myo-inositol 4-phosphate (1-16:1, 2-16:1)",C41H76O16P2,0,gm,,,,,,Yeast-MetaTwin,s_3363,model,Extracted from Yeast-MetaTwin model; external IDs to be filled by mapping phase.
MODEL_CMPD:0001858,s_3364,"1-phosphatidyl-1D-myo-inositol (1-18:0, 2-16:1)",C43H81O13P,0,gm,,,,,,Yeast-MetaTwin,s_3364,model,Extracted from Yeast-MetaTwin model; external IDs to be filled by mapping phase.
MODEL_CMPD:0001859,s_3365,"1-phosphatidyl-1D-myo-inositol 4-phosphate (1-18:0, 2-16:1)",C43H82O16P2,0,gm,,,,,,Yeast-MetaTwin,s_3365,model,Extracted from Yeast-MetaTwin model; external IDs to be filled by mapping phase.
MODEL_CMPD:0001860,s_3366,"1-phosphatidyl-1D-myo-inositol (1-18:1, 2-16:1)",C43H79O13P,0,gm,,,,,,Yeast-MetaTwin,s_3366,model,Extracted from Yeast-MetaTwin model; external IDs to be filled by mapping phase.
MODEL_CMPD:0001861,s_3367,"1-phosphatidyl-1D-myo-inositol 4-phosphate (1-18:1, 2-16:1)",C43H80O16P2,0,gm,,,,,,Yeast-MetaTwin,s_3367,model,Extracted from Yeast-MetaTwin model; external IDs to be filled by mapping phase.
MODEL_CMPD:0001862,s_3368,"1-phosphatidyl-1D-myo-inositol (1-16:0, 2-18:1)",C43H81O13P,0,gm,,,,,,Yeast-MetaTwin,s_3368,model,Extracted from Yeast-MetaTwin model; external IDs to be filled by mapping phase.
MODEL_CMPD:0001863,s_3369,"1-phosphatidyl-1D-myo-inositol 4-phosphate (1-16:0, 2-18:1)",C43H82O16P2,0,gm,,,,,,Yeast-MetaTwin,s_3369,model,Extracted from Yeast-MetaTwin model; external IDs to be filled by mapping phase.
MODEL_CMPD:0001864,s_3370,"1-phosphatidyl-1D-myo-inositol (1-16:1, 2-18:1)",C43H79O13P,0,gm,,,,,,Yeast-MetaTwin,s_3370,model,Extracted from Yeast-MetaTwin model; external IDs to be filled by mapping phase.
MODEL_CMPD:0001865,s_3371,"1-phosphatidyl-1D-myo-inositol 4-phosphate (1-16:1, 2-18:1)",C43H80O16P2,0,gm,,,,,,Yeast-MetaTwin,s_3371,model,Extracted from Yeast-MetaTwin model; external IDs to be filled by mapping phase.
MODEL_CMPD:0001866,s_3372,"1-phosphatidyl-1D-myo-inositol (1-18:0, 2-18:1)",C45H85O13P,0,gm,,,,,,Yeast-MetaTwin,s_3372,model,Extracted from Yeast-MetaTwin model; external IDs to be filled by mapping phase.
MODEL_CMPD:0001867,s_3373,"1-phosphatidyl-1D-myo-inositol 4-phosphate (1-18:0, 2-18:1)",C45H86O16P2,0,gm,,,,,,Yeast-MetaTwin,s_3373,model,Extracted from Yeast-MetaTwin model; external IDs to be filled by mapping phase.
MODEL_CMPD:0001868,s_3374,"1-phosphatidyl-1D-myo-inositol (1-18:1, 2-18:1)",C45H83O13P,0,gm,,,,,,Yeast-MetaTwin,s_3374,model,Extracted from Yeast-MetaTwin model; external IDs to be filled by mapping phase.
MODEL_CMPD:0001869,s_3375,"1-phosphatidyl-1D-myo-inositol 4-phosphate (1-18:1, 2-18:1)",C45H84O16P2,0,gm,,,,,,Yeast-MetaTwin,s_3375,model,Extracted from Yeast-MetaTwin model; external IDs to be filled by mapping phase.
MODEL_CMPD:0001870,s_3376,"1-phosphatidyl-1D-myo-inositol (1-16:0, 2-16:1)",C41H77O13P,0,n,,,,,,Yeast-MetaTwin,s_3376,model,Extracted from Yeast-MetaTwin model; external IDs to be filled by mapping phase.
MODEL_CMPD:0001871,s_3377,"1-phosphatidyl-1D-myo-inositol 4-phosphate (1-16:0, 2-16:1)",C41H78O16P2,0,n,,,,,,Yeast-MetaTwin,s_3377,model,Extracted from Yeast-MetaTwin model; external IDs to be filled by mapping phase.
MODEL_CMPD:0001872,s_3378,"1-phosphatidyl-1D-myo-inositol (1-16:1, 2-16:1)",C41H75O13P,0,n,,,,,,Yeast-MetaTwin,s_3378,model,Extracted from Yeast-MetaTwin model; external IDs to be filled by mapping phase.
MODEL_CMPD:0001873,s_3379,"1-phosphatidyl-1D-myo-inositol 4-phosphate (1-16:1, 2-16:1)",C41H76O16P2,0,n,,,,,,Yeast-MetaTwin,s_3379,model,Extracted from Yeast-MetaTwin model; external IDs to be filled by mapping phase.
MODEL_CMPD:0001874,s_3380,"1-phosphatidyl-1D-myo-inositol (1-18:0, 2-16:1)",C43H81O13P,0,n,,,,,,Yeast-MetaTwin,s_3380,model,Extracted from Yeast-MetaTwin model; external IDs to be filled by mapping phase.
MODEL_CMPD:0001875,s_3381,"1-phosphatidyl-1D-myo-inositol 4-phosphate (1-18:0, 2-16:1)",C43H82O16P2,0,n,,,,,,Yeast-MetaTwin,s_3381,model,Extracted from Yeast-MetaTwin model; external IDs to be filled by mapping phase.
MODEL_CMPD:0001876,s_3382,"1-phosphatidyl-1D-myo-inositol (1-18:1, 2-16:1)",C43H79O13P,0,n,,,,,,Yeast-MetaTwin,s_3382,model,Extracted from Yeast-MetaTwin model; external IDs to be filled by mapping phase.
MODEL_CMPD:0001877,s_3383,"1-phosphatidyl-1D-myo-inositol 4-phosphate (1-18:1, 2-16:1)",C43H80O16P2,0,n,,,,,,Yeast-MetaTwin,s_3383,model,Extracted from Yeast-MetaTwin model; external IDs to be filled by mapping phase.
MODEL_CMPD:0001878,s_3384,"1-phosphatidyl-1D-myo-inositol (1-16:0, 2-18:1)",C43H81O13P,0,n,,,,,,Yeast-MetaTwin,s_3384,model,Extracted from Yeast-MetaTwin model; external IDs to be filled by mapping phase.
MODEL_CMPD:0001879,s_3385,"1-phosphatidyl-1D-myo-inositol 4-phosphate (1-16:0, 2-18:1)",C43H82O16P2,0,n,,,,,,Yeast-MetaTwin,s_3385,model,Extracted from Yeast-MetaTwin model; external IDs to be filled by mapping phase.
MODEL_CMPD:0001880,s_3386,"1-phosphatidyl-1D-myo-inositol (1-16:1, 2-18:1)",C43H79O13P,0,n,,,,,,Yeast-MetaTwin,s_3386,model,Extracted from Yeast-MetaTwin model; external IDs to be filled by mapping phase.
MODEL_CMPD:0001881,s_3387,"1-phosphatidyl-1D-myo-inositol 4-phosphate (1-16:1, 2-18:1)",C43H80O16P2,0,n,,,,,,Yeast-MetaTwin,s_3387,model,Extracted from Yeast-MetaTwin model; external IDs to be filled by mapping phase.
MODEL_CMPD:0001882,s_3388,"1-phosphatidyl-1D-myo-inositol (1-18:0, 2-18:1)",C45H85O13P,0,n,,,,,,Yeast-MetaTwin,s_3388,model,Extracted from Yeast-MetaTwin model; external IDs to be filled by mapping phase.
MODEL_CMPD:0001883,s_3389,"1-phosphatidyl-1D-myo-inositol 4-phosphate (1-18:0, 2-18:1)",C45H86O16P2,0,n,,,,,,Yeast-MetaTwin,s_3389,model,Extracted from Yeast-MetaTwin model; external IDs to be filled by mapping phase.
MODEL_CMPD:0001884,s_3390,"1-phosphatidyl-1D-myo-inositol (1-18:1, 2-18:1)",C45H83O13P,0,n,,,,,,Yeast-MetaTwin,s_3390,model,Extracted from Yeast-MetaTwin model; external IDs to be filled by mapping phase.
MODEL_CMPD:0001885,s_3391,"1-phosphatidyl-1D-myo-inositol 4-phosphate (1-18:1, 2-18:1)",C45H84O16P2,0,n,,,,,,Yeast-MetaTwin,s_3391,model,Extracted from Yeast-MetaTwin model; external IDs to be filled by mapping phase.
MODEL_CMPD:0001886,s_3392,"1-phosphatidyl-1D-myo-inositol 3-phosphate (1-16:0, 2-16:1)",C41H78O16P2,0,vm,,,,,,Yeast-MetaTwin,s_3392,model,Extracted from Yeast-MetaTwin model; external IDs to be filled by mapping phase.
MODEL_CMPD:0001887,s_3393,"1-phosphatidyl-1D-myo-inositol 3-phosphate (1-16:1, 2-16:1)",C41H76O16P2,0,vm,,,,,,Yeast-MetaTwin,s_3393,model,Extracted from Yeast-MetaTwin model; external IDs to be filled by mapping phase.
MODEL_CMPD:0001888,s_3394,"1-phosphatidyl-1D-myo-inositol 3-phosphate (1-18:0, 2-16:1)",C43H82O16P2,0,vm,,,,,,Yeast-MetaTwin,s_3394,model,Extracted from Yeast-MetaTwin model; external IDs to be filled by mapping phase.
MODEL_CMPD:0001889,s_3395,"1-phosphatidyl-1D-myo-inositol 3-phosphate (1-18:1, 2-16:1)",C43H80O16P2,0,vm,,,,,,Yeast-MetaTwin,s_3395,model,Extracted from Yeast-MetaTwin model; external IDs to be filled by mapping phase.
MODEL_CMPD:0001890,s_3396,"1-phosphatidyl-1D-myo-inositol 3-phosphate (1-16:0, 2-18:1)",C43H82O16P2,0,vm,,,,,,Yeast-MetaTwin,s_3396,model,Extracted from Yeast-MetaTwin model; external IDs to be filled by mapping phase.
MODEL_CMPD:0001891,s_3397,"1-phosphatidyl-1D-myo-inositol 3-phosphate (1-16:1, 2-18:1)",C43H80O16P2,0,vm,,,,,,Yeast-MetaTwin,s_3397,model,Extracted from Yeast-MetaTwin model; external IDs to be filled by mapping phase.
MODEL_CMPD:0001892,s_3398,"1-phosphatidyl-1D-myo-inositol 3-phosphate (1-18:0, 2-18:1)",C45H86O16P2,0,vm,,,,,,Yeast-MetaTwin,s_3398,model,Extracted from Yeast-MetaTwin model; external IDs to be filled by mapping phase.
MODEL_CMPD:0001893,s_3399,"1-phosphatidyl-1D-myo-inositol 3-phosphate (1-18:1, 2-18:1)",C45H84O16P2,0,vm,,,,,,Yeast-MetaTwin,s_3399,model,Extracted from Yeast-MetaTwin model; external IDs to be filled by mapping phase.
MODEL_CMPD:0001894,s_3400,"1-phosphatidyl-1D-myo-inositol 4,5-bisphosphate (1-16:0, 2-16:1)",C41H79O19P3,0,n,,,,,,Yeast-MetaTwin,s_3400,model,Extracted from Yeast-MetaTwin model; external IDs to be filled by mapping phase.
MODEL_CMPD:0001895,s_3401,"1-phosphatidyl-1D-myo-inositol 4,5-bisphosphate (1-16:1, 2-16:1)",C41H77O19P3,0,n,,,,,,Yeast-MetaTwin,s_3401,model,Extracted from Yeast-MetaTwin model; external IDs to be filled by mapping phase.
MODEL_CMPD:0001896,s_3402,"1-phosphatidyl-1D-myo-inositol 4,5-bisphosphate (1-18:0, 2-16:1)",C43H83O19P3,0,n,,,,,,Yeast-MetaTwin,s_3402,model,Extracted from Yeast-MetaTwin model; external IDs to be filled by mapping phase.
MODEL_CMPD:0001897,s_3403,"1-phosphatidyl-1D-myo-inositol 4,5-bisphosphate (1-18:1, 2-16:1)",C43H81O19P3,0,n,,,,,,Yeast-MetaTwin,s_3403,model,Extracted from Yeast-MetaTwin model; external IDs to be filled by mapping phase.
MODEL_CMPD:0001898,s_3404,"1-phosphatidyl-1D-myo-inositol 4,5-bisphosphate (1-16:0, 2-18:1)",C43H83O19P3,0,n,,,,,,Yeast-MetaTwin,s_3404,model,Extracted from Yeast-MetaTwin model; external IDs to be filled by mapping phase.
MODEL_CMPD:0001899,s_3405,"1-phosphatidyl-1D-myo-inositol 4,5-bisphosphate (1-16:1, 2-18:1)",C43H81O19P3,0,n,,,,,,Yeast-MetaTwin,s_3405,model,Extracted from Yeast-MetaTwin model; external IDs to be filled by mapping phase.
MODEL_CMPD:0001900,s_3406,"1-phosphatidyl-1D-myo-inositol 4,5-bisphosphate (1-18:0, 2-18:1)",C45H87O19P3,0,n,,,,,,Yeast-MetaTwin,s_3406,model,Extracted from Yeast-MetaTwin model; external IDs to be filled by mapping phase.
MODEL_CMPD:0001901,s_3407,"1-phosphatidyl-1D-myo-inositol 4,5-bisphosphate (1-18:1, 2-18:1)",C45H85O19P3,0,n,,,,,,Yeast-MetaTwin,s_3407,model,Extracted from Yeast-MetaTwin model; external IDs to be filled by mapping phase.
MODEL_CMPD:0001902,s_3408,"1-phosphatidyl-1D-myo-inositol 4,5-bisphosphate (1-16:0, 2-16:1)",C41H79O19P3,0,ce,,,,,,Yeast-MetaTwin,s_3408,model,Extracted from Yeast-MetaTwin model; external IDs to be filled by mapping phase.
MODEL_CMPD:0001903,s_3409,"1-phosphatidyl-1D-myo-inositol 4,5-bisphosphate (1-16:1, 2-16:1)",C41H77O19P3,0,ce,,,,,,Yeast-MetaTwin,s_3409,model,Extracted from Yeast-MetaTwin model; external IDs to be filled by mapping phase.
MODEL_CMPD:0001904,s_3410,"1-phosphatidyl-1D-myo-inositol 4,5-bisphosphate (1-18:0, 2-16:1)",C43H83O19P3,0,ce,,,,,,Yeast-MetaTwin,s_3410,model,Extracted from Yeast-MetaTwin model; external IDs to be filled by mapping phase.
MODEL_CMPD:0001905,s_3411,"1-phosphatidyl-1D-myo-inositol 4,5-bisphosphate (1-18:1, 2-16:1)",C43H81O19P3,0,ce,,,,,,Yeast-MetaTwin,s_3411,model,Extracted from Yeast-MetaTwin model; external IDs to be filled by mapping phase.
MODEL_CMPD:0001906,s_3412,"1-phosphatidyl-1D-myo-inositol 4,5-bisphosphate (1-16:0, 2-18:1)",C43H83O19P3,0,ce,,,,,,Yeast-MetaTwin,s_3412,model,Extracted from Yeast-MetaTwin model; external IDs to be filled by mapping phase.
MODEL_CMPD:0001907,s_3413,"1-phosphatidyl-1D-myo-inositol 4,5-bisphosphate (1-16:1, 2-18:1)",C43H81O19P3,0,ce,,,,,,Yeast-MetaTwin,s_3413,model,Extracted from Yeast-MetaTwin model; external IDs to be filled by mapping phase.
MODEL_CMPD:0001908,s_3414,"1-phosphatidyl-1D-myo-inositol 4,5-bisphosphate (1-18:0, 2-18:1)",C45H87O19P3,0,ce,,,,,,Yeast-MetaTwin,s_3414,model,Extracted from Yeast-MetaTwin model; external IDs to be filled by mapping phase.
MODEL_CMPD:0001909,s_3415,"1-phosphatidyl-1D-myo-inositol 4,5-bisphosphate (1-18:1, 2-18:1)",C45H85O19P3,0,ce,,,,,,Yeast-MetaTwin,s_3415,model,Extracted from Yeast-MetaTwin model; external IDs to be filled by mapping phase.
MODEL_CMPD:0001910,s_3416,"1-phosphatidyl-1D-myo-inositol 3,5-bisphosphate (1-16:0, 2-16:1)",C41H79O19P3,0,vm,,,,,,Yeast-MetaTwin,s_3416,model,Extracted from Yeast-MetaTwin model; external IDs to be filled by mapping phase.
MODEL_CMPD:0001911,s_3417,"1-phosphatidyl-1D-myo-inositol 3,5-bisphosphate (1-16:1, 2-16:1)",C41H77O19P3,0,vm,,,,,,Yeast-MetaTwin,s_3417,model,Extracted from Yeast-MetaTwin model; external IDs to be filled by mapping phase.
MODEL_CMPD:0001912,s_3418,"1-phosphatidyl-1D-myo-inositol 3,5-bisphosphate (1-18:0, 2-16:1)",C43H83O19P3,0,vm,,,,,,Yeast-MetaTwin,s_3418,model,Extracted from Yeast-MetaTwin model; external IDs to be filled by mapping phase.
MODEL_CMPD:0001913,s_3419,"1-phosphatidyl-1D-myo-inositol 3,5-bisphosphate (1-18:1, 2-16:1)",C43H81O19P3,0,vm,,,,,,Yeast-MetaTwin,s_3419,model,Extracted from Yeast-MetaTwin model; external IDs to be filled by mapping phase.
MODEL_CMPD:0001914,s_3420,"1-phosphatidyl-1D-myo-inositol 3,5-bisphosphate (1-16:0, 2-18:1)",C43H83O19P3,0,vm,,,,,,Yeast-MetaTwin,s_3420,model,Extracted from Yeast-MetaTwin model; external IDs to be filled by mapping phase.
MODEL_CMPD:0001915,s_3421,"1-phosphatidyl-1D-myo-inositol 3,5-bisphosphate (1-16:1, 2-18:1)",C43H81O19P3,0,vm,,,,,,Yeast-MetaTwin,s_3421,model,Extracted from Yeast-MetaTwin model; external IDs to be filled by mapping phase.
MODEL_CMPD:0001916,s_3422,"1-phosphatidyl-1D-myo-inositol 3,5-bisphosphate (1-18:0, 2-18:1)",C45H87O19P3,0,vm,,,,,,Yeast-MetaTwin,s_3422,model,Extracted from Yeast-MetaTwin model; external IDs to be filled by mapping phase.
MODEL_CMPD:0001917,s_3423,"1-phosphatidyl-1D-myo-inositol 3,5-bisphosphate (1-18:1, 2-18:1)",C45H85O19P3,0,vm,,,,,,Yeast-MetaTwin,s_3423,model,Extracted from Yeast-MetaTwin model; external IDs to be filled by mapping phase.
MODEL_CMPD:0001918,s_3424,1-acylglycerophosphoethanolamine (16:0),C21H44NO7P,0,erm,,,,,,Yeast-MetaTwin,s_3424,model,Extracted from Yeast-MetaTwin model; external IDs to be filled by mapping phase.
MODEL_CMPD:0001919,s_3425,1-acylglycerophosphoethanolamine (16:1),C21H42NO7P,0,erm,,,,,,Yeast-MetaTwin,s_3425,model,Extracted from Yeast-MetaTwin model; external IDs to be filled by mapping phase.
MODEL_CMPD:0001920,s_3426,1-acylglycerophosphoethanolamine (18:0),C23H48NO7P,0,erm,,,,,,Yeast-MetaTwin,s_3426,model,Extracted from Yeast-MetaTwin model; external IDs to be filled by mapping phase.
MODEL_CMPD:0001921,s_3427,1-acylglycerophosphoethanolamine (18:1),C23H46NO7P,0,erm,,,,,,Yeast-MetaTwin,s_3427,model,Extracted from Yeast-MetaTwin model; external IDs to be filled by mapping phase.
MODEL_CMPD:0001922,s_3428,1-acylglycerophosphocholine (16:0),C24H50NO7P,0,erm,,,,,,Yeast-MetaTwin,s_3428,model,Extracted from Yeast-MetaTwin model; external IDs to be filled by mapping phase.
MODEL_CMPD:0001923,s_3429,1-acylglycerophosphocholine (16:1),C24H48NO7P,0,erm,,,,,,Yeast-MetaTwin,s_3429,model,Extracted from Yeast-MetaTwin model; external IDs to be filled by mapping phase.
MODEL_CMPD:0001924,s_3430,1-acylglycerophosphocholine (18:0),C26H54NO7P,0,erm,,,,,,Yeast-MetaTwin,s_3430,model,Extracted from Yeast-MetaTwin model; external IDs to be filled by mapping phase.
MODEL_CMPD:0001925,s_3431,1-acylglycerophosphocholine (18:1),C26H52NO7P,0,erm,,,,,,Yeast-MetaTwin,s_3431,model,Extracted from Yeast-MetaTwin model; external IDs to be filled by mapping phase.
MODEL_CMPD:0001926,s_3432,episterol,C28H46O,0,erm,,,,,,Yeast-MetaTwin,s_3432,model,Extracted from Yeast-MetaTwin model; external IDs to be filled by mapping phase.
MODEL_CMPD:0001927,s_3433,episteryl oleate,C46H78O2,0,erm,,,,,,Yeast-MetaTwin,s_3433,model,Extracted from Yeast-MetaTwin model; external IDs to be filled by mapping phase.
MODEL_CMPD:0001928,s_3434,episteryl palmitoleate,C44H74O2,0,erm,,,,,,Yeast-MetaTwin,s_3434,model,Extracted from Yeast-MetaTwin model; external IDs to be filled by mapping phase.
MODEL_CMPD:0001929,s_3435,fecosterol,C28H46O,0,erm,,,,,,Yeast-MetaTwin,s_3435,model,Extracted from Yeast-MetaTwin model; external IDs to be filled by mapping phase.
MODEL_CMPD:0001930,s_3436,fecosteryl oleate,C46H78O2,0,erm,,,,,,Yeast-MetaTwin,s_3436,model,Extracted from Yeast-MetaTwin model; external IDs to be filled by mapping phase.
MODEL_CMPD:0001931,s_3437,fecosteryl palmitoleate,C44H74O2,0,erm,,,,,,Yeast-MetaTwin,s_3437,model,Extracted from Yeast-MetaTwin model; external IDs to be filled by mapping phase.
MODEL_CMPD:0001932,s_3438,lanosterol,C30H50O,0,erm,,,,,,Yeast-MetaTwin,s_3438,model,Extracted from Yeast-MetaTwin model; external IDs to be filled by mapping phase.
MODEL_CMPD:0001933,s_3439,lanosteryl oleate,C48H82O2,0,erm,,,,,,Yeast-MetaTwin,s_3439,model,Extracted from Yeast-MetaTwin model; external IDs to be filled by mapping phase.
MODEL_CMPD:0001934,s_3440,lanosteryl palmitoleate,C46H78O2,0,erm,,,,,,Yeast-MetaTwin,s_3440,model,Extracted from Yeast-MetaTwin model; external IDs to be filled by mapping phase.
MODEL_CMPD:0001935,s_3441,ergosterol,C28H44O,0,erm,,,,,,Yeast-MetaTwin,s_3441,model,Extracted from Yeast-MetaTwin model; external IDs to be filled by mapping phase.
MODEL_CMPD:0001936,s_3442,ergosteryl oleate,C46H76O2,0,erm,,,,,,Yeast-MetaTwin,s_3442,model,Extracted from Yeast-MetaTwin model; external IDs to be filled by mapping phase.
MODEL_CMPD:0001937,s_3443,ergosteryl palmitoleate,C44H72O2,0,erm,,,,,,Yeast-MetaTwin,s_3443,model,Extracted from Yeast-MetaTwin model; external IDs to be filled by mapping phase.
MODEL_CMPD:0001938,s_3444,zymosterol,C27H44O,0,erm,,,,,,Yeast-MetaTwin,s_3444,model,Extracted from Yeast-MetaTwin model; external IDs to be filled by mapping phase.
MODEL_CMPD:0001939,s_3445,zymosteryl oleate,C45H76O2,0,erm,,,,,,Yeast-MetaTwin,s_3445,model,Extracted from Yeast-MetaTwin model; external IDs to be filled by mapping phase.
MODEL_CMPD:0001940,s_3446,zymosteryl palmitoleate,C43H72O2,0,erm,,,,,,Yeast-MetaTwin,s_3446,model,Extracted from Yeast-MetaTwin model; external IDs to be filled by mapping phase.
MODEL_CMPD:0001941,s_3447,sn-glycero-3-phosphocholine,C8H20NO6P,0,erm,,,,,,Yeast-MetaTwin,s_3447,model,Extracted from Yeast-MetaTwin model; external IDs to be filled by mapping phase.
MODEL_CMPD:0001942,s_3448,"phosphatidylcholine (1-16:0, 2-16:1)",C40H78NO8P,0,ce,,,,,,Yeast-MetaTwin,s_3448,model,Extracted from Yeast-MetaTwin model; external IDs to be filled by mapping phase.
MODEL_CMPD:0001943,s_3449,H2O,H2O,0,ce,,,,,,Yeast-MetaTwin,s_3449,model,Extracted from Yeast-MetaTwin model; external IDs to be filled by mapping phase.
MODEL_CMPD:0001944,s_3450,1-acylglycerophosphocholine (16:0),C24H50NO7P,0,ce,,,,,,Yeast-MetaTwin,s_3450,model,Extracted from Yeast-MetaTwin model; external IDs to be filled by mapping phase.
MODEL_CMPD:0001945,s_3451,palmitoleate,C16H29O2,-1,ce,,,,,,Yeast-MetaTwin,s_3451,model,Extracted from Yeast-MetaTwin model; external IDs to be filled by mapping phase.
MODEL_CMPD:0001946,s_3452,"phosphatidylcholine (1-16:1, 2-16:1)",C40H76NO8P,0,ce,,,,,,Yeast-MetaTwin,s_3452,model,Extracted from Yeast-MetaTwin model; external IDs to be filled by mapping phase.
MODEL_CMPD:0001947,s_3453,1-acylglycerophosphocholine (16:1),C24H48NO7P,0,ce,,,,,,Yeast-MetaTwin,s_3453,model,Extracted from Yeast-MetaTwin model; external IDs to be filled by mapping phase.
MODEL_CMPD:0001948,s_3454,"phosphatidylcholine (1-18:0, 2-16:1)",C42H82NO8P,0,ce,,,,,,Yeast-MetaTwin,s_3454,model,Extracted from Yeast-MetaTwin model; external IDs to be filled by mapping phase.
MODEL_CMPD:0001949,s_3455,1-acylglycerophosphocholine (18:0),C26H54NO7P,0,ce,,,,,,Yeast-MetaTwin,s_3455,model,Extracted from Yeast-MetaTwin model; external IDs to be filled by mapping phase.
MODEL_CMPD:0001950,s_3456,"phosphatidylcholine (1-18:1, 2-16:1)",C42H80NO8P,0,ce,,,,,,Yeast-MetaTwin,s_3456,model,Extracted from Yeast-MetaTwin model; external IDs to be filled by mapping phase.
MODEL_CMPD:0001951,s_3457,1-acylglycerophosphocholine (18:1),C26H52NO7P,0,ce,,,,,,Yeast-MetaTwin,s_3457,model,Extracted from Yeast-MetaTwin model; external IDs to be filled by mapping phase.
MODEL_CMPD:0001952,s_3458,"phosphatidylcholine (1-16:0, 2-18:1)",C42H82NO8P,0,ce,,,,,,Yeast-MetaTwin,s_3458,model,Extracted from Yeast-MetaTwin model; external IDs to be filled by mapping phase.
MODEL_CMPD:0001953,s_3459,oleate,C18H33O2,-1,ce,,,,,,Yeast-MetaTwin,s_3459,model,Extracted from Yeast-MetaTwin model; external IDs to be filled by mapping phase.
MODEL_CMPD:0001954,s_3460,"phosphatidylcholine (1-16:1, 2-18:1)",C42H80NO8P,0,ce,,,,,,Yeast-MetaTwin,s_3460,model,Extracted from Yeast-MetaTwin model; external IDs to be filled by mapping phase.
MODEL_CMPD:0001955,s_3461,"phosphatidylcholine (1-18:0, 2-18:1)",C44H86NO8P,0,ce,,,,,,Yeast-MetaTwin,s_3461,model,Extracted from Yeast-MetaTwin model; external IDs to be filled by mapping phase.
MODEL_CMPD:0001956,s_3462,"phosphatidylcholine (1-18:1, 2-18:1)",C44H84NO8P,0,ce,,,,,,Yeast-MetaTwin,s_3462,model,Extracted from Yeast-MetaTwin model; external IDs to be filled by mapping phase.
MODEL_CMPD:0001957,s_3463,palmitate,C16H31O2,-1,ce,,,,,,Yeast-MetaTwin,s_3463,model,Extracted from Yeast-MetaTwin model; external IDs to be filled by mapping phase.
MODEL_CMPD:0001958,s_3464,stearate,C18H35O2,-1,ce,,,,,,Yeast-MetaTwin,s_3464,model,Extracted from Yeast-MetaTwin model; external IDs to be filled by mapping phase.
MODEL_CMPD:0001959,s_3465,"phosphatidylethanolamine (1-16:0, 2-16:1)",C37H72NO8P,0,ce,,,,,,Yeast-MetaTwin,s_3465,model,Extracted from Yeast-MetaTwin model; external IDs to be filled by mapping phase.
MODEL_CMPD:0001960,s_3466,1-acylglycerophosphoethanolamine (16:0),C21H44NO7P,0,ce,,,,,,Yeast-MetaTwin,s_3466,model,Extracted from Yeast-MetaTwin model; external IDs to be filled by mapping phase.
MODEL_CMPD:0001961,s_3467,"phosphatidylethanolamine (1-16:1, 2-16:1)",C37H70NO8P,0,ce,,,,,,Yeast-MetaTwin,s_3467,model,Extracted from Yeast-MetaTwin model; external IDs to be filled by mapping phase.
MODEL_CMPD:0001962,s_3468,1-acylglycerophosphoethanolamine (16:1),C21H42NO7P,0,ce,,,,,,Yeast-MetaTwin,s_3468,model,Extracted from Yeast-MetaTwin model; external IDs to be filled by mapping phase.
MODEL_CMPD:0001963,s_3469,"phosphatidylethanolamine (1-18:0, 2-16:1)",C39H76NO8P,0,ce,,,,,,Yeast-MetaTwin,s_3469,model,Extracted from Yeast-MetaTwin model; external IDs to be filled by mapping phase.
MODEL_CMPD:0001964,s_3470,1-acylglycerophosphoethanolamine (18:0),C23H48NO7P,0,ce,,,,,,Yeast-MetaTwin,s_3470,model,Extracted from Yeast-MetaTwin model; external IDs to be filled by mapping phase.
MODEL_CMPD:0001965,s_3471,"phosphatidylethanolamine (1-18:1, 2-16:1)",C39H74NO8P,0,ce,,,,,,Yeast-MetaTwin,s_3471,model,Extracted from Yeast-MetaTwin model; external IDs to be filled by mapping phase.
MODEL_CMPD:0001966,s_3472,1-acylglycerophosphoethanolamine (18:1),C23H46NO7P,0,ce,,,,,,Yeast-MetaTwin,s_3472,model,Extracted from Yeast-MetaTwin model; external IDs to be filled by mapping phase.
MODEL_CMPD:0001967,s_3473,"phosphatidylethanolamine (1-16:0, 2-18:1)",C39H76NO8P,0,ce,,,,,,Yeast-MetaTwin,s_3473,model,Extracted from Yeast-MetaTwin model; external IDs to be filled by mapping phase.
MODEL_CMPD:0001968,s_3474,"phosphatidylethanolamine (1-16:1, 2-18:1)",C39H74NO8P,0,ce,,,,,,Yeast-MetaTwin,s_3474,model,Extracted from Yeast-MetaTwin model; external IDs to be filled by mapping phase.
MODEL_CMPD:0001969,s_3475,"phosphatidylethanolamine (1-18:0, 2-18:1)",C41H80NO8P,0,ce,,,,,,Yeast-MetaTwin,s_3475,model,Extracted from Yeast-MetaTwin model; external IDs to be filled by mapping phase.
MODEL_CMPD:0001970,s_3476,"phosphatidylethanolamine (1-18:1, 2-18:1)",C41H78NO8P,0,ce,,,,,,Yeast-MetaTwin,s_3476,model,Extracted from Yeast-MetaTwin model; external IDs to be filled by mapping phase.
MODEL_CMPD:0001971,s_3477,sn-glycero-3-phosphoethanolamine,C5H14NO6P,0,ce,,,,,,Yeast-MetaTwin,s_3477,model,Extracted from Yeast-MetaTwin model; external IDs to be filled by mapping phase.
MODEL_CMPD:0001972,s_3478,"phosphatidyl-L-serine (1-16:0, 2-16:1)",C38H72NO10P,0,ce,,,,,,Yeast-MetaTwin,s_3478,model,Extracted from Yeast-MetaTwin model; external IDs to be filled by mapping phase.
MODEL_CMPD:0001973,s_3479,1-acylglycerophosphoserine (16:0),C22H44NO9P,0,ce,,,,,,Yeast-MetaTwin,s_3479,model,Extracted from Yeast-MetaTwin model; external IDs to be filled by mapping phase.
MODEL_CMPD:0001974,s_3480,"phosphatidyl-L-serine (1-16:1, 2-16:1)",C38H70NO10P,0,ce,,,,,,Yeast-MetaTwin,s_3480,model,Extracted from Yeast-MetaTwin model; external IDs to be filled by mapping phase.
MODEL_CMPD:0001975,s_3481,1-acylglycerophosphoserine (16:1),C22H42NO9P,0,ce,,,,,,Yeast-MetaTwin,s_3481,model,Extracted from Yeast-MetaTwin model; external IDs to be filled by mapping phase.
MODEL_CMPD:0001976,s_3482,"phosphatidyl-L-serine (1-18:0, 2-16:1)",C40H76NO10P,0,ce,,,,,,Yeast-MetaTwin,s_3482,model,Extracted from Yeast-MetaTwin model; external IDs to be filled by mapping phase.
MODEL_CMPD:0001977,s_3483,1-acylglycerophosphoserine (18:0),C24H48NO9P,0,ce,,,,,,Yeast-MetaTwin,s_3483,model,Extracted from Yeast-MetaTwin model; external IDs to be filled by mapping phase.
MODEL_CMPD:0001978,s_3484,"phosphatidyl-L-serine (1-18:1, 2-16:1)",C40H74NO10P,0,ce,,,,,,Yeast-MetaTwin,s_3484,model,Extracted from Yeast-MetaTwin model; external IDs to be filled by mapping phase.
MODEL_CMPD:0001979,s_3485,1-acylglycerophosphoserine (18:1),C24H46NO9P,0,ce,,,,,,Yeast-MetaTwin,s_3485,model,Extracted from Yeast-MetaTwin model; external IDs to be filled by mapping phase.
MODEL_CMPD:0001980,s_3486,"phosphatidyl-L-serine (1-16:0, 2-18:1)",C40H76NO10P,0,ce,,,,,,Yeast-MetaTwin,s_3486,model,Extracted from Yeast-MetaTwin model; external IDs to be filled by mapping phase.
MODEL_CMPD:0001981,s_3487,"phosphatidyl-L-serine (1-16:1, 2-18:1)",C40H74NO10P,0,ce,,,,,,Yeast-MetaTwin,s_3487,model,Extracted from Yeast-MetaTwin model; external IDs to be filled by mapping phase.
MODEL_CMPD:0001982,s_3488,"phosphatidyl-L-serine (1-18:0, 2-18:1)",C42H80NO10P,0,ce,,,,,,Yeast-MetaTwin,s_3488,model,Extracted from Yeast-MetaTwin model; external IDs to be filled by mapping phase.
MODEL_CMPD:0001983,s_3489,"phosphatidyl-L-serine (1-18:1, 2-18:1)",C42H78NO10P,0,ce,,,,,,Yeast-MetaTwin,s_3489,model,Extracted from Yeast-MetaTwin model; external IDs to be filled by mapping phase.
MODEL_CMPD:0001984,s_3490,sn-glycero-3-phosphoserine,C6H14NO8P,0,ce,,,,,,Yeast-MetaTwin,s_3490,model,Extracted from Yeast-MetaTwin model; external IDs to be filled by mapping phase.
MODEL_CMPD:0001985,s_3491,1-acylglycerophosphoinositol (16:0),C25H49O12P,0,ce,,,,,,Yeast-MetaTwin,s_3491,model,Extracted from Yeast-MetaTwin model; external IDs to be filled by mapping phase.
MODEL_CMPD:0001986,s_3492,1-acylglycerophosphoinositol (16:1),C25H47O12P,0,ce,,,,,,Yeast-MetaTwin,s_3492,model,Extracted from Yeast-MetaTwin model; external IDs to be filled by mapping phase.
MODEL_CMPD:0001987,s_3493,1-acylglycerophosphoinositol (18:0),C27H53O12P,0,ce,,,,,,Yeast-MetaTwin,s_3493,model,Extracted from Yeast-MetaTwin model; external IDs to be filled by mapping phase.
MODEL_CMPD:0001988,s_3494,1-acylglycerophosphoinositol (18:1),C27H51O12P,0,ce,,,,,,Yeast-MetaTwin,s_3494,model,Extracted from Yeast-MetaTwin model; external IDs to be filled by mapping phase.
MODEL_CMPD:0001989,s_3495,1-(sn-glycero-3-phospho)-1D-myo-inositol,C9H18O11P,-1,ce,,,,,,Yeast-MetaTwin,s_3495,model,Extracted from Yeast-MetaTwin model; external IDs to be filled by mapping phase.
MODEL_CMPD:0001990,s_3496,"1-phosphatidyl-1D-myo-inositol 4,5-bisphosphate (1-16:0, 2-16:1)",C41H79O19P3,0,c,,,,,,Yeast-MetaTwin,s_3496,model,Extracted from Yeast-MetaTwin model; external IDs to be filled by mapping phase.
MODEL_CMPD:0001991,s_3497,"diglyceride (1-16:0, 2-16:1)",C35H66O5,0,c,,,,,,Yeast-MetaTwin,s_3497,model,Extracted from Yeast-MetaTwin model; external IDs to be filled by mapping phase.
MODEL_CMPD:0001992,s_3498,"1D-myo-inositol 1,4,5-trisphosphate",C6H9O15P3,-6,c,,,,,,Yeast-MetaTwin,s_3498,model,Extracted from Yeast-MetaTwin model; external IDs to be filled by mapping phase.
MODEL_CMPD:0001993,s_3499,"1-phosphatidyl-1D-myo-inositol 4,5-bisphosphate (1-16:1, 2-16:1)",C41H77O19P3,0,c,,,,,,Yeast-MetaTwin,s_3499,model,Extracted from Yeast-MetaTwin model; external IDs to be filled by mapping phase.
MODEL_CMPD:0001994,s_3500,"diglyceride (1-16:1, 2-16:1)",C35H64O5,0,c,,,,,,Yeast-MetaTwin,s_3500,model,Extracted from Yeast-MetaTwin model; external IDs to be filled by mapping phase.
MODEL_CMPD:0001995,s_3501,"1-phosphatidyl-1D-myo-inositol 4,5-bisphosphate (1-18:0, 2-16:1)",C43H83O19P3,0,c,,,,,,Yeast-MetaTwin,s_3501,model,Extracted from Yeast-MetaTwin model; external IDs to be filled by mapping phase.
MODEL_CMPD:0001996,s_3502,"diglyceride (1-18:0, 2-16:1)",C37H70O5,0,c,,,,,,Yeast-MetaTwin,s_3502,model,Extracted from Yeast-MetaTwin model; external IDs to be filled by mapping phase.
MODEL_CMPD:0001997,s_3503,"1-phosphatidyl-1D-myo-inositol 4,5-bisphosphate (1-18:1, 2-16:1)",C43H81O19P3,0,c,,,,,,Yeast-MetaTwin,s_3503,model,Extracted from Yeast-MetaTwin model; external IDs to be filled by mapping phase.
MODEL_CMPD:0001998,s_3504,"diglyceride (1-18:1, 2-16:1)",C37H68O5,0,c,,,,,,Yeast-MetaTwin,s_3504,model,Extracted from Yeast-MetaTwin model; external IDs to be filled by mapping phase.
MODEL_CMPD:0001999,s_3505,"1-phosphatidyl-1D-myo-inositol 4,5-bisphosphate (1-16:0, 2-18:1)",C43H83O19P3,0,c,,,,,,Yeast-MetaTwin,s_3505,model,Extracted from Yeast-MetaTwin model; external IDs to be filled by mapping phase.
MODEL_CMPD:0002000,s_3506,"diglyceride (1-16:0, 2-18:1)",C37H70O5,0,c,,,,,,Yeast-MetaTwin,s_3506,model,Extracted from Yeast-MetaTwin model; external IDs to be filled by mapping phase.
MODEL_CMPD:0002001,s_3507,"1-phosphatidyl-1D-myo-inositol 4,5-bisphosphate (1-16:1, 2-18:1)",C43H81O19P3,0,c,,,,,,Yeast-MetaTwin,s_3507,model,Extracted from Yeast-MetaTwin model; external IDs to be filled by mapping phase.
MODEL_CMPD:0002002,s_3508,"diglyceride (1-16:1, 2-18:1)",C37H68O5,0,c,,,,,,Yeast-MetaTwin,s_3508,model,Extracted from Yeast-MetaTwin model; external IDs to be filled by mapping phase.
MODEL_CMPD:0002003,s_3509,"1-phosphatidyl-1D-myo-inositol 4,5-bisphosphate (1-18:0, 2-18:1)",C45H87O19P3,0,c,,,,,,Yeast-MetaTwin,s_3509,model,Extracted from Yeast-MetaTwin model; external IDs to be filled by mapping phase.
MODEL_CMPD:0002004,s_3510,"diglyceride (1-18:0, 2-18:1)",C39H74O5,0,c,,,,,,Yeast-MetaTwin,s_3510,model,Extracted from Yeast-MetaTwin model; external IDs to be filled by mapping phase.
MODEL_CMPD:0002005,s_3511,"1-phosphatidyl-1D-myo-inositol 4,5-bisphosphate (1-18:1, 2-18:1)",C45H85O19P3,0,c,,,,,,Yeast-MetaTwin,s_3511,model,Extracted from Yeast-MetaTwin model; external IDs to be filled by mapping phase.
MODEL_CMPD:0002006,s_3512,"diglyceride (1-18:1, 2-18:1)",C39H72O5,0,c,,,,,,Yeast-MetaTwin,s_3512,model,Extracted from Yeast-MetaTwin model; external IDs to be filled by mapping phase.
MODEL_CMPD:0002007,s_3513,"diglyceride (1-16:0, 2-16:1)",C35H66O5,0,n,,,,,,Yeast-MetaTwin,s_3513,model,Extracted from Yeast-MetaTwin model; external IDs to be filled by mapping phase.
MODEL_CMPD:0002008,s_3514,"diglyceride (1-16:1, 2-16:1)",C35H64O5,0,n,,,,,,Yeast-MetaTwin,s_3514,model,Extracted from Yeast-MetaTwin model; external IDs to be filled by mapping phase.
MODEL_CMPD:0002009,s_3515,"diglyceride (1-18:0, 2-16:1)",C37H70O5,0,n,,,,,,Yeast-MetaTwin,s_3515,model,Extracted from Yeast-MetaTwin model; external IDs to be filled by mapping phase.
MODEL_CMPD:0002010,s_3516,"diglyceride (1-18:1, 2-16:1)",C37H68O5,0,n,,,,,,Yeast-MetaTwin,s_3516,model,Extracted from Yeast-MetaTwin model; external IDs to be filled by mapping phase.
MODEL_CMPD:0002011,s_3517,"diglyceride (1-16:0, 2-18:1)",C37H70O5,0,n,,,,,,Yeast-MetaTwin,s_3517,model,Extracted from Yeast-MetaTwin model; external IDs to be filled by mapping phase.
MODEL_CMPD:0002012,s_3518,"diglyceride (1-16:1, 2-18:1)",C37H68O5,0,n,,,,,,Yeast-MetaTwin,s_3518,model,Extracted from Yeast-MetaTwin model; external IDs to be filled by mapping phase.
MODEL_CMPD:0002013,s_3519,"diglyceride (1-18:0, 2-18:1)",C39H74O5,0,n,,,,,,Yeast-MetaTwin,s_3519,model,Extracted from Yeast-MetaTwin model; external IDs to be filled by mapping phase.
MODEL_CMPD:0002014,s_3520,"diglyceride (1-18:1, 2-18:1)",C39H72O5,0,n,,,,,,Yeast-MetaTwin,s_3520,model,Extracted from Yeast-MetaTwin model; external IDs to be filled by mapping phase.
MODEL_CMPD:0002015,s_3521,"diglyceride (1-16:0, 2-16:1)",C35H66O5,0,mm,,,,,,Yeast-MetaTwin,s_3521,model,Extracted from Yeast-MetaTwin model; external IDs to be filled by mapping phase.
MODEL_CMPD:0002016,s_3522,"diglyceride (1-16:1, 2-16:1)",C35H64O5,0,mm,,,,,,Yeast-MetaTwin,s_3522,model,Extracted from Yeast-MetaTwin model; external IDs to be filled by mapping phase.
MODEL_CMPD:0002017,s_3523,"diglyceride (1-18:0, 2-16:1)",C37H70O5,0,mm,,,,,,Yeast-MetaTwin,s_3523,model,Extracted from Yeast-MetaTwin model; external IDs to be filled by mapping phase.
MODEL_CMPD:0002018,s_3524,"diglyceride (1-18:1, 2-16:1)",C37H68O5,0,mm,,,,,,Yeast-MetaTwin,s_3524,model,Extracted from Yeast-MetaTwin model; external IDs to be filled by mapping phase.
MODEL_CMPD:0002019,s_3525,"diglyceride (1-16:0, 2-18:1)",C37H70O5,0,mm,,,,,,Yeast-MetaTwin,s_3525,model,Extracted from Yeast-MetaTwin model; external IDs to be filled by mapping phase.
MODEL_CMPD:0002020,s_3526,"diglyceride (1-16:1, 2-18:1)",C37H68O5,0,mm,,,,,,Yeast-MetaTwin,s_3526,model,Extracted from Yeast-MetaTwin model; external IDs to be filled by mapping phase.
MODEL_CMPD:0002021,s_3527,"phosphatidate (1-16:0, 2-16:1)",C35H67O8P,0,ce,,,,,,Yeast-MetaTwin,s_3527,model,Extracted from Yeast-MetaTwin model; external IDs to be filled by mapping phase.
MODEL_CMPD:0002022,s_3528,"phosphatidate (1-16:1, 2-16:1)",C35H65O8P,0,ce,,,,,,Yeast-MetaTwin,s_3528,model,Extracted from Yeast-MetaTwin model; external IDs to be filled by mapping phase.
MODEL_CMPD:0002023,s_3529,"phosphatidate (1-18:0, 2-16:1)",C37H71O8P,0,ce,,,,,,Yeast-MetaTwin,s_3529,model,Extracted from Yeast-MetaTwin model; external IDs to be filled by mapping phase.
MODEL_CMPD:0002024,s_3530,"phosphatidate (1-18:1, 2-16:1)",C37H69O8P,0,ce,,,,,,Yeast-MetaTwin,s_3530,model,Extracted from Yeast-MetaTwin model; external IDs to be filled by mapping phase.
MODEL_CMPD:0002025,s_3531,"phosphatidate (1-16:0, 2-18:1)",C37H71O8P,0,ce,,,,,,Yeast-MetaTwin,s_3531,model,Extracted from Yeast-MetaTwin model; external IDs to be filled by mapping phase.
MODEL_CMPD:0002026,s_3532,"phosphatidate (1-16:1, 2-18:1)",C37H69O8P,0,ce,,,,,,Yeast-MetaTwin,s_3532,model,Extracted from Yeast-MetaTwin model; external IDs to be filled by mapping phase.
MODEL_CMPD:0002027,s_3533,"phosphatidate (1-18:0, 2-18:1)",C39H75O8P,0,ce,,,,,,Yeast-MetaTwin,s_3533,model,Extracted from Yeast-MetaTwin model; external IDs to be filled by mapping phase.
MODEL_CMPD:0002028,s_3534,"phosphatidate (1-18:1, 2-18:1)",C39H73O8P,0,ce,,,,,,Yeast-MetaTwin,s_3534,model,Extracted from Yeast-MetaTwin model; external IDs to be filled by mapping phase.
MODEL_CMPD:0002029,s_3535,"1-phosphatidyl-1D-myo-inositol 3-phosphate (1-16:0, 2-16:1)",C41H78O16P2,0,ce,,,,,,Yeast-MetaTwin,s_3535,model,Extracted from Yeast-MetaTwin model; external IDs to be filled by mapping phase.
MODEL_CMPD:0002030,s_3536,phosphate,HO4P,-2,ce,,,,,,Yeast-MetaTwin,s_3536,model,Extracted from Yeast-MetaTwin model; external IDs to be filled by mapping phase.
MODEL_CMPD:0002031,s_3537,"1-phosphatidyl-1D-myo-inositol 3-phosphate (1-16:1, 2-16:1)",C41H76O16P2,0,ce,,,,,,Yeast-MetaTwin,s_3537,model,Extracted from Yeast-MetaTwin model; external IDs to be filled by mapping phase.
MODEL_CMPD:0002032,s_3538,"1-phosphatidyl-1D-myo-inositol 3-phosphate (1-18:0, 2-16:1)",C43H82O16P2,0,ce,,,,,,Yeast-MetaTwin,s_3538,model,Extracted from Yeast-MetaTwin model; external IDs to be filled by mapping phase.
MODEL_CMPD:0002033,s_3539,"1-phosphatidyl-1D-myo-inositol 3-phosphate (1-18:1, 2-16:1)",C43H80O16P2,0,ce,,,,,,Yeast-MetaTwin,s_3539,model,Extracted from Yeast-MetaTwin model; external IDs to be filled by mapping phase.
MODEL_CMPD:0002034,s_3540,"1-phosphatidyl-1D-myo-inositol 3-phosphate (1-16:0, 2-18:1)",C43H82O16P2,0,ce,,,,,,Yeast-MetaTwin,s_3540,model,Extracted from Yeast-MetaTwin model; external IDs to be filled by mapping phase.
MODEL_CMPD:0002035,s_3541,"1-phosphatidyl-1D-myo-inositol 3-phosphate (1-16:1, 2-18:1)",C43H80O16P2,0,ce,,,,,,Yeast-MetaTwin,s_3541,model,Extracted from Yeast-MetaTwin model; external IDs to be filled by mapping phase.
MODEL_CMPD:0002036,s_3542,"1-phosphatidyl-1D-myo-inositol 3-phosphate (1-18:0, 2-18:1)",C45H86O16P2,0,ce,,,,,,Yeast-MetaTwin,s_3542,model,Extracted from Yeast-MetaTwin model; external IDs to be filled by mapping phase.
MODEL_CMPD:0002037,s_3543,"1-phosphatidyl-1D-myo-inositol 3-phosphate (1-18:1, 2-18:1)",C45H84O16P2,0,ce,,,,,,Yeast-MetaTwin,s_3543,model,Extracted from Yeast-MetaTwin model; external IDs to be filled by mapping phase.
MODEL_CMPD:0002038,s_3544,"1-phosphatidyl-1D-myo-inositol 3-phosphate (1-16:0, 2-16:1)",C41H78O16P2,0,c,,,,,,Yeast-MetaTwin,s_3544,model,Extracted from Yeast-MetaTwin model; external IDs to be filled by mapping phase.
MODEL_CMPD:0002039,s_3545,"1-phosphatidyl-1D-myo-inositol (1-16:0, 2-16:1)",C41H77O13P,0,c,,,,,,Yeast-MetaTwin,s_3545,model,Extracted from Yeast-MetaTwin model; external IDs to be filled by mapping phase.
MODEL_CMPD:0002040,s_3546,"1-phosphatidyl-1D-myo-inositol 3-phosphate (1-16:1, 2-16:1)",C41H76O16P2,0,c,,,,,,Yeast-MetaTwin,s_3546,model,Extracted from Yeast-MetaTwin model; external IDs to be filled by mapping phase.
MODEL_CMPD:0002041,s_3547,"1-phosphatidyl-1D-myo-inositol (1-16:1, 2-16:1)",C41H75O13P,0,c,,,,,,Yeast-MetaTwin,s_3547,model,Extracted from Yeast-MetaTwin model; external IDs to be filled by mapping phase.
MODEL_CMPD:0002042,s_3548,"1-phosphatidyl-1D-myo-inositol 3-phosphate (1-18:0, 2-16:1)",C43H82O16P2,0,c,,,,,,Yeast-MetaTwin,s_3548,model,Extracted from Yeast-MetaTwin model; external IDs to be filled by mapping phase.
MODEL_CMPD:0002043,s_3549,"1-phosphatidyl-1D-myo-inositol (1-18:0, 2-16:1)",C43H81O13P,0,c,,,,,,Yeast-MetaTwin,s_3549,model,Extracted from Yeast-MetaTwin model; external IDs to be filled by mapping phase.
MODEL_CMPD:0002044,s_3550,"1-phosphatidyl-1D-myo-inositol 3-phosphate (1-18:1, 2-16:1)",C43H80O16P2,0,c,,,,,,Yeast-MetaTwin,s_3550,model,Extracted from Yeast-MetaTwin model; external IDs to be filled by mapping phase.
MODEL_CMPD:0002045,s_3551,"1-phosphatidyl-1D-myo-inositol (1-18:1, 2-16:1)",C43H79O13P,0,c,,,,,,Yeast-MetaTwin,s_3551,model,Extracted from Yeast-MetaTwin model; external IDs to be filled by mapping phase.
MODEL_CMPD:0002046,s_3552,"1-phosphatidyl-1D-myo-inositol 3-phosphate (1-16:0, 2-18:1)",C43H82O16P2,0,c,,,,,,Yeast-MetaTwin,s_3552,model,Extracted from Yeast-MetaTwin model; external IDs to be filled by mapping phase.
MODEL_CMPD:0002047,s_3553,"1-phosphatidyl-1D-myo-inositol (1-16:0, 2-18:1)",C43H81O13P,0,c,,,,,,Yeast-MetaTwin,s_3553,model,Extracted from Yeast-MetaTwin model; external IDs to be filled by mapping phase.
MODEL_CMPD:0002048,s_3554,"1-phosphatidyl-1D-myo-inositol 3-phosphate (1-16:1, 2-18:1)",C43H80O16P2,0,c,,,,,,Yeast-MetaTwin,s_3554,model,Extracted from Yeast-MetaTwin model; external IDs to be filled by mapping phase.
MODEL_CMPD:0002049,s_3555,"1-phosphatidyl-1D-myo-inositol (1-16:1, 2-18:1)",C43H79O13P,0,c,,,,,,Yeast-MetaTwin,s_3555,model,Extracted from Yeast-MetaTwin model; external IDs to be filled by mapping phase.
MODEL_CMPD:0002050,s_3556,"1-phosphatidyl-1D-myo-inositol 3-phosphate (1-18:0, 2-18:1)",C45H86O16P2,0,c,,,,,,Yeast-MetaTwin,s_3556,model,Extracted from Yeast-MetaTwin model; external IDs to be filled by mapping phase.
MODEL_CMPD:0002051,s_3557,"1-phosphatidyl-1D-myo-inositol (1-18:0, 2-18:1)",C45H85O13P,0,c,,,,,,Yeast-MetaTwin,s_3557,model,Extracted from Yeast-MetaTwin model; external IDs to be filled by mapping phase.
MODEL_CMPD:0002052,s_3558,"1-phosphatidyl-1D-myo-inositol 3-phosphate (1-18:1, 2-18:1)",C45H84O16P2,0,c,,,,,,Yeast-MetaTwin,s_3558,model,Extracted from Yeast-MetaTwin model; external IDs to be filled by mapping phase.
MODEL_CMPD:0002053,s_3559,"1-phosphatidyl-1D-myo-inositol (1-18:1, 2-18:1)",C45H83O13P,0,c,,,,,,Yeast-MetaTwin,s_3559,model,Extracted from Yeast-MetaTwin model; external IDs to be filled by mapping phase.
MODEL_CMPD:0002054,s_3560,"1-phosphatidyl-1D-myo-inositol 3-phosphate (1-16:0, 2-16:1)",C41H78O16P2,0,erm,,,,,,Yeast-MetaTwin,s_3560,model,Extracted from Yeast-MetaTwin model; external IDs to be filled by mapping phase.
MODEL_CMPD:0002055,s_3561,"1-phosphatidyl-1D-myo-inositol 3-phosphate (1-16:1, 2-16:1)",C41H76O16P2,0,erm,,,,,,Yeast-MetaTwin,s_3561,model,Extracted from Yeast-MetaTwin model; external IDs to be filled by mapping phase.
MODEL_CMPD:0002056,s_3562,"1-phosphatidyl-1D-myo-inositol 3-phosphate (1-18:0, 2-16:1)",C43H82O16P2,0,erm,,,,,,Yeast-MetaTwin,s_3562,model,Extracted from Yeast-MetaTwin model; external IDs to be filled by mapping phase.
MODEL_CMPD:0002057,s_3563,"1-phosphatidyl-1D-myo-inositol 3-phosphate (1-18:1, 2-16:1)",C43H80O16P2,0,erm,,,,,,Yeast-MetaTwin,s_3563,model,Extracted from Yeast-MetaTwin model; external IDs to be filled by mapping phase.
MODEL_CMPD:0002058,s_3564,"1-phosphatidyl-1D-myo-inositol 3-phosphate (1-16:0, 2-18:1)",C43H82O16P2,0,erm,,,,,,Yeast-MetaTwin,s_3564,model,Extracted from Yeast-MetaTwin model; external IDs to be filled by mapping phase.
MODEL_CMPD:0002059,s_3565,"1-phosphatidyl-1D-myo-inositol 3-phosphate (1-16:1, 2-18:1)",C43H80O16P2,0,erm,,,,,,Yeast-MetaTwin,s_3565,model,Extracted from Yeast-MetaTwin model; external IDs to be filled by mapping phase.
MODEL_CMPD:0002060,s_3566,"1-phosphatidyl-1D-myo-inositol 3-phosphate (1-18:0, 2-18:1)",C45H86O16P2,0,erm,,,,,,Yeast-MetaTwin,s_3566,model,Extracted from Yeast-MetaTwin model; external IDs to be filled by mapping phase.
MODEL_CMPD:0002061,s_3567,"1-phosphatidyl-1D-myo-inositol 3-phosphate (1-18:1, 2-18:1)",C45H84O16P2,0,erm,,,,,,Yeast-MetaTwin,s_3567,model,Extracted from Yeast-MetaTwin model; external IDs to be filled by mapping phase.
MODEL_CMPD:0002062,s_3568,"1-phosphatidyl-1D-myo-inositol 3-phosphate (1-16:0, 2-16:1)",C41H78O16P2,0,gm,,,,,,Yeast-MetaTwin,s_3568,model,Extracted from Yeast-MetaTwin model; external IDs to be filled by mapping phase.
MODEL_CMPD:0002063,s_3569,"1-phosphatidyl-1D-myo-inositol 3-phosphate (1-16:1, 2-16:1)",C41H76O16P2,0,gm,,,,,,Yeast-MetaTwin,s_3569,model,Extracted from Yeast-MetaTwin model; external IDs to be filled by mapping phase.
MODEL_CMPD:0002064,s_3570,"1-phosphatidyl-1D-myo-inositol 3-phosphate (1-18:0, 2-16:1)",C43H82O16P2,0,gm,,,,,,Yeast-MetaTwin,s_3570,model,Extracted from Yeast-MetaTwin model; external IDs to be filled by mapping phase.
MODEL_CMPD:0002065,s_3571,"1-phosphatidyl-1D-myo-inositol 3-phosphate (1-18:1, 2-16:1)",C43H80O16P2,0,gm,,,,,,Yeast-MetaTwin,s_3571,model,Extracted from Yeast-MetaTwin model; external IDs to be filled by mapping phase.
MODEL_CMPD:0002066,s_3572,"1-phosphatidyl-1D-myo-inositol 3-phosphate (1-16:0, 2-18:1)",C43H82O16P2,0,gm,,,,,,Yeast-MetaTwin,s_3572,model,Extracted from Yeast-MetaTwin model; external IDs to be filled by mapping phase.
MODEL_CMPD:0002067,s_3573,"1-phosphatidyl-1D-myo-inositol 3-phosphate (1-16:1, 2-18:1)",C43H80O16P2,0,gm,,,,,,Yeast-MetaTwin,s_3573,model,Extracted from Yeast-MetaTwin model; external IDs to be filled by mapping phase.
MODEL_CMPD:0002068,s_3574,"1-phosphatidyl-1D-myo-inositol 3-phosphate (1-18:0, 2-18:1)",C45H86O16P2,0,gm,,,,,,Yeast-MetaTwin,s_3574,model,Extracted from Yeast-MetaTwin model; external IDs to be filled by mapping phase.
MODEL_CMPD:0002069,s_3575,"1-phosphatidyl-1D-myo-inositol 3-phosphate (1-18:1, 2-18:1)",C45H84O16P2,0,gm,,,,,,Yeast-MetaTwin,s_3575,model,Extracted from Yeast-MetaTwin model; external IDs to be filled by mapping phase.
MODEL_CMPD:0002070,s_3576,"1-phosphatidyl-1D-myo-inositol 4-phosphate (1-16:0, 2-16:1)",C41H78O16P2,0,c,,,,,,Yeast-MetaTwin,s_3576,model,Extracted from Yeast-MetaTwin model; external IDs to be filled by mapping phase.
MODEL_CMPD:0002071,s_3577,"1-phosphatidyl-1D-myo-inositol 4-phosphate (1-16:1, 2-16:1)",C41H76O16P2,0,c,,,,,,Yeast-MetaTwin,s_3577,model,Extracted from Yeast-MetaTwin model; external IDs to be filled by mapping phase.
MODEL_CMPD:0002072,s_3578,"1-phosphatidyl-1D-myo-inositol 4-phosphate (1-18:0, 2-16:1)",C43H82O16P2,0,c,,,,,,Yeast-MetaTwin,s_3578,model,Extracted from Yeast-MetaTwin model; external IDs to be filled by mapping phase.
MODEL_CMPD:0002073,s_3579,"1-phosphatidyl-1D-myo-inositol 4-phosphate (1-18:1, 2-16:1)",C43H80O16P2,0,c,,,,,,Yeast-MetaTwin,s_3579,model,Extracted from Yeast-MetaTwin model; external IDs to be filled by mapping phase.
MODEL_CMPD:0002074,s_3580,"1-phosphatidyl-1D-myo-inositol 4-phosphate (1-16:0, 2-18:1)",C43H82O16P2,0,c,,,,,,Yeast-MetaTwin,s_3580,model,Extracted from Yeast-MetaTwin model; external IDs to be filled by mapping phase.
MODEL_CMPD:0002075,s_3581,"1-phosphatidyl-1D-myo-inositol 4-phosphate (1-16:1, 2-18:1)",C43H80O16P2,0,c,,,,,,Yeast-MetaTwin,s_3581,model,Extracted from Yeast-MetaTwin model; external IDs to be filled by mapping phase.
MODEL_CMPD:0002076,s_3582,"1-phosphatidyl-1D-myo-inositol 4-phosphate (1-18:0, 2-18:1)",C45H86O16P2,0,c,,,,,,Yeast-MetaTwin,s_3582,model,Extracted from Yeast-MetaTwin model; external IDs to be filled by mapping phase.
MODEL_CMPD:0002077,s_3583,"1-phosphatidyl-1D-myo-inositol 4-phosphate (1-18:1, 2-18:1)",C45H84O16P2,0,c,,,,,,Yeast-MetaTwin,s_3583,model,Extracted from Yeast-MetaTwin model; external IDs to be filled by mapping phase.
MODEL_CMPD:0002078,s_3584,"1-phosphatidyl-1D-myo-inositol 4-phosphate (1-16:0, 2-16:1)",C41H78O16P2,0,erm,,,,,,Yeast-MetaTwin,s_3584,model,Extracted from Yeast-MetaTwin model; external IDs to be filled by mapping phase.
MODEL_CMPD:0002079,s_3585,"1-phosphatidyl-1D-myo-inositol 4-phosphate (1-16:1, 2-16:1)",C41H76O16P2,0,erm,,,,,,Yeast-MetaTwin,s_3585,model,Extracted from Yeast-MetaTwin model; external IDs to be filled by mapping phase.
MODEL_CMPD:0002080,s_3586,"1-phosphatidyl-1D-myo-inositol 4-phosphate (1-18:0, 2-16:1)",C43H82O16P2,0,erm,,,,,,Yeast-MetaTwin,s_3586,model,Extracted from Yeast-MetaTwin model; external IDs to be filled by mapping phase.
MODEL_CMPD:0002081,s_3587,"1-phosphatidyl-1D-myo-inositol 4-phosphate (1-18:1, 2-16:1)",C43H80O16P2,0,erm,,,,,,Yeast-MetaTwin,s_3587,model,Extracted from Yeast-MetaTwin model; external IDs to be filled by mapping phase.
MODEL_CMPD:0002082,s_3588,"1-phosphatidyl-1D-myo-inositol 4-phosphate (1-16:0, 2-18:1)",C43H82O16P2,0,erm,,,,,,Yeast-MetaTwin,s_3588,model,Extracted from Yeast-MetaTwin model; external IDs to be filled by mapping phase.
MODEL_CMPD:0002083,s_3589,"1-phosphatidyl-1D-myo-inositol 4-phosphate (1-16:1, 2-18:1)",C43H80O16P2,0,erm,,,,,,Yeast-MetaTwin,s_3589,model,Extracted from Yeast-MetaTwin model; external IDs to be filled by mapping phase.
MODEL_CMPD:0002084,s_3590,"1-phosphatidyl-1D-myo-inositol 4-phosphate (1-18:0, 2-18:1)",C45H86O16P2,0,erm,,,,,,Yeast-MetaTwin,s_3590,model,Extracted from Yeast-MetaTwin model; external IDs to be filled by mapping phase.
MODEL_CMPD:0002085,s_3591,"1-phosphatidyl-1D-myo-inositol 4-phosphate (1-18:1, 2-18:1)",C45H84O16P2,0,erm,,,,,,Yeast-MetaTwin,s_3591,model,Extracted from Yeast-MetaTwin model; external IDs to be filled by mapping phase.
MODEL_CMPD:0002086,s_3592,"1-phosphatidyl-1D-myo-inositol 3,5-bisphosphate (1-16:0, 2-16:1)",C41H79O19P3,0,ce,,,,,,Yeast-MetaTwin,s_3592,model,Extracted from Yeast-MetaTwin model; external IDs to be filled by mapping phase.
MODEL_CMPD:0002087,s_3593,"1-phosphatidyl-1D-myo-inositol 3,5-bisphosphate (1-16:1, 2-16:1)",C41H77O19P3,0,ce,,,,,,Yeast-MetaTwin,s_3593,model,Extracted from Yeast-MetaTwin model; external IDs to be filled by mapping phase.
MODEL_CMPD:0002088,s_3594,"1-phosphatidyl-1D-myo-inositol 3,5-bisphosphate (1-18:0, 2-16:1)",C43H83O19P3,0,ce,,,,,,Yeast-MetaTwin,s_3594,model,Extracted from Yeast-MetaTwin model; external IDs to be filled by mapping phase.
MODEL_CMPD:0002089,s_3595,"1-phosphatidyl-1D-myo-inositol 3,5-bisphosphate (1-18:1, 2-16:1)",C43H81O19P3,0,ce,,,,,,Yeast-MetaTwin,s_3595,model,Extracted from Yeast-MetaTwin model; external IDs to be filled by mapping phase.
MODEL_CMPD:0002090,s_3596,"1-phosphatidyl-1D-myo-inositol 3,5-bisphosphate (1-16:0, 2-18:1)",C43H83O19P3,0,ce,,,,,,Yeast-MetaTwin,s_3596,model,Extracted from Yeast-MetaTwin model; external IDs to be filled by mapping phase.
MODEL_CMPD:0002091,s_3597,"1-phosphatidyl-1D-myo-inositol 3,5-bisphosphate (1-16:1, 2-18:1)",C43H81O19P3,0,ce,,,,,,Yeast-MetaTwin,s_3597,model,Extracted from Yeast-MetaTwin model; external IDs to be filled by mapping phase.
MODEL_CMPD:0002092,s_3598,"1-phosphatidyl-1D-myo-inositol 3,5-bisphosphate (1-18:0, 2-18:1)",C45H87O19P3,0,ce,,,,,,Yeast-MetaTwin,s_3598,model,Extracted from Yeast-MetaTwin model; external IDs to be filled by mapping phase.
MODEL_CMPD:0002093,s_3599,"1-phosphatidyl-1D-myo-inositol 3,5-bisphosphate (1-18:1, 2-18:1)",C45H85O19P3,0,ce,,,,,,Yeast-MetaTwin,s_3599,model,Extracted from Yeast-MetaTwin model; external IDs to be filled by mapping phase.
MODEL_CMPD:0002094,s_3600,"1-phosphatidyl-1D-myo-inositol 3,5-bisphosphate (1-16:0, 2-16:1)",C41H79O19P3,0,c,,,,,,Yeast-MetaTwin,s_3600,model,Extracted from Yeast-MetaTwin model; external IDs to be filled by mapping phase.
MODEL_CMPD:0002095,s_3601,"1-phosphatidyl-1D-myo-inositol 3,5-bisphosphate (1-16:1, 2-16:1)",C41H77O19P3,0,c,,,,,,Yeast-MetaTwin,s_3601,model,Extracted from Yeast-MetaTwin model; external IDs to be filled by mapping phase.
MODEL_CMPD:0002096,s_3602,"1-phosphatidyl-1D-myo-inositol 3,5-bisphosphate (1-18:0, 2-16:1)",C43H83O19P3,0,c,,,,,,Yeast-MetaTwin,s_3602,model,Extracted from Yeast-MetaTwin model; external IDs to be filled by mapping phase.
MODEL_CMPD:0002097,s_3603,"1-phosphatidyl-1D-myo-inositol 3,5-bisphosphate (1-18:1, 2-16:1)",C43H81O19P3,0,c,,,,,,Yeast-MetaTwin,s_3603,model,Extracted from Yeast-MetaTwin model; external IDs to be filled by mapping phase.
MODEL_CMPD:0002098,s_3604,"1-phosphatidyl-1D-myo-inositol 3,5-bisphosphate (1-16:0, 2-18:1)",C43H83O19P3,0,c,,,,,,Yeast-MetaTwin,s_3604,model,Extracted from Yeast-MetaTwin model; external IDs to be filled by mapping phase.
MODEL_CMPD:0002099,s_3605,"1-phosphatidyl-1D-myo-inositol 3,5-bisphosphate (1-16:1, 2-18:1)",C43H81O19P3,0,c,,,,,,Yeast-MetaTwin,s_3605,model,Extracted from Yeast-MetaTwin model; external IDs to be filled by mapping phase.
MODEL_CMPD:0002100,s_3606,"1-phosphatidyl-1D-myo-inositol 3,5-bisphosphate (1-18:0, 2-18:1)",C45H87O19P3,0,c,,,,,,Yeast-MetaTwin,s_3606,model,Extracted from Yeast-MetaTwin model; external IDs to be filled by mapping phase.
MODEL_CMPD:0002101,s_3607,"1-phosphatidyl-1D-myo-inositol 3,5-bisphosphate (1-18:1, 2-18:1)",C45H85O19P3,0,c,,,,,,Yeast-MetaTwin,s_3607,model,Extracted from Yeast-MetaTwin model; external IDs to be filled by mapping phase.
MODEL_CMPD:0002102,s_3608,"1-phosphatidyl-1D-myo-inositol 4,5-bisphosphate (1-16:0, 2-16:1)",C41H79O19P3,0,erm,,,,,,Yeast-MetaTwin,s_3608,model,Extracted from Yeast-MetaTwin model; external IDs to be filled by mapping phase.
MODEL_CMPD:0002103,s_3609,"1-phosphatidyl-1D-myo-inositol 4,5-bisphosphate (1-16:1, 2-16:1)",C41H77O19P3,0,erm,,,,,,Yeast-MetaTwin,s_3609,model,Extracted from Yeast-MetaTwin model; external IDs to be filled by mapping phase.
MODEL_CMPD:0002104,s_3610,"1-phosphatidyl-1D-myo-inositol 4,5-bisphosphate (1-18:0, 2-16:1)",C43H83O19P3,0,erm,,,,,,Yeast-MetaTwin,s_3610,model,Extracted from Yeast-MetaTwin model; external IDs to be filled by mapping phase.
MODEL_CMPD:0002105,s_3611,"1-phosphatidyl-1D-myo-inositol 4,5-bisphosphate (1-18:1, 2-16:1)",C43H81O19P3,0,erm,,,,,,Yeast-MetaTwin,s_3611,model,Extracted from Yeast-MetaTwin model; external IDs to be filled by mapping phase.
MODEL_CMPD:0002106,s_3612,"1-phosphatidyl-1D-myo-inositol 4,5-bisphosphate (1-16:0, 2-18:1)",C43H83O19P3,0,erm,,,,,,Yeast-MetaTwin,s_3612,model,Extracted from Yeast-MetaTwin model; external IDs to be filled by mapping phase.
MODEL_CMPD:0002107,s_3613,"1-phosphatidyl-1D-myo-inositol 4,5-bisphosphate (1-16:1, 2-18:1)",C43H81O19P3,0,erm,,,,,,Yeast-MetaTwin,s_3613,model,Extracted from Yeast-MetaTwin model; external IDs to be filled by mapping phase.
MODEL_CMPD:0002108,s_3614,"1-phosphatidyl-1D-myo-inositol 4,5-bisphosphate (1-18:0, 2-18:1)",C45H87O19P3,0,erm,,,,,,Yeast-MetaTwin,s_3614,model,Extracted from Yeast-MetaTwin model; external IDs to be filled by mapping phase.
MODEL_CMPD:0002109,s_3615,"1-phosphatidyl-1D-myo-inositol 4,5-bisphosphate (1-18:1, 2-18:1)",C45H85O19P3,0,erm,,,,,,Yeast-MetaTwin,s_3615,model,Extracted from Yeast-MetaTwin model; external IDs to be filled by mapping phase.
MODEL_CMPD:0002110,s_3616,"1,2-diacylglycerol 3-diphosphate (1-16:0, 2-16:1)",C35H68O11P2,0,vm,,,,,,Yeast-MetaTwin,s_3616,model,Extracted from Yeast-MetaTwin model; external IDs to be filled by mapping phase.
MODEL_CMPD:0002111,s_3617,"1,2-diacylglycerol 3-diphosphate (1-16:1, 2-16:1)",C35H66O11P2,0,vm,,,,,,Yeast-MetaTwin,s_3617,model,Extracted from Yeast-MetaTwin model; external IDs to be filled by mapping phase.
MODEL_CMPD:0002112,s_3618,"1,2-diacylglycerol 3-diphosphate (1-18:0, 2-16:1)",C37H72O11P2,0,vm,,,,,,Yeast-MetaTwin,s_3618,model,Extracted from Yeast-MetaTwin model; external IDs to be filled by mapping phase.
MODEL_CMPD:0002113,s_3619,"1,2-diacylglycerol 3-diphosphate (1-18:1, 2-16:1)",C37H70O11P2,0,vm,,,,,,Yeast-MetaTwin,s_3619,model,Extracted from Yeast-MetaTwin model; external IDs to be filled by mapping phase.
MODEL_CMPD:0002114,s_3620,"1,2-diacylglycerol 3-diphosphate (1-16:0, 2-18:1)",C37H72O11P2,0,vm,,,,,,Yeast-MetaTwin,s_3620,model,Extracted from Yeast-MetaTwin model; external IDs to be filled by mapping phase.
MODEL_CMPD:0002115,s_3621,"1,2-diacylglycerol 3-diphosphate (1-16:1, 2-18:1)",C37H70O11P2,0,vm,,,,,,Yeast-MetaTwin,s_3621,model,Extracted from Yeast-MetaTwin model; external IDs to be filled by mapping phase.
MODEL_CMPD:0002116,s_3622,"1,2-diacylglycerol 3-diphosphate (1-18:0, 2-18:1)",C39H76O11P2,0,vm,,,,,,Yeast-MetaTwin,s_3622,model,Extracted from Yeast-MetaTwin model; external IDs to be filled by mapping phase.
MODEL_CMPD:0002117,s_3623,"1,2-diacylglycerol 3-diphosphate (1-18:1, 2-18:1)",C39H74O11P2,0,vm,,,,,,Yeast-MetaTwin,s_3623,model,Extracted from Yeast-MetaTwin model; external IDs to be filled by mapping phase.
MODEL_CMPD:0002118,s_3624,"1,2-diacylglycerol 3-diphosphate (1-16:0, 2-16:1)",C35H68O11P2,0,gm,,,,,,Yeast-MetaTwin,s_3624,model,Extracted from Yeast-MetaTwin model; external IDs to be filled by mapping phase.
MODEL_CMPD:0002119,s_3625,"1,2-diacylglycerol 3-diphosphate (1-16:1, 2-16:1)",C35H66O11P2,0,gm,,,,,,Yeast-MetaTwin,s_3625,model,Extracted from Yeast-MetaTwin model; external IDs to be filled by mapping phase.
MODEL_CMPD:0002120,s_3626,"1,2-diacylglycerol 3-diphosphate (1-18:0, 2-16:1)",C37H72O11P2,0,gm,,,,,,Yeast-MetaTwin,s_3626,model,Extracted from Yeast-MetaTwin model; external IDs to be filled by mapping phase.
MODEL_CMPD:0002121,s_3627,"1,2-diacylglycerol 3-diphosphate (1-18:1, 2-16:1)",C37H70O11P2,0,gm,,,,,,Yeast-MetaTwin,s_3627,model,Extracted from Yeast-MetaTwin model; external IDs to be filled by mapping phase.
MODEL_CMPD:0002122,s_3628,"1,2-diacylglycerol 3-diphosphate (1-16:0, 2-18:1)",C37H72O11P2,0,gm,,,,,,Yeast-MetaTwin,s_3628,model,Extracted from Yeast-MetaTwin model; external IDs to be filled by mapping phase.
MODEL_CMPD:0002123,s_3629,"1,2-diacylglycerol 3-diphosphate (1-16:1, 2-18:1)",C37H70O11P2,0,gm,,,,,,Yeast-MetaTwin,s_3629,model,Extracted from Yeast-MetaTwin model; external IDs to be filled by mapping phase.
MODEL_CMPD:0002124,s_3630,"1,2-diacylglycerol 3-diphosphate (1-18:0, 2-18:1)",C39H76O11P2,0,gm,,,,,,Yeast-MetaTwin,s_3630,model,Extracted from Yeast-MetaTwin model; external IDs to be filled by mapping phase.
MODEL_CMPD:0002125,s_3631,"1,2-diacylglycerol 3-diphosphate (1-18:1, 2-18:1)",C39H74O11P2,0,gm,,,,,,Yeast-MetaTwin,s_3631,model,Extracted from Yeast-MetaTwin model; external IDs to be filled by mapping phase.
MODEL_CMPD:0002126,s_3632,1-acyl-sn-glycerol 3-phosphate (16:0),C19H39O7P,0,c,,,,,,Yeast-MetaTwin,s_3632,model,Extracted from Yeast-MetaTwin model; external IDs to be filled by mapping phase.
MODEL_CMPD:0002127,s_3633,1-monoglyceride (16:0),C19H38O4,0,c,,,,,,Yeast-MetaTwin,s_3633,model,Extracted from Yeast-MetaTwin model; external IDs to be filled by mapping phase.
MODEL_CMPD:0002128,s_3634,1-acyl-sn-glycerol 3-phosphate (16:1),C19H37O7P,0,c,,,,,,Yeast-MetaTwin,s_3634,model,Extracted from Yeast-MetaTwin model; external IDs to be filled by mapping phase.
MODEL_CMPD:0002129,s_3635,1-monoglyceride (16:1),C19H36O4,0,c,,,,,,Yeast-MetaTwin,s_3635,model,Extracted from Yeast-MetaTwin model; external IDs to be filled by mapping phase.
MODEL_CMPD:0002130,s_3636,1-acyl-sn-glycerol 3-phosphate (18:0),C21H43O7P,0,c,,,,,,Yeast-MetaTwin,s_3636,model,Extracted from Yeast-MetaTwin model; external IDs to be filled by mapping phase.
MODEL_CMPD:0002131,s_3637,1-monoglyceride (18:0),C21H42O4,0,c,,,,,,Yeast-MetaTwin,s_3637,model,Extracted from Yeast-MetaTwin model; external IDs to be filled by mapping phase.
MODEL_CMPD:0002132,s_3638,1-acyl-sn-glycerol 3-phosphate (18:1),C21H41O7P,0,c,,,,,,Yeast-MetaTwin,s_3638,model,Extracted from Yeast-MetaTwin model; external IDs to be filled by mapping phase.
MODEL_CMPD:0002133,s_3639,1-monoglyceride (18:1),C21H40O4,0,c,,,,,,Yeast-MetaTwin,s_3639,model,Extracted from Yeast-MetaTwin model; external IDs to be filled by mapping phase.
MODEL_CMPD:0002134,s_3640,1-acyl-sn-glycerol 3-phosphate (16:0),C19H39O7P,0,vm,,,,,,Yeast-MetaTwin,s_3640,model,Extracted from Yeast-MetaTwin model; external IDs to be filled by mapping phase.
MODEL_CMPD:0002135,s_3641,1-monoglyceride (16:0),C19H38O4,0,vm,,,,,,Yeast-MetaTwin,s_3641,model,Extracted from Yeast-MetaTwin model; external IDs to be filled by mapping phase.
MODEL_CMPD:0002136,s_3642,1-acyl-sn-glycerol 3-phosphate (16:1),C19H37O7P,0,vm,,,,,,Yeast-MetaTwin,s_3642,model,Extracted from Yeast-MetaTwin model; external IDs to be filled by mapping phase.
MODEL_CMPD:0002137,s_3643,1-monoglyceride (16:1),C19H36O4,0,vm,,,,,,Yeast-MetaTwin,s_3643,model,Extracted from Yeast-MetaTwin model; external IDs to be filled by mapping phase.
MODEL_CMPD:0002138,s_3644,1-acyl-sn-glycerol 3-phosphate (18:0),C21H43O7P,0,vm,,,,,,Yeast-MetaTwin,s_3644,model,Extracted from Yeast-MetaTwin model; external IDs to be filled by mapping phase.
MODEL_CMPD:0002139,s_3645,1-monoglyceride (18:0),C21H42O4,0,vm,,,,,,Yeast-MetaTwin,s_3645,model,Extracted from Yeast-MetaTwin model; external IDs to be filled by mapping phase.
MODEL_CMPD:0002140,s_3646,1-acyl-sn-glycerol 3-phosphate (18:1),C21H41O7P,0,vm,,,,,,Yeast-MetaTwin,s_3646,model,Extracted from Yeast-MetaTwin model; external IDs to be filled by mapping phase.
MODEL_CMPD:0002141,s_3647,1-monoglyceride (18:1),C21H40O4,0,vm,,,,,,Yeast-MetaTwin,s_3647,model,Extracted from Yeast-MetaTwin model; external IDs to be filled by mapping phase.
MODEL_CMPD:0002142,s_3648,1-acyl-sn-glycerol 3-phosphate (16:0),C19H39O7P,0,gm,,,,,,Yeast-MetaTwin,s_3648,model,Extracted from Yeast-MetaTwin model; external IDs to be filled by mapping phase.
MODEL_CMPD:0002143,s_3649,1-monoglyceride (16:0),C19H38O4,0,gm,,,,,,Yeast-MetaTwin,s_3649,model,Extracted from Yeast-MetaTwin model; external IDs to be filled by mapping phase.
MODEL_CMPD:0002144,s_3650,1-acyl-sn-glycerol 3-phosphate (16:1),C19H37O7P,0,gm,,,,,,Yeast-MetaTwin,s_3650,model,Extracted from Yeast-MetaTwin model; external IDs to be filled by mapping phase.
MODEL_CMPD:0002145,s_3651,1-monoglyceride (16:1),C19H36O4,0,gm,,,,,,Yeast-MetaTwin,s_3651,model,Extracted from Yeast-MetaTwin model; external IDs to be filled by mapping phase.
MODEL_CMPD:0002146,s_3652,1-acyl-sn-glycerol 3-phosphate (18:0),C21H43O7P,0,gm,,,,,,Yeast-MetaTwin,s_3652,model,Extracted from Yeast-MetaTwin model; external IDs to be filled by mapping phase.
MODEL_CMPD:0002147,s_3653,1-monoglyceride (18:0),C21H42O4,0,gm,,,,,,Yeast-MetaTwin,s_3653,model,Extracted from Yeast-MetaTwin model; external IDs to be filled by mapping phase.
MODEL_CMPD:0002148,s_3654,1-acyl-sn-glycerol 3-phosphate (18:1),C21H41O7P,0,gm,,,,,,Yeast-MetaTwin,s_3654,model,Extracted from Yeast-MetaTwin model; external IDs to be filled by mapping phase.
MODEL_CMPD:0002149,s_3655,1-monoglyceride (18:1),C21H40O4,0,gm,,,,,,Yeast-MetaTwin,s_3655,model,Extracted from Yeast-MetaTwin model; external IDs to be filled by mapping phase.
MODEL_CMPD:0002150,s_3656,ergosteryl palmitoleate,C44H72O2,0,lp,,,,,,Yeast-MetaTwin,s_3656,model,Extracted from Yeast-MetaTwin model; external IDs to be filled by mapping phase.
MODEL_CMPD:0002151,s_3657,H2O,H2O,0,lp,,,,,,Yeast-MetaTwin,s_3657,model,Extracted from Yeast-MetaTwin model; external IDs to be filled by mapping phase.
MODEL_CMPD:0002152,s_3658,ergosteryl oleate,C46H76O2,0,lp,,,,,,Yeast-MetaTwin,s_3658,model,Extracted from Yeast-MetaTwin model; external IDs to be filled by mapping phase.
MODEL_CMPD:0002153,s_3659,episteryl palmitoleate,C44H74O2,0,lp,,,,,,Yeast-MetaTwin,s_3659,model,Extracted from Yeast-MetaTwin model; external IDs to be filled by mapping phase.
MODEL_CMPD:0002154,s_3660,episterol,C28H46O,0,lp,,,,,,Yeast-MetaTwin,s_3660,model,Extracted from Yeast-MetaTwin model; external IDs to be filled by mapping phase.
MODEL_CMPD:0002155,s_3661,episteryl oleate,C46H78O2,0,lp,,,,,,Yeast-MetaTwin,s_3661,model,Extracted from Yeast-MetaTwin model; external IDs to be filled by mapping phase.
MODEL_CMPD:0002156,s_3662,fecosteryl palmitoleate,C44H74O2,0,lp,,,,,,Yeast-MetaTwin,s_3662,model,Extracted from Yeast-MetaTwin model; external IDs to be filled by mapping phase.
MODEL_CMPD:0002157,s_3663,fecosteryl oleate,C46H78O2,0,lp,,,,,,Yeast-MetaTwin,s_3663,model,Extracted from Yeast-MetaTwin model; external IDs to be filled by mapping phase.
MODEL_CMPD:0002158,s_3664,lanosteryl palmitoleate,C46H78O2,0,lp,,,,,,Yeast-MetaTwin,s_3664,model,Extracted from Yeast-MetaTwin model; external IDs to be filled by mapping phase.
MODEL_CMPD:0002159,s_3665,lanosterol,C30H50O,0,lp,,,,,,Yeast-MetaTwin,s_3665,model,Extracted from Yeast-MetaTwin model; external IDs to be filled by mapping phase.
MODEL_CMPD:0002160,s_3666,lanosteryl oleate,C48H82O2,0,lp,,,,,,Yeast-MetaTwin,s_3666,model,Extracted from Yeast-MetaTwin model; external IDs to be filled by mapping phase.
MODEL_CMPD:0002161,s_3667,zymosteryl palmitoleate,C43H72O2,0,lp,,,,,,Yeast-MetaTwin,s_3667,model,Extracted from Yeast-MetaTwin model; external IDs to be filled by mapping phase.
MODEL_CMPD:0002162,s_3668,zymosteryl oleate,C45H76O2,0,lp,,,,,,Yeast-MetaTwin,s_3668,model,Extracted from Yeast-MetaTwin model; external IDs to be filled by mapping phase.
MODEL_CMPD:0002163,s_3669,zymosteryl palmitoleate,C43H72O2,0,ce,,,,,,Yeast-MetaTwin,s_3669,model,Extracted from Yeast-MetaTwin model; external IDs to be filled by mapping phase.
MODEL_CMPD:0002164,s_3670,zymosteryl oleate,C45H76O2,0,ce,,,,,,Yeast-MetaTwin,s_3670,model,Extracted from Yeast-MetaTwin model; external IDs to be filled by mapping phase.
MODEL_CMPD:0002165,s_3671,1-monoglyceride (16:0),C19H38O4,0,lp,,,,,,Yeast-MetaTwin,s_3671,model,Extracted from Yeast-MetaTwin model; external IDs to be filled by mapping phase.
MODEL_CMPD:0002166,s_3672,1-monoglyceride (16:1),C19H36O4,0,lp,,,,,,Yeast-MetaTwin,s_3672,model,Extracted from Yeast-MetaTwin model; external IDs to be filled by mapping phase.
MODEL_CMPD:0002167,s_3673,1-monoglyceride (18:0),C21H42O4,0,lp,,,,,,Yeast-MetaTwin,s_3673,model,Extracted from Yeast-MetaTwin model; external IDs to be filled by mapping phase.
MODEL_CMPD:0002168,s_3674,1-monoglyceride (18:1),C21H40O4,0,lp,,,,,,Yeast-MetaTwin,s_3674,model,Extracted from Yeast-MetaTwin model; external IDs to be filled by mapping phase.
MODEL_CMPD:0002169,s_3675,"diglyceride (1-16:0, 2-18:1)",C37H70O5,0,m,,,,,,Yeast-MetaTwin,s_3675,model,Extracted from Yeast-MetaTwin model; external IDs to be filled by mapping phase.
MODEL_CMPD:0002170,s_3676,1-monoglyceride (16:0),C19H38O4,0,m,,,,,,Yeast-MetaTwin,s_3676,model,Extracted from Yeast-MetaTwin model; external IDs to be filled by mapping phase.
MODEL_CMPD:0002171,s_3677,oleate,C18H33O2,-1,m,,,,,,Yeast-MetaTwin,s_3677,model,Extracted from Yeast-MetaTwin model; external IDs to be filled by mapping phase.
MODEL_CMPD:0002172,s_3678,"diglyceride (1-16:1, 2-18:1)",C37H68O5,0,m,,,,,,Yeast-MetaTwin,s_3678,model,Extracted from Yeast-MetaTwin model; external IDs to be filled by mapping phase.
MODEL_CMPD:0002173,s_3679,1-monoglyceride (16:1),C19H36O4,0,m,,,,,,Yeast-MetaTwin,s_3679,model,Extracted from Yeast-MetaTwin model; external IDs to be filled by mapping phase.
MODEL_CMPD:0002174,s_3680,"diglyceride (1-18:0, 2-18:1)",C39H74O5,0,m,,,,,,Yeast-MetaTwin,s_3680,model,Extracted from Yeast-MetaTwin model; external IDs to be filled by mapping phase.
MODEL_CMPD:0002175,s_3681,1-monoglyceride (18:0),C21H42O4,0,m,,,,,,Yeast-MetaTwin,s_3681,model,Extracted from Yeast-MetaTwin model; external IDs to be filled by mapping phase.
MODEL_CMPD:0002176,s_3682,"diglyceride (1-18:1, 2-18:1)",C39H72O5,0,m,,,,,,Yeast-MetaTwin,s_3682,model,Extracted from Yeast-MetaTwin model; external IDs to be filled by mapping phase.
MODEL_CMPD:0002177,s_3683,1-monoglyceride (18:1),C21H40O4,0,m,,,,,,Yeast-MetaTwin,s_3683,model,Extracted from Yeast-MetaTwin model; external IDs to be filled by mapping phase.
MODEL_CMPD:0002178,s_3684,glycerol,C3H8O3,0,lp,,,,,,Yeast-MetaTwin,s_3684,model,Extracted from Yeast-MetaTwin model; external IDs to be filled by mapping phase.
MODEL_CMPD:0002179,s_3685,1-acylglycerophosphoethanolamine (16:0),C21H44NO7P,0,lp,,,,,,Yeast-MetaTwin,s_3685,model,Extracted from Yeast-MetaTwin model; external IDs to be filled by mapping phase.
MODEL_CMPD:0002180,s_3686,"phosphatidylethanolamine (1-16:0, 2-18:1)",C39H76NO8P,0,lp,,,,,,Yeast-MetaTwin,s_3686,model,Extracted from Yeast-MetaTwin model; external IDs to be filled by mapping phase.
MODEL_CMPD:0002181,s_3687,1-acylglycerophosphoethanolamine (16:1),C21H42NO7P,0,lp,,,,,,Yeast-MetaTwin,s_3687,model,Extracted from Yeast-MetaTwin model; external IDs to be filled by mapping phase.
MODEL_CMPD:0002182,s_3688,"phosphatidylethanolamine (1-16:1, 2-18:1)",C39H74NO8P,0,lp,,,,,,Yeast-MetaTwin,s_3688,model,Extracted from Yeast-MetaTwin model; external IDs to be filled by mapping phase.
MODEL_CMPD:0002183,s_3689,1-acylglycerophosphoethanolamine (18:0),C23H48NO7P,0,lp,,,,,,Yeast-MetaTwin,s_3689,model,Extracted from Yeast-MetaTwin model; external IDs to be filled by mapping phase.
MODEL_CMPD:0002184,s_3690,"phosphatidylethanolamine (1-18:0, 2-18:1)",C41H80NO8P,0,lp,,,,,,Yeast-MetaTwin,s_3690,model,Extracted from Yeast-MetaTwin model; external IDs to be filled by mapping phase.
MODEL_CMPD:0002185,s_3691,1-acylglycerophosphoethanolamine (18:1),C23H46NO7P,0,lp,,,,,,Yeast-MetaTwin,s_3691,model,Extracted from Yeast-MetaTwin model; external IDs to be filled by mapping phase.
MODEL_CMPD:0002186,s_3692,"phosphatidylethanolamine (1-18:1, 2-18:1)",C41H78NO8P,0,lp,,,,,,Yeast-MetaTwin,s_3692,model,Extracted from Yeast-MetaTwin model; external IDs to be filled by mapping phase.
MODEL_CMPD:0002187,s_3693,"phosphatidylcholine (1-16:0, 2-16:1)",C40H78NO8P,0,lp,,,,,,Yeast-MetaTwin,s_3693,model,Extracted from Yeast-MetaTwin model; external IDs to be filled by mapping phase.
MODEL_CMPD:0002188,s_3694,1-acylglycerophosphocholine (16:0),C24H50NO7P,0,lp,,,,,,Yeast-MetaTwin,s_3694,model,Extracted from Yeast-MetaTwin model; external IDs to be filled by mapping phase.
MODEL_CMPD:0002189,s_3695,"phosphatidylcholine (1-16:1, 2-16:1)",C40H76NO8P,0,lp,,,,,,Yeast-MetaTwin,s_3695,model,Extracted from Yeast-MetaTwin model; external IDs to be filled by mapping phase.
MODEL_CMPD:0002190,s_3696,1-acylglycerophosphocholine (16:1),C24H48NO7P,0,lp,,,,,,Yeast-MetaTwin,s_3696,model,Extracted from Yeast-MetaTwin model; external IDs to be filled by mapping phase.
MODEL_CMPD:0002191,s_3697,"phosphatidylcholine (1-18:0, 2-16:1)",C42H82NO8P,0,lp,,,,,,Yeast-MetaTwin,s_3697,model,Extracted from Yeast-MetaTwin model; external IDs to be filled by mapping phase.
MODEL_CMPD:0002192,s_3698,1-acylglycerophosphocholine (18:0),C26H54NO7P,0,lp,,,,,,Yeast-MetaTwin,s_3698,model,Extracted from Yeast-MetaTwin model; external IDs to be filled by mapping phase.
MODEL_CMPD:0002193,s_3699,"phosphatidylcholine (1-18:1, 2-16:1)",C42H80NO8P,0,lp,,,,,,Yeast-MetaTwin,s_3699,model,Extracted from Yeast-MetaTwin model; external IDs to be filled by mapping phase.
MODEL_CMPD:0002194,s_3700,1-acylglycerophosphocholine (18:1),C26H52NO7P,0,lp,,,,,,Yeast-MetaTwin,s_3700,model,Extracted from Yeast-MetaTwin model; external IDs to be filled by mapping phase.
MODEL_CMPD:0002195,s_3701,"phosphatidylcholine (1-16:0, 2-18:1)",C42H82NO8P,0,lp,,,,,,Yeast-MetaTwin,s_3701,model,Extracted from Yeast-MetaTwin model; external IDs to be filled by mapping phase.
MODEL_CMPD:0002196,s_3702,"phosphatidylcholine (1-16:1, 2-18:1)",C42H80NO8P,0,lp,,,,,,Yeast-MetaTwin,s_3702,model,Extracted from Yeast-MetaTwin model; external IDs to be filled by mapping phase.
MODEL_CMPD:0002197,s_3703,"phosphatidylcholine (1-18:0, 2-18:1)",C44H86NO8P,0,lp,,,,,,Yeast-MetaTwin,s_3703,model,Extracted from Yeast-MetaTwin model; external IDs to be filled by mapping phase.
MODEL_CMPD:0002198,s_3704,"phosphatidylcholine (1-18:1, 2-18:1)",C44H84NO8P,0,lp,,,,,,Yeast-MetaTwin,s_3704,model,Extracted from Yeast-MetaTwin model; external IDs to be filled by mapping phase.
MODEL_CMPD:0002199,s_3705,"phosphatidylethanolamine (1-16:0, 2-16:1)",C37H72NO8P,0,lp,,,,,,Yeast-MetaTwin,s_3705,model,Extracted from Yeast-MetaTwin model; external IDs to be filled by mapping phase.
MODEL_CMPD:0002200,s_3706,"phosphatidylethanolamine (1-16:1, 2-16:1)",C37H70NO8P,0,lp,,,,,,Yeast-MetaTwin,s_3706,model,Extracted from Yeast-MetaTwin model; external IDs to be filled by mapping phase.
MODEL_CMPD:0002201,s_3707,"phosphatidylethanolamine (1-18:0, 2-16:1)",C39H76NO8P,0,lp,,,,,,Yeast-MetaTwin,s_3707,model,Extracted from Yeast-MetaTwin model; external IDs to be filled by mapping phase.
MODEL_CMPD:0002202,s_3708,"phosphatidylethanolamine (1-18:1, 2-16:1)",C39H74NO8P,0,lp,,,,,,Yeast-MetaTwin,s_3708,model,Extracted from Yeast-MetaTwin model; external IDs to be filled by mapping phase.
MODEL_CMPD:0002203,s_3709,ergosterol ester backbone,C28H42,0,erm,,,,,,Yeast-MetaTwin,s_3709,model,Extracted from Yeast-MetaTwin model; external IDs to be filled by mapping phase.
MODEL_CMPD:0002204,s_3710,phosphatidyl-L-serine backbone,C6H10NO6P,0,erm,,,,,,Yeast-MetaTwin,s_3710,model,Extracted from Yeast-MetaTwin model; external IDs to be filled by mapping phase.
MODEL_CMPD:0002205,s_3711,phosphatidylcholine backbone,C8H16NO3P,1,erm,,,,,,Yeast-MetaTwin,s_3711,model,Extracted from Yeast-MetaTwin model; external IDs to be filled by mapping phase.
MODEL_CMPD:0002206,s_3712,phosphatidylethanolamine backbone,C5H10NO4P,0,erm,,,,,,Yeast-MetaTwin,s_3712,model,Extracted from Yeast-MetaTwin model; external IDs to be filled by mapping phase.
MODEL_CMPD:0002207,s_3713,triglyceride backbone,C3H2,0,erm,,,,,,Yeast-MetaTwin,s_3713,model,Extracted from Yeast-MetaTwin model; external IDs to be filled by mapping phase.
MODEL_CMPD:0002208,s_3714,heme a,C49H55FeN4O6,-3,c,,,,,,Yeast-MetaTwin,s_3714,model,Extracted from Yeast-MetaTwin model; external IDs to be filled by mapping phase.
MODEL_CMPD:0002209,s_3715,raffinose,C18H32O16,0,e,,,,,,Yeast-MetaTwin,s_3715,model,Extracted from Yeast-MetaTwin model; external IDs to be filled by mapping phase.
MODEL_CMPD:0002210,s_3716,melibiose,C12H22O11,0,e,,,,,,Yeast-MetaTwin,s_3716,model,Extracted from Yeast-MetaTwin model; external IDs to be filled by mapping phase.
MODEL_CMPD:0002211,s_3717,protein,,,c,,,,,,Yeast-MetaTwin,s_3717,model,Extracted from Yeast-MetaTwin model; external IDs to be filled by mapping phase.
MODEL_CMPD:0002212,s_3718,carbohydrate,,,c,,,,,,Yeast-MetaTwin,s_3718,model,Extracted from Yeast-MetaTwin model; external IDs to be filled by mapping phase.
MODEL_CMPD:0002213,s_3719,RNA,,,c,,,,,,Yeast-MetaTwin,s_3719,model,Extracted from Yeast-MetaTwin model; external IDs to be filled by mapping phase.
MODEL_CMPD:0002214,s_3720,DNA,,,c,,,,,,Yeast-MetaTwin,s_3720,model,Extracted from Yeast-MetaTwin model; external IDs to be filled by mapping phase.
MODEL_CMPD:0002215,s_3721,ceramide backbone,HNO2,,g,,,,,,Yeast-MetaTwin,s_3721,model,Extracted from Yeast-MetaTwin model; external IDs to be filled by mapping phase.
MODEL_CMPD:0002216,s_3722,ceramide backbone,HNO2,,c,,,,,,Yeast-MetaTwin,s_3722,model,Extracted from Yeast-MetaTwin model; external IDs to be filled by mapping phase.
MODEL_CMPD:0002217,s_3723,inositol phosphomannosylinositol phosphoceramide backbone,C18H33NO23P2,,c,,,,,,Yeast-MetaTwin,s_3723,model,Extracted from Yeast-MetaTwin model; external IDs to be filled by mapping phase.
MODEL_CMPD:0002218,s_3724,inositol-P-ceramide backbone,C6H12NO10P,,c,,,,,,Yeast-MetaTwin,s_3724,model,Extracted from Yeast-MetaTwin model; external IDs to be filled by mapping phase.
MODEL_CMPD:0002219,s_3725,mannosylinositol phosphorylceramide backbone,C12H22NO15P,,c,,,,,,Yeast-MetaTwin,s_3725,model,Extracted from Yeast-MetaTwin model; external IDs to be filled by mapping phase.
MODEL_CMPD:0002220,s_3726,long-chain base backbone,H4N,,er,,,,,,Yeast-MetaTwin,s_3726,model,Extracted from Yeast-MetaTwin model; external IDs to be filled by mapping phase.
MODEL_CMPD:0002221,s_3727,long-chain base backbone,H4N,,c,,,,,,Yeast-MetaTwin,s_3727,model,Extracted from Yeast-MetaTwin model; external IDs to be filled by mapping phase.
MODEL_CMPD:0002222,s_3728,long-chain base phosphate backbone,H3NO3P,,er,,,,,,Yeast-MetaTwin,s_3728,model,Extracted from Yeast-MetaTwin model; external IDs to be filled by mapping phase.
MODEL_CMPD:0002223,s_3729,long-chain base phosphate backbone,H3NO3P,,c,,,,,,Yeast-MetaTwin,s_3729,model,Extracted from Yeast-MetaTwin model; external IDs to be filled by mapping phase.
MODEL_CMPD:0002224,s_3730,phosphatidate backbone,C3H5O4P,,erm,,,,,,Yeast-MetaTwin,s_3730,model,Extracted from Yeast-MetaTwin model; external IDs to be filled by mapping phase.
MODEL_CMPD:0002225,s_3731,phosphatidate backbone,C3H5O4P,,c,,,,,,Yeast-MetaTwin,s_3731,model,Extracted from Yeast-MetaTwin model; external IDs to be filled by mapping phase.
MODEL_CMPD:0002226,s_3732,diglyceride backbone,C3H4O,,erm,,,,,,Yeast-MetaTwin,s_3732,model,Extracted from Yeast-MetaTwin model; external IDs to be filled by mapping phase.
MODEL_CMPD:0002227,s_3733,diglyceride backbone,C3H4O,,c,,,,,,Yeast-MetaTwin,s_3733,model,Extracted from Yeast-MetaTwin model; external IDs to be filled by mapping phase.
MODEL_CMPD:0002228,s_3734,sn-2-acyl-1-lysophosphatidylinositol backbone,C9H11O10P,,erm,,,,,,Yeast-MetaTwin,s_3734,model,Extracted from Yeast-MetaTwin model; external IDs to be filled by mapping phase.
MODEL_CMPD:0002229,s_3735,sn-2-acyl-1-lysophosphatidylinositol backbone,C9H11O10P,,c,,,,,,Yeast-MetaTwin,s_3735,model,Extracted from Yeast-MetaTwin model; external IDs to be filled by mapping phase.
MODEL_CMPD:0002230,s_3736,phosphatidylglycerol backbone,C6H11O6P,,mm,,,,,,Yeast-MetaTwin,s_3736,model,Extracted from Yeast-MetaTwin model; external IDs to be filled by mapping phase.
MODEL_CMPD:0002231,s_3737,phosphatidylglycerol backbone,C6H11O6P,,c,,,,,,Yeast-MetaTwin,s_3737,model,Extracted from Yeast-MetaTwin model; external IDs to be filled by mapping phase.
MODEL_CMPD:0002232,s_3738,cardiolipin backbone,C9H14O9P2,,mm,,,,,,Yeast-MetaTwin,s_3738,model,Extracted from Yeast-MetaTwin model; external IDs to be filled by mapping phase.
MODEL_CMPD:0002233,s_3739,cardiolipin backbone,C9H14O9P2,,c,,,,,,Yeast-MetaTwin,s_3739,model,Extracted from Yeast-MetaTwin model; external IDs to be filled by mapping phase.
MODEL_CMPD:0002234,s_3740,C16:0 chain,C16H32O2,,c,,,,,,Yeast-MetaTwin,s_3740,model,Extracted from Yeast-MetaTwin model; external IDs to be filled by mapping phase.
MODEL_CMPD:0002235,s_3741,C16:1 chain,C16H30O2,,c,,,,,,Yeast-MetaTwin,s_3741,model,Extracted from Yeast-MetaTwin model; external IDs to be filled by mapping phase.
MODEL_CMPD:0002236,s_3742,C18:0 chain,C18H36O2,,c,,,,,,Yeast-MetaTwin,s_3742,model,Extracted from Yeast-MetaTwin model; external IDs to be filled by mapping phase.
MODEL_CMPD:0002237,s_3743,C18:1 chain,C18H34O2,,c,,,,,,Yeast-MetaTwin,s_3743,model,Extracted from Yeast-MetaTwin model; external IDs to be filled by mapping phase.
MODEL_CMPD:0002238,s_3744,C24:0 chain,C24H48O2,,c,,,,,,Yeast-MetaTwin,s_3744,model,Extracted from Yeast-MetaTwin model; external IDs to be filled by mapping phase.
MODEL_CMPD:0002239,s_3745,C26:0 chain,C26H52O2,,c,,,,,,Yeast-MetaTwin,s_3745,model,Extracted from Yeast-MetaTwin model; external IDs to be filled by mapping phase.
MODEL_CMPD:0002240,s_3746,lipid backbone,,,c,,,,,,Yeast-MetaTwin,s_3746,model,Extracted from Yeast-MetaTwin model; external IDs to be filled by mapping phase.
MODEL_CMPD:0002241,s_3747,lipid chain,,,c,,,,,,Yeast-MetaTwin,s_3747,model,Extracted from Yeast-MetaTwin model; external IDs to be filled by mapping phase.
MODEL_CMPD:0002242,s_3748,Cytochrome c,C40H40FeN6O6S2,-2,m,,,,,,Yeast-MetaTwin,s_3748,model,Extracted from Yeast-MetaTwin model; external IDs to be filled by mapping phase.
MODEL_CMPD:0002243,s_3749,Apocytochrome c,C6H10N2O2S2,0,m,,,,,,Yeast-MetaTwin,s_3749,model,Extracted from Yeast-MetaTwin model; external IDs to be filled by mapping phase.
MODEL_CMPD:0002244,s_3750,diacetyl,C4H6O2,0,c,,,,,,Yeast-MetaTwin,s_3750,model,Extracted from Yeast-MetaTwin model; external IDs to be filled by mapping phase.
MODEL_CMPD:0002245,s_3751,(R)-acetoin,C4H8O2,0,n,,,,,,Yeast-MetaTwin,s_3751,model,Extracted from Yeast-MetaTwin model; external IDs to be filled by mapping phase.
MODEL_CMPD:0002246,s_3752,diacetyl,C4H6O2,0,n,,,,,,Yeast-MetaTwin,s_3752,model,Extracted from Yeast-MetaTwin model; external IDs to be filled by mapping phase.
MODEL_CMPD:0002247,s_3753,NADH,C21H27N7O14P2,-2,n,,,,,,Yeast-MetaTwin,s_3753,model,Extracted from Yeast-MetaTwin model; external IDs to be filled by mapping phase.
MODEL_CMPD:0002248,s_3754,L-glutamyl-tRNA(Gln),C5H8NO3R,0,m,,,,,,Yeast-MetaTwin,s_3754,model,Extracted from Yeast-MetaTwin model; external IDs to be filled by mapping phase.
MODEL_CMPD:0002249,s_3755,L-glutamine,C5H10N2O3,0,m,,,,,,Yeast-MetaTwin,s_3755,model,Extracted from Yeast-MetaTwin model; external IDs to be filled by mapping phase.
MODEL_CMPD:0002250,s_3756,Gln-tRNA(Gln),C5H10N2O2R,1,m,,,,,,Yeast-MetaTwin,s_3756,model,Extracted from Yeast-MetaTwin model; external IDs to be filled by mapping phase.
MODEL_CMPD:0002251,s_3757,Met-Ala,C8H16N2O3S,0,v,,,,,,Yeast-MetaTwin,s_3757,model,Extracted from Yeast-MetaTwin model; external IDs to be filled by mapping phase.
MODEL_CMPD:0002252,s_3758,L-methionine,C5H11NO2S,0,v,,,,,,Yeast-MetaTwin,s_3758,model,Extracted from Yeast-MetaTwin model; external IDs to be filled by mapping phase.
MODEL_CMPD:0002253,s_3759,L-alanine,C3H7NO2,0,v,,,,,,Yeast-MetaTwin,s_3759,model,Extracted from Yeast-MetaTwin model; external IDs to be filled by mapping phase.
MODEL_CMPD:0002254,s_3760,ADP-D-ribose 1''-phosphate,C15H20N5O17P3,-4,c,,,,,,Yeast-MetaTwin,s_3760,model,Extracted from Yeast-MetaTwin model; external IDs to be filled by mapping phase.
MODEL_CMPD:0002255,s_3761,ADP-ribose,C15H21N5O14P2,-2,c,,,,,,Yeast-MetaTwin,s_3761,model,Extracted from Yeast-MetaTwin model; external IDs to be filled by mapping phase.
MODEL_CMPD:0002256,s_3762,quinone,C6H4O2,0,c,,,,,,Yeast-MetaTwin,s_3762,model,Extracted from Yeast-MetaTwin model; external IDs to be filled by mapping phase.
MODEL_CMPD:0002257,s_3763,"1,4-benzosemiquinone",C6H5O2,0,c,,,,,,Yeast-MetaTwin,s_3763,model,Extracted from Yeast-MetaTwin model; external IDs to be filled by mapping phase.
MODEL_CMPD:0002258,s_3764,UDP-N-acetyl-alpha-D-glucosamine,C17H25N3O17P2,-2,er,,,,,,Yeast-MetaTwin,s_3764,model,Extracted from Yeast-MetaTwin model; external IDs to be filled by mapping phase.
MODEL_CMPD:0002259,s_3765,N-Acetyl-D-glucosaminyldiphosphodolichol,C28H51NO12P2R,0,er,,,,,,Yeast-MetaTwin,s_3765,model,Extracted from Yeast-MetaTwin model; external IDs to be filled by mapping phase.
MODEL_CMPD:0002260,s_3766,UDP,C9H11N2O12P2,-3,er,,,,,,Yeast-MetaTwin,s_3766,model,Extracted from Yeast-MetaTwin model; external IDs to be filled by mapping phase.
MODEL_CMPD:0002261,s_3767,"N,N'-Chitobiosyldiphosphodolichol",C36H64N2O17P2R,0,er,,,,,,Yeast-MetaTwin,s_3767,model,Extracted from Yeast-MetaTwin model; external IDs to be filled by mapping phase.
MODEL_CMPD:0002262,s_3768,D-ribofuranose 5-phosphate,C5H9O8P,-2,c,,,,,,Yeast-MetaTwin,s_3768,model,Extracted from Yeast-MetaTwin model; external IDs to be filled by mapping phase.
MODEL_CMPD:0002263,s_3769,Oxalate,C2O4,-2,p,,,,,,Yeast-MetaTwin,s_3769,model,Extracted from Yeast-MetaTwin model; external IDs to be filled by mapping phase.
MODEL_CMPD:0002264,s_3770,Oxalyl-CoA,C23H31N7O19P3S,-5,p,,,,,,Yeast-MetaTwin,s_3770,model,Extracted from Yeast-MetaTwin model; external IDs to be filled by mapping phase.
MODEL_CMPD:0002265,s_3771,G00171,C86H142N4O67R,0,er,,,,,,Yeast-MetaTwin,s_3771,model,Extracted from Yeast-MetaTwin model; external IDs to be filled by mapping phase.
MODEL_CMPD:0002266,s_3772,D-glucose,C6H12O6,0,er,,,,,,Yeast-MetaTwin,s_3772,model,Extracted from Yeast-MetaTwin model; external IDs to be filled by mapping phase.
MODEL_CMPD:0002267,s_3773,G00010,C80H132N4O62R,0,er,,,,,,Yeast-MetaTwin,s_3773,model,Extracted from Yeast-MetaTwin model; external IDs to be filled by mapping phase.
MODEL_CMPD:0002268,s_3774,G00011,C74H122N4O57R,0,er,,,,,,Yeast-MetaTwin,s_3774,model,Extracted from Yeast-MetaTwin model; external IDs to be filled by mapping phase.
MODEL_CMPD:0002269,s_3775,sodium,Na,1,v,,,,,,Yeast-MetaTwin,s_3775,model,Extracted from Yeast-MetaTwin model; external IDs to be filled by mapping phase.
MODEL_CMPD:0002270,s_3776,potassium,K,1,v,,,,,,Yeast-MetaTwin,s_3776,model,Extracted from Yeast-MetaTwin model; external IDs to be filled by mapping phase.
MODEL_CMPD:0002271,s_3777,chloride,Cl,-1,v,,,,,,Yeast-MetaTwin,s_3777,model,Extracted from Yeast-MetaTwin model; external IDs to be filled by mapping phase.
MODEL_CMPD:0002272,s_3778,chloride,Cl,-1,c,,,,,,Yeast-MetaTwin,s_3778,model,Extracted from Yeast-MetaTwin model; external IDs to be filled by mapping phase.
MODEL_CMPD:0002273,s_3779,D-fructose,C6H12O6,0,v,,,,,,Yeast-MetaTwin,s_3779,model,Extracted from Yeast-MetaTwin model; external IDs to be filled by mapping phase.
MODEL_CMPD:0002274,s_3780,D-galactose,C6H12O6,0,v,,,,,,Yeast-MetaTwin,s_3780,model,Extracted from Yeast-MetaTwin model; external IDs to be filled by mapping phase.
MODEL_CMPD:0002275,s_3781,UMP,C9H11N2O9P,-2,er,,,,,,Yeast-MetaTwin,s_3781,model,Extracted from Yeast-MetaTwin model; external IDs to be filled by mapping phase.
MODEL_CMPD:0002276,s_3782,cadmium(2+),Cd,2,c,,,,,,Yeast-MetaTwin,s_3782,model,Extracted from Yeast-MetaTwin model; external IDs to be filled by mapping phase.
MODEL_CMPD:0002277,s_3783,cadmium(2+),Cd,2,e,,,,,,Yeast-MetaTwin,s_3783,model,Extracted from Yeast-MetaTwin model; external IDs to be filled by mapping phase.
MODEL_CMPD:0002278,s_3784,(sulfur carrier)-H,R,0,m,,,,,,Yeast-MetaTwin,s_3784,model,Extracted from Yeast-MetaTwin model; external IDs to be filled by mapping phase.
MODEL_CMPD:0002279,s_3785,L-cysteine,C3H7NO2S,0,m,,,,,,Yeast-MetaTwin,s_3785,model,Extracted from Yeast-MetaTwin model; external IDs to be filled by mapping phase.
MODEL_CMPD:0002280,s_3786,(sulfur carrier)-SH,SR,0,m,,,,,,Yeast-MetaTwin,s_3786,model,Extracted from Yeast-MetaTwin model; external IDs to be filled by mapping phase.
MODEL_CMPD:0002281,s_3787,cholesterol,C27H46O,0,er,,,,,,Yeast-MetaTwin,s_3787,model,Extracted from Yeast-MetaTwin model; external IDs to be filled by mapping phase.
MODEL_CMPD:0002282,s_3788,cholesterol,C27H46O,0,erm,,,,,,Yeast-MetaTwin,s_3788,model,Extracted from Yeast-MetaTwin model; external IDs to be filled by mapping phase.
MODEL_CMPD:0002283,s_3789,3-chlorobenzyl alcohol,C7H7ClO,0,c,,,,,,Yeast-MetaTwin,s_3789,model,Extracted from Yeast-MetaTwin model; external IDs to be filled by mapping phase.
MODEL_CMPD:0002284,s_3790,3-chlorobenzaldehyde,C7H5ClO,0,c,,,,,,Yeast-MetaTwin,s_3790,model,Extracted from Yeast-MetaTwin model; external IDs to be filled by mapping phase.
MODEL_CMPD:0002285,s_3791,3-hydroxybenzyl alcohol,C7H8O2,0,c,,,,,,Yeast-MetaTwin,s_3791,model,Extracted from Yeast-MetaTwin model; external IDs to be filled by mapping phase.
MODEL_CMPD:0002286,s_3792,3-hydroxybenzaldehyde,C7H6O2,0,c,,,,,,Yeast-MetaTwin,s_3792,model,Extracted from Yeast-MetaTwin model; external IDs to be filled by mapping phase.
MODEL_CMPD:0002287,s_3793,3-methylbenzyl alcohol,C8H10O,0,c,,,,,,Yeast-MetaTwin,s_3793,model,Extracted from Yeast-MetaTwin model; external IDs to be filled by mapping phase.
MODEL_CMPD:0002288,s_3794,3-methylbenzaldehyde,C8H8O,0,c,,,,,,Yeast-MetaTwin,s_3794,model,Extracted from Yeast-MetaTwin model; external IDs to be filled by mapping phase.
MODEL_CMPD:0002289,s_3795,4-isopropylbenzyl alcohol,C10H14O,0,c,,,,,,Yeast-MetaTwin,s_3795,model,Extracted from Yeast-MetaTwin model; external IDs to be filled by mapping phase.
MODEL_CMPD:0002290,s_3796,p-cumic aldehyde,C10H12O,0,c,,,,,,Yeast-MetaTwin,s_3796,model,Extracted from Yeast-MetaTwin model; external IDs to be filled by mapping phase.
MODEL_CMPD:0002291,s_3797,4-methylbenzyl alcohol,C8H10O,0,c,,,,,,Yeast-MetaTwin,s_3797,model,Extracted from Yeast-MetaTwin model; external IDs to be filled by mapping phase.
MODEL_CMPD:0002292,s_3798,4-methylbenzaldehyde,C8H8O,0,c,,,,,,Yeast-MetaTwin,s_3798,model,Extracted from Yeast-MetaTwin model; external IDs to be filled by mapping phase.
MODEL_CMPD:0002293,s_3799,benzyl alcohol,C7H8O,0,c,,,,,,Yeast-MetaTwin,s_3799,model,Extracted from Yeast-MetaTwin model; external IDs to be filled by mapping phase.
MODEL_CMPD:0002294,s_3800,benzaldehyde,C7H6O,0,c,,,,,,Yeast-MetaTwin,s_3800,model,Extracted from Yeast-MetaTwin model; external IDs to be filled by mapping phase.
MODEL_CMPD:0002295,s_3801,Mn(2+),Mn,2,c,,,,,,Yeast-MetaTwin,s_3801,model,Extracted from Yeast-MetaTwin model; external IDs to be filled by mapping phase.
MODEL_CMPD:0002296,s_3802,Mn(2+),Mn,2,er,,,,,,Yeast-MetaTwin,s_3802,model,Extracted from Yeast-MetaTwin model; external IDs to be filled by mapping phase.
MODEL_CMPD:0002297,s_3805,Mannitol,C6H14O6,0,c,,,,,,Yeast-MetaTwin,s_3805,model,Extracted from Yeast-MetaTwin model; external IDs to be filled by mapping phase.
MODEL_CMPD:0002298,s_3806,4-hydroxy-4-methyl-2-oxoglutarate,C6H6O6,-2,c,,,,,,Yeast-MetaTwin,s_3806,model,Extracted from Yeast-MetaTwin model; external IDs to be filled by mapping phase.
MODEL_CMPD:0002299,s_3807,L-methionine (S)-S-oxide,C5H11NO3S,0,c,,,,,,Yeast-MetaTwin,s_3807,model,Extracted from Yeast-MetaTwin model; external IDs to be filled by mapping phase.
MODEL_CMPD:0002300,s_3808,tRNA(Pro),RH,0,m,,,,,,Yeast-MetaTwin,s_3808,model,Extracted from Yeast-MetaTwin model; external IDs to be filled by mapping phase.
MODEL_CMPD:0002301,s_3809,Pro-tRNA(Pro),C5H9NOR,1,m,,,,,,Yeast-MetaTwin,s_3809,model,Extracted from Yeast-MetaTwin model; external IDs to be filled by mapping phase.
MODEL_CMPD:0002302,s_3810,5-oxo-L-proline,C5H6NO3,-1,c,,,,,,Yeast-MetaTwin,s_3810,model,Extracted from Yeast-MetaTwin model; external IDs to be filled by mapping phase.
MODEL_CMPD:0002303,s_3811,4a-Hydroxytetrahydrobiopterin,C9H15N5O4,0,m,,,,,,Yeast-MetaTwin,s_3811,model,Extracted from Yeast-MetaTwin model; external IDs to be filled by mapping phase.
MODEL_CMPD:0002304,s_3812,Dihydrobiopterin,C9H13N5O3,0,m,,,,,,Yeast-MetaTwin,s_3812,model,Extracted from Yeast-MetaTwin model; external IDs to be filled by mapping phase.
MODEL_CMPD:0002305,s_3813,superoxide,O2,-1,m,,,,,,Yeast-MetaTwin,s_3813,model,Extracted from Yeast-MetaTwin model; external IDs to be filled by mapping phase.
MODEL_CMPD:0002306,s_3814,2-deoxy-D-glucose 6-phosphate,C6H11O8P,-2,c,,,,,,Yeast-MetaTwin,s_3814,model,Extracted from Yeast-MetaTwin model; external IDs to be filled by mapping phase.
MODEL_CMPD:0002307,s_3815,2-deoxy-D-glucose,C6H12O5,0,c,,,,,,Yeast-MetaTwin,s_3815,model,Extracted from Yeast-MetaTwin model; external IDs to be filled by mapping phase.
MODEL_CMPD:0002308,s_3816,[cytochrome c]-L-lysine,C6H13N2O,1,c,,,,,,Yeast-MetaTwin,s_3816,model,Extracted from Yeast-MetaTwin model; external IDs to be filled by mapping phase.
MODEL_CMPD:0002309,s_3817,[cytochrome c]-N6-methyl-L-lysine,C7H15N2O,1,c,,,,,,Yeast-MetaTwin,s_3817,model,Extracted from Yeast-MetaTwin model; external IDs to be filled by mapping phase.
MODEL_CMPD:0002310,s_3818,S-adenosyl-L-methionine,C15H23N6O5S,1,n,,,,,,Yeast-MetaTwin,s_3818,model,Extracted from Yeast-MetaTwin model; external IDs to be filled by mapping phase.
MODEL_CMPD:0002311,s_3819,L-lysine-[histone],C6H13N2OR2,1,n,,,,,,Yeast-MetaTwin,s_3819,model,Extracted from Yeast-MetaTwin model; external IDs to be filled by mapping phase.
MODEL_CMPD:0002312,s_3820,S-adenosyl-L-homocysteine,C14H20N6O5S,0,n,,,,,,Yeast-MetaTwin,s_3820,model,Extracted from Yeast-MetaTwin model; external IDs to be filled by mapping phase.
MODEL_CMPD:0002313,s_3821,N6-methyl-L-lysine-[histone],C7H15N2OR2,1,n,,,,,,Yeast-MetaTwin,s_3821,model,Extracted from Yeast-MetaTwin model; external IDs to be filled by mapping phase.
MODEL_CMPD:0002314,s_3822,Zn(2+),Zn,2,c,,,,,,Yeast-MetaTwin,s_3822,model,Extracted from Yeast-MetaTwin model; external IDs to be filled by mapping phase.
MODEL_CMPD:0002315,s_3823,Zn(2+),Zn,2,er,,,,,,Yeast-MetaTwin,s_3823,model,Extracted from Yeast-MetaTwin model; external IDs to be filled by mapping phase.
MODEL_CMPD:0002316,s_3826,Ferricytochrome b5,Fe,3,m,,,,,,Yeast-MetaTwin,s_3826,model,Extracted from Yeast-MetaTwin model; external IDs to be filled by mapping phase.
MODEL_CMPD:0002317,s_3827,Ferrocytochrome b5,Fe,2,m,,,,,,Yeast-MetaTwin,s_3827,model,Extracted from Yeast-MetaTwin model; external IDs to be filled by mapping phase.
MODEL_CMPD:0002318,s_3828,(S)-benzoin,C14H12O2,0,c,,,,,,Yeast-MetaTwin,s_3828,model,Extracted from Yeast-MetaTwin model; external IDs to be filled by mapping phase.
MODEL_CMPD:0002319,s_3829,benzil,C14H10O2,0,c,,,,,,Yeast-MetaTwin,s_3829,model,Extracted from Yeast-MetaTwin model; external IDs to be filled by mapping phase.
MODEL_CMPD:0002320,s_3830,RX,RX,0,er,,,,,,Yeast-MetaTwin,s_3830,model,Extracted from Yeast-MetaTwin model; external IDs to be filled by mapping phase.
MODEL_CMPD:0002321,s_3831,glutathione,C10H16N3O6S,-1,er,,,,,,Yeast-MetaTwin,s_3831,model,Extracted from Yeast-MetaTwin model; external IDs to be filled by mapping phase.
MODEL_CMPD:0002322,s_3832,HX,X,-1,er,,,,,,Yeast-MetaTwin,s_3832,model,Extracted from Yeast-MetaTwin model; external IDs to be filled by mapping phase.
MODEL_CMPD:0002323,s_3833,R-S-glutathione,C10H16N3O6SR,0,er,,,,,,Yeast-MetaTwin,s_3833,model,Extracted from Yeast-MetaTwin model; external IDs to be filled by mapping phase.
MODEL_CMPD:0002324,s_3834,RX,RX,0,c,,,,,,Yeast-MetaTwin,s_3834,model,Extracted from Yeast-MetaTwin model; external IDs to be filled by mapping phase.
MODEL_CMPD:0002325,s_3835,HX,X,-1,c,,,,,,Yeast-MetaTwin,s_3835,model,Extracted from Yeast-MetaTwin model; external IDs to be filled by mapping phase.
MODEL_CMPD:0002326,s_3836,R-S-glutathione,C10H16N3O6SR,0,c,,,,,,Yeast-MetaTwin,s_3836,model,Extracted from Yeast-MetaTwin model; external IDs to be filled by mapping phase.
MODEL_CMPD:0002327,s_3837,L-Methionine S-oxide,C5H11NO3S,0,c,,,,,,Yeast-MetaTwin,s_3837,model,Extracted from Yeast-MetaTwin model; external IDs to be filled by mapping phase.
MODEL_CMPD:0002328,s_3838,Ala-Gly,C5H10N2O3,0,v,,,,,,Yeast-MetaTwin,s_3838,model,Extracted from Yeast-MetaTwin model; external IDs to be filled by mapping phase.
MODEL_CMPD:0002329,s_3839,L-glycine,C2H5NO2,0,v,,,,,,Yeast-MetaTwin,s_3839,model,Extracted from Yeast-MetaTwin model; external IDs to be filled by mapping phase.
MODEL_CMPD:0002330,s_3840,Ala-Leu,C9H18N2O3,0,v,,,,,,Yeast-MetaTwin,s_3840,model,Extracted from Yeast-MetaTwin model; external IDs to be filled by mapping phase.
MODEL_CMPD:0002331,s_3841,Threo-3-hydroxy-L-aspartate,C4H6NO5,-1,c,,,,,,Yeast-MetaTwin,s_3841,model,Extracted from Yeast-MetaTwin model; external IDs to be filled by mapping phase.
MODEL_CMPD:0002332,s_3842,RX,RX,0,p,,,,,,Yeast-MetaTwin,s_3842,model,Extracted from Yeast-MetaTwin model; external IDs to be filled by mapping phase.
MODEL_CMPD:0002333,s_3843,glutathione,C10H16N3O6S,-1,p,,,,,,Yeast-MetaTwin,s_3843,model,Extracted from Yeast-MetaTwin model; external IDs to be filled by mapping phase.
MODEL_CMPD:0002334,s_3844,HX,X,-1,p,,,,,,Yeast-MetaTwin,s_3844,model,Extracted from Yeast-MetaTwin model; external IDs to be filled by mapping phase.
MODEL_CMPD:0002335,s_3845,R-S-glutathione,C10H16N3O6SR,0,p,,,,,,Yeast-MetaTwin,s_3845,model,Extracted from Yeast-MetaTwin model; external IDs to be filled by mapping phase.
MODEL_CMPD:0002336,s_3846,dehydroascorbate,C6H6O6,0,c,,,,,,Yeast-MetaTwin,s_3846,model,Extracted from Yeast-MetaTwin model; external IDs to be filled by mapping phase.
MODEL_CMPD:0002337,s_3847,ascorbate,C6H8O6,0,c,,,,,,Yeast-MetaTwin,s_3847,model,Extracted from Yeast-MetaTwin model; external IDs to be filled by mapping phase.
MODEL_CMPD:0002338,s_3848,dehydroascorbate,C6H6O6,0,p,,,,,,Yeast-MetaTwin,s_3848,model,Extracted from Yeast-MetaTwin model; external IDs to be filled by mapping phase.
MODEL_CMPD:0002339,s_3849,glutathione disulfide,C20H30N6O12S2,-2,p,,,,,,Yeast-MetaTwin,s_3849,model,Extracted from Yeast-MetaTwin model; external IDs to be filled by mapping phase.
MODEL_CMPD:0002340,s_3850,ascorbate,C6H8O6,0,p,,,,,,Yeast-MetaTwin,s_3850,model,Extracted from Yeast-MetaTwin model; external IDs to be filled by mapping phase.
MODEL_CMPD:0002341,s_3851,Cyanamide,CH2N2,0,c,,,,,,Yeast-MetaTwin,s_3851,model,Extracted from Yeast-MetaTwin model; external IDs to be filled by mapping phase.
MODEL_CMPD:0002342,s_3852,aldehydo-D-ribose 5-phosphate,C5H9O8P,-2,c,,,,,,Yeast-MetaTwin,s_3852,model,Extracted from Yeast-MetaTwin model; external IDs to be filled by mapping phase.
MODEL_CMPD:0002343,s_3853,R-S-Cysteinylglycine,C5H9N2O3SR,0,c,,,,,,Yeast-MetaTwin,s_3853,model,Extracted from Yeast-MetaTwin model; external IDs to be filled by mapping phase.
MODEL_CMPD:0002344,s_3854,S-Substituted L-cysteine,C3H6NO2SR,0,c,,,,,,Yeast-MetaTwin,s_3854,model,Extracted from Yeast-MetaTwin model; external IDs to be filled by mapping phase.
MODEL_CMPD:0002345,s_3855,iron(3+),Fe,3,m,,,,,,Yeast-MetaTwin,s_3855,model,Extracted from Yeast-MetaTwin model; external IDs to be filled by mapping phase.
MODEL_CMPD:0002346,s_3856,Glycyl-tRNA(Ala),C2H5NOR,1,c,,,,,,Yeast-MetaTwin,s_3856,model,Extracted from Yeast-MetaTwin model; external IDs to be filled by mapping phase.
MODEL_CMPD:0002347,s_3857,D-tyrosyl-tRNA(Tyr),C9H11NO2R,1,c,,,,,,Yeast-MetaTwin,s_3857,model,Extracted from Yeast-MetaTwin model; external IDs to be filled by mapping phase.
MODEL_CMPD:0002348,s_3858,D-tyrosine,C9H11NO3,0,c,,,,,,Yeast-MetaTwin,s_3858,model,Extracted from Yeast-MetaTwin model; external IDs to be filled by mapping phase.
MODEL_CMPD:0002349,s_3859,4-nitrophenyl phosphate,C6H4NO6P,-2,c,,,,,,Yeast-MetaTwin,s_3859,model,Extracted from Yeast-MetaTwin model; external IDs to be filled by mapping phase.
MODEL_CMPD:0002350,s_3860,4-nitrophenol,C6H4NO3,-1,c,,,,,,Yeast-MetaTwin,s_3860,model,Extracted from Yeast-MetaTwin model; external IDs to be filled by mapping phase.
MODEL_CMPD:0002351,s_3861,L-iditol,C6H14O6,0,c,,,,,,Yeast-MetaTwin,s_3861,model,Extracted from Yeast-MetaTwin model; external IDs to be filled by mapping phase.
MODEL_CMPD:0002352,s_3862,alpha-D-Galactose,C6H12O6,0,c,,,,,,Yeast-MetaTwin,s_3862,model,Extracted from Yeast-MetaTwin model; external IDs to be filled by mapping phase.
MODEL_CMPD:0002353,s_3863,3-hydroxy-2-methylpropanoyl-CoA,C25H38N7O18P3S,-4,m,,,,,,Yeast-MetaTwin,s_3863,model,Extracted from Yeast-MetaTwin model; external IDs to be filled by mapping phase.
MODEL_CMPD:0002354,s_3864,3-hydroxy-2-methylpropanoate,C4H7O3,-1,m,,,,,,Yeast-MetaTwin,s_3864,model,Extracted from Yeast-MetaTwin model; external IDs to be filled by mapping phase.
MODEL_CMPD:0002355,s_3865,sterols,C19H31OR,0,e,,,,,,Yeast-MetaTwin,s_3865,model,Extracted from Yeast-MetaTwin model; external IDs to be filled by mapping phase.
MODEL_CMPD:0002356,s_3866,sterols,C19H31OR,0,c,,,,,,Yeast-MetaTwin,s_3866,model,Extracted from Yeast-MetaTwin model; external IDs to be filled by mapping phase.
MODEL_CMPD:0002357,s_3867,2-Phenylacetamide,C8H9NO,0,c,,,,,,Yeast-MetaTwin,s_3867,model,Extracted from Yeast-MetaTwin model; external IDs to be filled by mapping phase.
MODEL_CMPD:0002358,s_3868,(Indol-3-yl)acetamide,C10H10N2O,0,c,,,,,,Yeast-MetaTwin,s_3868,model,Extracted from Yeast-MetaTwin model; external IDs to be filled by mapping phase.
MODEL_CMPD:0002359,s_3871,Acrylic acid,C3H3O2,-1,c,,,,,,Yeast-MetaTwin,s_3871,model,Extracted from Yeast-MetaTwin model; external IDs to be filled by mapping phase.
MODEL_CMPD:0002360,s_3872,Acrylamide,C3H5NO,0,c,,,,,,Yeast-MetaTwin,s_3872,model,Extracted from Yeast-MetaTwin model; external IDs to be filled by mapping phase.
MODEL_CMPD:0002361,s_3873,Benzamide,C7H7NO,0,c,,,,,,Yeast-MetaTwin,s_3873,model,Extracted from Yeast-MetaTwin model; external IDs to be filled by mapping phase.
MODEL_CMPD:0002362,s_3874,Benzoate,C7H5O2,-1,c,,,,,,Yeast-MetaTwin,s_3874,model,Extracted from Yeast-MetaTwin model; external IDs to be filled by mapping phase.
MODEL_CMPD:0002363,s_3875,D-gluconate,C6H11O7,-1,c,,,,,,Yeast-MetaTwin,s_3875,model,Extracted from Yeast-MetaTwin model; external IDs to be filled by mapping phase.
MODEL_CMPD:0002364,s_3876,Protein C-terminal S-farnesyl-L-cysteine,C20H32N2O3SR,-1,c,,,,,,Yeast-MetaTwin,s_3876,model,Extracted from Yeast-MetaTwin model; external IDs to be filled by mapping phase.
MODEL_CMPD:0002365,s_3877,Protein C-terminal S-farnesyl-L-cysteine methyl ester,C21H35N2O3SR,0,c,,,,,,Yeast-MetaTwin,s_3877,model,Extracted from Yeast-MetaTwin model; external IDs to be filled by mapping phase.
MODEL_CMPD:0002366,s_3878,1-phosphatidyl-1D-myo-inositol,C11H16O13PR2,-1,er,,,,,,Yeast-MetaTwin,s_3878,model,Extracted from Yeast-MetaTwin model; external IDs to be filled by mapping phase.
MODEL_CMPD:0002367,s_3879,G00143,C19H29NO18PR2,-1,er,,,,,,Yeast-MetaTwin,s_3879,model,Extracted from Yeast-MetaTwin model; external IDs to be filled by mapping phase.
MODEL_CMPD:0002368,s_3880,Ca(2+),Ca,2,c,,,,,,Yeast-MetaTwin,s_3880,model,Extracted from Yeast-MetaTwin model; external IDs to be filled by mapping phase.
MODEL_CMPD:0002369,s_3881,ATP,C10H12N5O13P3,-4,v,,,,,,Yeast-MetaTwin,s_3881,model,Extracted from Yeast-MetaTwin model; external IDs to be filled by mapping phase.
MODEL_CMPD:0002370,s_3882,Ca(2+),Ca,2,v,,,,,,Yeast-MetaTwin,s_3882,model,Extracted from Yeast-MetaTwin model; external IDs to be filled by mapping phase.
MODEL_CMPD:0002371,s_3883,ADP,C10H12N5O10P2,-3,v,,,,,,Yeast-MetaTwin,s_3883,model,Extracted from Yeast-MetaTwin model; external IDs to be filled by mapping phase.
MODEL_CMPD:0002372,s_3884,generic protein,C2H4NOR,1,c,,,,,,Yeast-MetaTwin,s_3884,model,Extracted from Yeast-MetaTwin model; external IDs to be filled by mapping phase.
MODEL_CMPD:0002373,s_3885,L-Arginyl-protein,C8H17N5O2R,2,c,,,,,,Yeast-MetaTwin,s_3885,model,Extracted from Yeast-MetaTwin model; external IDs to be filled by mapping phase.
MODEL_CMPD:0002374,s_3886,Protein asparagine,C4H6N2O2R,0,er,,,,,,Yeast-MetaTwin,s_3886,model,Extracted from Yeast-MetaTwin model; external IDs to be filled by mapping phase.
MODEL_CMPD:0002375,s_3887,G00008,C108H182N2O77P2R,-2,er,,,,,,Yeast-MetaTwin,s_3887,model,Extracted from Yeast-MetaTwin model; external IDs to be filled by mapping phase.
MODEL_CMPD:0002376,s_3888,Dolichyl diphosphate,C20H35O7P2R,-3,er,,,,,,Yeast-MetaTwin,s_3888,model,Extracted from Yeast-MetaTwin model; external IDs to be filled by mapping phase.
MODEL_CMPD:0002377,s_3889,G00009,C92H152N4O72R,0,er,,,,,,Yeast-MetaTwin,s_3889,model,Extracted from Yeast-MetaTwin model; external IDs to be filled by mapping phase.
MODEL_CMPD:0002378,s_3890,GDP-alpha-D-mannose,C16H23N5O16P2,-2,er,,,,,,Yeast-MetaTwin,s_3890,model,Extracted from Yeast-MetaTwin model; external IDs to be filled by mapping phase.
MODEL_CMPD:0002379,s_3891,G10694,C68H112N4O52R,0,er,,,,,,Yeast-MetaTwin,s_3891,model,Extracted from Yeast-MetaTwin model; external IDs to be filled by mapping phase.
MODEL_CMPD:0002380,s_3892,GDP,C10H12N5O11P2,-3,er,,,,,,Yeast-MetaTwin,s_3892,model,Extracted from Yeast-MetaTwin model; external IDs to be filled by mapping phase.
MODEL_CMPD:0002381,s_3893,G01813,C74H122N4O57R,0,er,,,,,,Yeast-MetaTwin,s_3893,model,Extracted from Yeast-MetaTwin model; external IDs to be filled by mapping phase.
MODEL_CMPD:0002382,s_3894,G00003,C42H72N2O22P2R,-2,er,,,,,,Yeast-MetaTwin,s_3894,model,Extracted from Yeast-MetaTwin model; external IDs to be filled by mapping phase.
MODEL_CMPD:0002383,s_3895,G00004,C48H82N2O27P2R,-2,er,,,,,,Yeast-MetaTwin,s_3895,model,Extracted from Yeast-MetaTwin model; external IDs to be filled by mapping phase.
MODEL_CMPD:0002384,s_3896,G00005,C54H92N2O32P2R,-2,er,,,,,,Yeast-MetaTwin,s_3896,model,Extracted from Yeast-MetaTwin model; external IDs to be filled by mapping phase.
MODEL_CMPD:0002385,s_3897,2-O-(6-phospho-alpha-D-mannosyl)-D-glycerate,C9H14O12P,-3,v,,,,,,Yeast-MetaTwin,s_3897,model,Extracted from Yeast-MetaTwin model; external IDs to be filled by mapping phase.
MODEL_CMPD:0002386,s_3898,D-mannose 6-phosphate,C6H11O9P,-2,v,,,,,,Yeast-MetaTwin,s_3898,model,Extracted from Yeast-MetaTwin model; external IDs to be filled by mapping phase.
MODEL_CMPD:0002387,s_3899,D-Glycerate,C3H5O4,-1,v,,,,,,Yeast-MetaTwin,s_3899,model,Extracted from Yeast-MetaTwin model; external IDs to be filled by mapping phase.
MODEL_CMPD:0002388,s_3900,alpha-D-mannoside,C6H11O6R,0,v,,,,,,Yeast-MetaTwin,s_3900,model,Extracted from Yeast-MetaTwin model; external IDs to be filled by mapping phase.
MODEL_CMPD:0002389,s_3901,alpha-D-mannopyranose,C6H12O6,0,v,,,,,,Yeast-MetaTwin,s_3901,model,Extracted from Yeast-MetaTwin model; external IDs to be filled by mapping phase.
MODEL_CMPD:0002390,s_3902,non glycosylated sugar acceptor,HOR,0,v,,,,,,Yeast-MetaTwin,s_3902,model,Extracted from Yeast-MetaTwin model; external IDs to be filled by mapping phase.
MODEL_CMPD:0002391,s_3903,L-Threonylcarbamoyladenylate,C15H19N6O11P,-2,c,,,,,,Yeast-MetaTwin,s_3903,model,Extracted from Yeast-MetaTwin model; external IDs to be filled by mapping phase.
MODEL_CMPD:0002392,s_3904,D-Serine,C3H7NO3,0,c,,,,,,Yeast-MetaTwin,s_3904,model,Extracted from Yeast-MetaTwin model; external IDs to be filled by mapping phase.
MODEL_CMPD:0002393,s_3905,O-acetyl-L-serine,C5H9NO4,0,m,,,,,,Yeast-MetaTwin,s_3905,model,Extracted from Yeast-MetaTwin model; external IDs to be filled by mapping phase.
MODEL_CMPD:0002394,s_3906,hydrogen sulfide,HS,0,m,,,,,,Yeast-MetaTwin,s_3906,model,Extracted from Yeast-MetaTwin model; external IDs to be filled by mapping phase.
MODEL_CMPD:0002395,s_3907,phosphatidate,C5H7O8PR2,0,m,,,,,,Yeast-MetaTwin,s_3907,model,Extracted from Yeast-MetaTwin model; external IDs to be filled by mapping phase.
MODEL_CMPD:0002396,s_3908,CDP-diacylglycerol,C14H19N3O15P2R2,0,m,,,,,,Yeast-MetaTwin,s_3908,model,Extracted from Yeast-MetaTwin model; external IDs to be filled by mapping phase.
MODEL_CMPD:0002397,s_3909,Sulfur donor,,0,c,,,,,,Yeast-MetaTwin,s_3909,model,Extracted from Yeast-MetaTwin model; external IDs to be filled by mapping phase.
MODEL_CMPD:0002398,s_3910,ADP-5-ethyl-4-methylthiazole-2-carboxylate,C17H19N6O12P2S,-3,c,,,,,,Yeast-MetaTwin,s_3910,model,Extracted from Yeast-MetaTwin model; external IDs to be filled by mapping phase.
MODEL_CMPD:0002399,s_3911,Dolichyl beta-D-glucosyl phosphate,C26H46O9PR,-1,er,,,,,,Yeast-MetaTwin,s_3911,model,Extracted from Yeast-MetaTwin model; external IDs to be filled by mapping phase.
MODEL_CMPD:0002400,s_3912,G10599,C102H172N2O72P2R,-2,er,,,,,,Yeast-MetaTwin,s_3912,model,Extracted from Yeast-MetaTwin model; external IDs to be filled by mapping phase.
MODEL_CMPD:0002401,s_3913,nitric oxide,NO,0,c,,,,,,Yeast-MetaTwin,s_3913,model,Extracted from Yeast-MetaTwin model; external IDs to be filled by mapping phase.
MODEL_CMPD:0002402,s_3914,nitrate,NO3,-1,c,,,,,,Yeast-MetaTwin,s_3914,model,Extracted from Yeast-MetaTwin model; external IDs to be filled by mapping phase.
MODEL_CMPD:0002403,s_3915,(R)-Lipoate,C8H13O2S2,-1,c,,,,,,Yeast-MetaTwin,s_3915,model,Extracted from Yeast-MetaTwin model; external IDs to be filled by mapping phase.
MODEL_CMPD:0002404,s_3916,Lipoyl-AMP,C18H25N5O8PS2,-1,c,,,,,,Yeast-MetaTwin,s_3916,model,Extracted from Yeast-MetaTwin model; external IDs to be filled by mapping phase.
MODEL_CMPD:0002405,s_3917,Apoprotein,NH2R,0,c,,,,,,Yeast-MetaTwin,s_3917,model,Extracted from Yeast-MetaTwin model; external IDs to be filled by mapping phase.
MODEL_CMPD:0002406,s_3918,Protein N6-(lipoyl)lysine,C8H14NOS2R,0,c,,,,,,Yeast-MetaTwin,s_3918,model,Extracted from Yeast-MetaTwin model; external IDs to be filled by mapping phase.
MODEL_CMPD:0002407,s_3923,N-(4-oxoglutarate)-L-cysteinylglycine,C10H12N2O7S,-2,c,,,,,,Yeast-MetaTwin,s_3923,model,Extracted from Yeast-MetaTwin model; external IDs to be filled by mapping phase.
MODEL_CMPD:0002408,s_3924,N-(4-oxoglutarate)-L-cysteinylglycine,C10H12N2O7S,-2,m,,,,,,Yeast-MetaTwin,s_3924,model,Extracted from Yeast-MetaTwin model; external IDs to be filled by mapping phase.
MODEL_CMPD:0002409,s_3925,L-cysteinylglycine,C5H10N2O3S,0,m,,,,,,Yeast-MetaTwin,s_3925,model,Extracted from Yeast-MetaTwin model; external IDs to be filled by mapping phase.
MODEL_CMPD:0002410,s_3926,chloride,Cl,-1,g,,,,,,Yeast-MetaTwin,s_3926,model,Extracted from Yeast-MetaTwin model; external IDs to be filled by mapping phase.
MODEL_CMPD:0002411,s_3927,ribonucleoside 5'-triphosphate,C5H8O13P3R,-4,c,,,,,,Yeast-MetaTwin,s_3927,model,Extracted from Yeast-MetaTwin model; external IDs to be filled by mapping phase.
MODEL_CMPD:0002412,s_3928,ribonucleoside 5'-phosphate,C5H8O7PR,-2,c,,,,,,Yeast-MetaTwin,s_3928,model,Extracted from Yeast-MetaTwin model; external IDs to be filled by mapping phase.
MODEL_CMPD:0002413,s_3929,2'-deoxyribonucleoside 5'-triphosphate,C5H8O12P3R,-4,c,,,,,,Yeast-MetaTwin,s_3929,model,Extracted from Yeast-MetaTwin model; external IDs to be filled by mapping phase.
MODEL_CMPD:0002414,s_3930,2'-deoxyribonucleoside 5'-phosphate,C5H8O6PR,-2,c,,,,,,Yeast-MetaTwin,s_3930,model,Extracted from Yeast-MetaTwin model; external IDs to be filled by mapping phase.
MODEL_CMPD:0002415,s_3931,superoxide,O2,-1,c,,,,,,Yeast-MetaTwin,s_3931,model,Extracted from Yeast-MetaTwin model; external IDs to be filled by mapping phase.
MODEL_CMPD:0002416,s_3932,G00012,C50H82N4O37,0,er,,,,,,Yeast-MetaTwin,s_3932,model,Extracted from Yeast-MetaTwin model; external IDs to be filled by mapping phase.
MODEL_CMPD:0002417,s_3933,D-mannose,C6H12O6,0,er,,,,,,Yeast-MetaTwin,s_3933,model,Extracted from Yeast-MetaTwin model; external IDs to be filled by mapping phase.
MODEL_CMPD:0002418,s_3934,Ethylnitronate,C2H5NO2,0,c,,,,,,Yeast-MetaTwin,s_3934,model,Extracted from Yeast-MetaTwin model; external IDs to be filled by mapping phase.
MODEL_CMPD:0002419,s_3935,Nitrite,NO2,-1,c,,,,,,Yeast-MetaTwin,s_3935,model,Extracted from Yeast-MetaTwin model; external IDs to be filled by mapping phase.
MODEL_CMPD:0002420,s_3936,iron(3+),Fe,3,e,,,,,,Yeast-MetaTwin,s_3936,model,Extracted from Yeast-MetaTwin model; external IDs to be filled by mapping phase.
MODEL_CMPD:0002421,s_3937,Acyl-CoA,C22H31N7O17P3SR,-4,er,,,,,,Yeast-MetaTwin,s_3937,model,Extracted from Yeast-MetaTwin model; external IDs to be filled by mapping phase.
MODEL_CMPD:0002422,s_3938,1-acyl-sn-glycerol 3-phosphate,C4H6O7PR,-2,er,,,,,,Yeast-MetaTwin,s_3938,model,Extracted from Yeast-MetaTwin model; external IDs to be filled by mapping phase.
MODEL_CMPD:0002423,s_3939,"1,2-diacyl-sn-glycerol 3-phosphate",C5H5O8PR2,-2,er,,,,,,Yeast-MetaTwin,s_3939,model,Extracted from Yeast-MetaTwin model; external IDs to be filled by mapping phase.
MODEL_CMPD:0002424,s_3940,Peptide diphthine,C13H20N4O3R2,0,c,,,,,,Yeast-MetaTwin,s_3940,model,Extracted from Yeast-MetaTwin model; external IDs to be filled by mapping phase.
MODEL_CMPD:0002425,s_3941,Peptide diphthamide,C13H22N5O2R2,1,c,,,,,,Yeast-MetaTwin,s_3941,model,Extracted from Yeast-MetaTwin model; external IDs to be filled by mapping phase.
MODEL_CMPD:0002426,s_3942,8-oxo-dGTP,C10H12N5O14P3,-4,p,,,,,,Yeast-MetaTwin,s_3942,model,Extracted from Yeast-MetaTwin model; external IDs to be filled by mapping phase.
MODEL_CMPD:0002427,s_3943,8-oxo-dGMP,C10H12N5O8P,-2,p,,,,,,Yeast-MetaTwin,s_3943,model,Extracted from Yeast-MetaTwin model; external IDs to be filled by mapping phase.
MODEL_CMPD:0002428,s_3944,Apoprotein,NH2R,0,m,,,,,,Yeast-MetaTwin,s_3944,model,Extracted from Yeast-MetaTwin model; external IDs to be filled by mapping phase.
MODEL_CMPD:0002429,s_3945,Protein N6-(octanoyl)lysine,C8H16NOR,0,m,,,,,,Yeast-MetaTwin,s_3945,model,Extracted from Yeast-MetaTwin model; external IDs to be filled by mapping phase.
MODEL_CMPD:0002430,s_3946,Lipoyl-[acp],C8H13OS3R,0,m,,,,,,Yeast-MetaTwin,s_3946,model,Extracted from Yeast-MetaTwin model; external IDs to be filled by mapping phase.
MODEL_CMPD:0002431,s_3947,Protein N6-(lipoyl)lysine,C8H14NOS2R,0,m,,,,,,Yeast-MetaTwin,s_3947,model,Extracted from Yeast-MetaTwin model; external IDs to be filled by mapping phase.
MODEL_CMPD:0002432,s_3948,beta-D-Fructose 6-phosphate,C6H11O9P,-2,c,,,,,,Yeast-MetaTwin,s_3948,model,Extracted from Yeast-MetaTwin model; external IDs to be filled by mapping phase.
MODEL_CMPD:0002433,s_3949,beta-D-Glucose,C6H12O6,0,c,,,,,,Yeast-MetaTwin,s_3949,model,Extracted from Yeast-MetaTwin model; external IDs to be filled by mapping phase.
MODEL_CMPD:0002434,s_3950,beta-D-Glucose 6-phosphate,C6H11O9P,-2,c,,,,,,Yeast-MetaTwin,s_3950,model,Extracted from Yeast-MetaTwin model; external IDs to be filled by mapping phase.
MODEL_CMPD:0002435,s_3951,alpha-D-Glucose,C6H12O6,0,c,,,,,,Yeast-MetaTwin,s_3951,model,Extracted from Yeast-MetaTwin model; external IDs to be filled by mapping phase.
MODEL_CMPD:0002436,s_3952,alpha-D-Glucose 6-phosphate,C6H11O9P,-2,c,,,,,,Yeast-MetaTwin,s_3952,model,Extracted from Yeast-MetaTwin model; external IDs to be filled by mapping phase.
MODEL_CMPD:0002437,s_3953,D-Glucosamine,C6H14NO5,1,c,,,,,,Yeast-MetaTwin,s_3953,model,Extracted from Yeast-MetaTwin model; external IDs to be filled by mapping phase.
MODEL_CMPD:0002438,s_3954,beta-D-Fructose,C6H12O6,0,c,,,,,,Yeast-MetaTwin,s_3954,model,Extracted from Yeast-MetaTwin model; external IDs to be filled by mapping phase.
MODEL_CMPD:0002439,s_3958,D-Glycerate,C3H5O4,-1,c,,,,,,Yeast-MetaTwin,s_3958,model,Extracted from Yeast-MetaTwin model; external IDs to be filled by mapping phase.
MODEL_CMPD:0002440,s_3959,2-Propynal,C3H2O,0,c,,,,,,Yeast-MetaTwin,s_3959,model,Extracted from Yeast-MetaTwin model; external IDs to be filled by mapping phase.
MODEL_CMPD:0002441,s_3960,Propynoate,C3HO2,-1,c,,,,,,Yeast-MetaTwin,s_3960,model,Extracted from Yeast-MetaTwin model; external IDs to be filled by mapping phase.
MODEL_CMPD:0002442,s_3961,D-Glucuronolactone,C6H8O6,0,c,,,,,,Yeast-MetaTwin,s_3961,model,Extracted from Yeast-MetaTwin model; external IDs to be filled by mapping phase.
MODEL_CMPD:0002443,s_3962,D-Glucarate,C6H8O8,-2,c,,,,,,Yeast-MetaTwin,s_3962,model,Extracted from Yeast-MetaTwin model; external IDs to be filled by mapping phase.
MODEL_CMPD:0002444,s_3963,4-Trimethylammoniobutanal,C7H16NO,1,c,,,,,,Yeast-MetaTwin,s_3963,model,Extracted from Yeast-MetaTwin model; external IDs to be filled by mapping phase.
MODEL_CMPD:0002445,s_3964,4-Trimethylammoniobutanoate,C7H15NO2,0,c,,,,,,Yeast-MetaTwin,s_3964,model,Extracted from Yeast-MetaTwin model; external IDs to be filled by mapping phase.
MODEL_CMPD:0002446,s_3965,(S)-Methylmalonate semialdehyde,C4H5O3,-1,c,,,,,,Yeast-MetaTwin,s_3965,model,Extracted from Yeast-MetaTwin model; external IDs to be filled by mapping phase.
MODEL_CMPD:0002447,s_3966,Methylmalonate,C4H4O4,-2,c,,,,,,Yeast-MetaTwin,s_3966,model,Extracted from Yeast-MetaTwin model; external IDs to be filled by mapping phase.
MODEL_CMPD:0002448,s_3967,Imidazole-4-acetaldehyde,C5H6N2O,0,c,,,,,,Yeast-MetaTwin,s_3967,model,Extracted from Yeast-MetaTwin model; external IDs to be filled by mapping phase.
MODEL_CMPD:0002449,s_3968,Imidazole-4-acetate,C5H5N2O2,-1,c,,,,,,Yeast-MetaTwin,s_3968,model,Extracted from Yeast-MetaTwin model; external IDs to be filled by mapping phase.
MODEL_CMPD:0002450,s_3969,"3alpha,7alpha-Dihydroxy-5beta-cholestan-26-al",C27H46O3,0,c,,,,,,Yeast-MetaTwin,s_3969,model,Extracted from Yeast-MetaTwin model; external IDs to be filled by mapping phase.
MODEL_CMPD:0002451,s_3970,"3alpha,7alpha-Dihydroxy-5beta-cholestanate",C27H45O4,-1,c,,,,,,Yeast-MetaTwin,s_3970,model,Extracted from Yeast-MetaTwin model; external IDs to be filled by mapping phase.
MODEL_CMPD:0002452,s_3971,5-Hydroxyindoleacetaldehyde,C10H9NO2,0,c,,,,,,Yeast-MetaTwin,s_3971,model,Extracted from Yeast-MetaTwin model; external IDs to be filled by mapping phase.
MODEL_CMPD:0002453,s_3972,5-Hydroxyindoleacetate,C10H8NO3,-1,c,,,,,,Yeast-MetaTwin,s_3972,model,Extracted from Yeast-MetaTwin model; external IDs to be filled by mapping phase.
MODEL_CMPD:0002454,s_3973,N4-Acetylaminobutanal,C6H11NO2,0,c,,,,,,Yeast-MetaTwin,s_3973,model,Extracted from Yeast-MetaTwin model; external IDs to be filled by mapping phase.
MODEL_CMPD:0002455,s_3974,4-Acetamidobutanoate,C6H10NO3,-1,c,,,,,,Yeast-MetaTwin,s_3974,model,Extracted from Yeast-MetaTwin model; external IDs to be filled by mapping phase.
MODEL_CMPD:0002456,s_3975,trans-3-Chloroallyl aldehyde,C3H3ClO,0,c,,,,,,Yeast-MetaTwin,s_3975,model,Extracted from Yeast-MetaTwin model; external IDs to be filled by mapping phase.
MODEL_CMPD:0002457,s_3976,trans-3-Chloroacrylic acid,C3H2ClO2,-1,c,,,,,,Yeast-MetaTwin,s_3976,model,Extracted from Yeast-MetaTwin model; external IDs to be filled by mapping phase.
MODEL_CMPD:0002458,s_3977,cis-3-Chloroallyl aldehyde,C3H3ClO,0,c,,,,,,Yeast-MetaTwin,s_3977,model,Extracted from Yeast-MetaTwin model; external IDs to be filled by mapping phase.
MODEL_CMPD:0002459,s_3978,cis-3-Chloroacrylic acid,C3H2ClO2,-1,c,,,,,,Yeast-MetaTwin,s_3978,model,Extracted from Yeast-MetaTwin model; external IDs to be filled by mapping phase.
MODEL_CMPD:0002460,s_3979,Chloroacetaldehyde,C2H3ClO,0,c,,,,,,Yeast-MetaTwin,s_3979,model,Extracted from Yeast-MetaTwin model; external IDs to be filled by mapping phase.
MODEL_CMPD:0002461,s_3980,Chloroacetic acid,C2H2ClO2,-1,c,,,,,,Yeast-MetaTwin,s_3980,model,Extracted from Yeast-MetaTwin model; external IDs to be filled by mapping phase.
MODEL_CMPD:0002462,s_3981,Perillyl aldehyde,C10H14O,0,c,,,,,,Yeast-MetaTwin,s_3981,model,Extracted from Yeast-MetaTwin model; external IDs to be filled by mapping phase.
MODEL_CMPD:0002463,s_3982,Perillic acid,C10H13O2,-1,c,,,,,,Yeast-MetaTwin,s_3982,model,Extracted from Yeast-MetaTwin model; external IDs to be filled by mapping phase.
MODEL_CMPD:0002464,s_3983,"2-trans,6-trans-Farnesal",C15H24O,0,c,,,,,,Yeast-MetaTwin,s_3983,model,Extracted from Yeast-MetaTwin model; external IDs to be filled by mapping phase.
MODEL_CMPD:0002465,s_3984,Farnesoic acid,C15H23O2,-1,c,,,,,,Yeast-MetaTwin,s_3984,model,Extracted from Yeast-MetaTwin model; external IDs to be filled by mapping phase.
MODEL_CMPD:0002466,s_3985,phospholipid,C5H6O8PR3,0,erm,,,,,,Yeast-MetaTwin,s_3985,model,Extracted from Yeast-MetaTwin model; external IDs to be filled by mapping phase.
MODEL_CMPD:0002467,s_3986,phospholipid,C5H6O8PR3,0,gm,,,,,,Yeast-MetaTwin,s_3986,model,Extracted from Yeast-MetaTwin model; external IDs to be filled by mapping phase.
MODEL_CMPD:0002468,s_3987,ADP,C10H12N5O10P2,-3,erm,,,,,,Yeast-MetaTwin,s_3987,model,Extracted from Yeast-MetaTwin model; external IDs to be filled by mapping phase.
MODEL_CMPD:0002469,s_3988,1-oleoyl-sn-glycerol,C21H40O4,0,c,,,,,,Yeast-MetaTwin,s_3988,model,Extracted from Yeast-MetaTwin model; external IDs to be filled by mapping phase.
MODEL_CMPD:0002470,s_3989,G10526,C66H112N2O42P2R,-2,er,,,,,,Yeast-MetaTwin,s_3989,model,Extracted from Yeast-MetaTwin model; external IDs to be filled by mapping phase.
MODEL_CMPD:0002471,s_3990,G00006,C78H132N2O52P2R,-2,er,,,,,,Yeast-MetaTwin,s_3990,model,Extracted from Yeast-MetaTwin model; external IDs to be filled by mapping phase.
MODEL_CMPD:0002472,s_3991,carnosine,C9H14N4O3,0,c,,,,,,Yeast-MetaTwin,s_3991,model,Extracted from Yeast-MetaTwin model; external IDs to be filled by mapping phase.
MODEL_CMPD:0002473,s_3992,anserine,C10H16N4O3,0,c,,,,,,Yeast-MetaTwin,s_3992,model,Extracted from Yeast-MetaTwin model; external IDs to be filled by mapping phase.
MODEL_CMPD:0002474,s_3993,G10595,C72H122N2O47P2R,-2,er,,,,,,Yeast-MetaTwin,s_3993,model,Extracted from Yeast-MetaTwin model; external IDs to be filled by mapping phase.
MODEL_CMPD:0002475,s_3994,G10596,C78H132N2O52P2R,-2,er,,,,,,Yeast-MetaTwin,s_3994,model,Extracted from Yeast-MetaTwin model; external IDs to be filled by mapping phase.
MODEL_CMPD:0002476,s_3995,G10597,C84H142N2O57P2R,-2,er,,,,,,Yeast-MetaTwin,s_3995,model,Extracted from Yeast-MetaTwin model; external IDs to be filled by mapping phase.
MODEL_CMPD:0002477,s_3996,G00007,C90H152N2O62P2R,-2,er,,,,,,Yeast-MetaTwin,s_3996,model,Extracted from Yeast-MetaTwin model; external IDs to be filled by mapping phase.
MODEL_CMPD:0002478,s_3997,glycolate,C2H3O3,-1,c,,,,,,Yeast-MetaTwin,s_3997,model,Extracted from Yeast-MetaTwin model; external IDs to be filled by mapping phase.
MODEL_CMPD:0002479,s_3998,sucrose,C12H22O11,0,c,,,,,,Yeast-MetaTwin,s_3998,model,Extracted from Yeast-MetaTwin model; external IDs to be filled by mapping phase.
MODEL_CMPD:0002480,s_3999,Isomaltose,C12H22O11,0,c,,,,,,Yeast-MetaTwin,s_3999,model,Extracted from Yeast-MetaTwin model; external IDs to be filled by mapping phase.
MODEL_CMPD:0002481,s_4000,Dextrin,C12H20O10,0,c,,,,,,Yeast-MetaTwin,s_4000,model,Extracted from Yeast-MetaTwin model; external IDs to be filled by mapping phase.
MODEL_CMPD:0002482,s_4001,G10598,C96H162N2O67P2R,0,er,,,,,,Yeast-MetaTwin,s_4001,model,Extracted from Yeast-MetaTwin model; external IDs to be filled by mapping phase.
MODEL_CMPD:0002483,s_4002,G00149,,0,er,,,,,,Yeast-MetaTwin,s_4002,model,Extracted from Yeast-MetaTwin model; external IDs to be filled by mapping phase.
MODEL_CMPD:0002484,s_4003,G00140,,0,er,,,,,,Yeast-MetaTwin,s_4003,model,Extracted from Yeast-MetaTwin model; external IDs to be filled by mapping phase.
MODEL_CMPD:0002485,s_4004,Sulfur donor,,0,m,,,,,,Yeast-MetaTwin,s_4004,model,Extracted from Yeast-MetaTwin model; external IDs to be filled by mapping phase.
MODEL_CMPD:0002486,s_4005,5'-Deoxyadenosine,C10H13N5O3,0,m,,,,,,Yeast-MetaTwin,s_4005,model,Extracted from Yeast-MetaTwin model; external IDs to be filled by mapping phase.
MODEL_CMPD:0002487,s_4006,S-sulfanyl-[L-cysteine desulfurase],,0,m,,,,,,Yeast-MetaTwin,s_4006,model,Extracted from Yeast-MetaTwin model; external IDs to be filled by mapping phase.
MODEL_CMPD:0002488,s_4007,[disordered-form [Fe-S] cluster scaffold protein],,0,m,,,,,,Yeast-MetaTwin,s_4007,model,Extracted from Yeast-MetaTwin model; external IDs to be filled by mapping phase.
MODEL_CMPD:0002489,s_4008,S-sulfanyl-[cysteine desulfurase]-[disordered-form scaffold protein] complex,,0,m,,,,,,Yeast-MetaTwin,s_4008,model,Extracted from Yeast-MetaTwin model; external IDs to be filled by mapping phase.
MODEL_CMPD:0002490,s_4009,hydrogen cyanide,CHN,0,m,,,,,,Yeast-MetaTwin,s_4009,model,Extracted from Yeast-MetaTwin model; external IDs to be filled by mapping phase.
MODEL_CMPD:0002491,s_4010,thiosulfate,HO3S2,-1,m,,,,,,Yeast-MetaTwin,s_4010,model,Extracted from Yeast-MetaTwin model; external IDs to be filled by mapping phase.
MODEL_CMPD:0002492,s_4011,sulphite,O3S,-2,m,,,,,,Yeast-MetaTwin,s_4011,model,Extracted from Yeast-MetaTwin model; external IDs to be filled by mapping phase.
MODEL_CMPD:0002493,s_4012,thiocyanate,CNS,-1,m,,,,,,Yeast-MetaTwin,s_4012,model,Extracted from Yeast-MetaTwin model; external IDs to be filled by mapping phase.
MODEL_CMPD:0002494,s_4013,Mg(2+),Mg,2,c,,,,,,Yeast-MetaTwin,s_4013,model,Extracted from Yeast-MetaTwin model; external IDs to be filled by mapping phase.
MODEL_CMPD:0002495,s_4014,Mg(2+),Mg,2,m,,,,,,Yeast-MetaTwin,s_4014,model,Extracted from Yeast-MetaTwin model; external IDs to be filled by mapping phase.
MODEL_CMPD:0002496,s_4015,UDP-D-glucose,C15H22N2O17P2,-2,er,,,,,,Yeast-MetaTwin,s_4015,model,Extracted from Yeast-MetaTwin model; external IDs to be filled by mapping phase.
MODEL_CMPD:0002497,s_4016,sulphate,O4S,-2,er,,,,,,Yeast-MetaTwin,s_4016,model,Extracted from Yeast-MetaTwin model; external IDs to be filled by mapping phase.
MODEL_CMPD:0002498,s_4017,N-Acetyl-D-glucosamine,C8H15NO6,0,c,,,,,,Yeast-MetaTwin,s_4017,model,Extracted from Yeast-MetaTwin model; external IDs to be filled by mapping phase.
MODEL_CMPD:0002499,s_4018,polyphosphate,HO7P2,-3,c,,,,,,Yeast-MetaTwin,s_4018,model,Extracted from Yeast-MetaTwin model; external IDs to be filled by mapping phase.
MODEL_CMPD:0002500,s_4019,Cu2(+),Cu,2,c,,,,,,Yeast-MetaTwin,s_4019,model,Extracted from Yeast-MetaTwin model; external IDs to be filled by mapping phase.
MODEL_CMPD:0002501,s_4020,Cu2(+),Cu,2,g,,,,,,Yeast-MetaTwin,s_4020,model,Extracted from Yeast-MetaTwin model; external IDs to be filled by mapping phase.
MODEL_CMPD:0002502,s_4021,2-Oxoglutaramate,C5H6NO4,-1,c,,,,,,Yeast-MetaTwin,s_4021,model,Extracted from Yeast-MetaTwin model; external IDs to be filled by mapping phase.
MODEL_CMPD:0002503,s_4022,porphyrin,C20H14N4,0,m,,,,,,Yeast-MetaTwin,s_4022,model,Extracted from Yeast-MetaTwin model; external IDs to be filled by mapping phase.
MODEL_CMPD:0002504,s_4023,porphyrin,C20H14N4,0,c,,,,,,Yeast-MetaTwin,s_4023,model,Extracted from Yeast-MetaTwin model; external IDs to be filled by mapping phase.
MODEL_CMPD:0002505,s_4024,Starch,C12H22O11,0,c,,,,,,Yeast-MetaTwin,s_4024,model,Extracted from Yeast-MetaTwin model; external IDs to be filled by mapping phase.
MODEL_CMPD:0002506,s_4025,UDP-N-acetyl-alpha-D-glucosamine,C17H25N3O17P2,-2,g,,,,,,Yeast-MetaTwin,s_4025,model,Extracted from Yeast-MetaTwin model; external IDs to be filled by mapping phase.
MODEL_CMPD:0002507,s_4026,Zn(2+),Zn,2,m,,,,,,Yeast-MetaTwin,s_4026,model,Extracted from Yeast-MetaTwin model; external IDs to be filled by mapping phase.
MODEL_CMPD:0002508,s_4027,Zn(2+),Zn,2,v,,,,,,Yeast-MetaTwin,s_4027,model,Extracted from Yeast-MetaTwin model; external IDs to be filled by mapping phase.
MODEL_CMPD:0002509,s_4028,RX,RX,0,m,,,,,,Yeast-MetaTwin,s_4028,model,Extracted from Yeast-MetaTwin model; external IDs to be filled by mapping phase.
MODEL_CMPD:0002510,s_4029,HX,X,-1,m,,,,,,Yeast-MetaTwin,s_4029,model,Extracted from Yeast-MetaTwin model; external IDs to be filled by mapping phase.
MODEL_CMPD:0002511,s_4030,R-S-glutathione,C10H16N3O6SR,0,m,,,,,,Yeast-MetaTwin,s_4030,model,Extracted from Yeast-MetaTwin model; external IDs to be filled by mapping phase.
MODEL_CMPD:0002512,s_4031,iron(3+),Fe,3,v,,,,,,Yeast-MetaTwin,s_4031,model,Extracted from Yeast-MetaTwin model; external IDs to be filled by mapping phase.
MODEL_CMPD:0002513,s_4032,[protein]-L-lysine,C6H13N2O,1,c,,,,,,Yeast-MetaTwin,s_4032,model,Extracted from Yeast-MetaTwin model; external IDs to be filled by mapping phase.
MODEL_CMPD:0002514,s_4033,[protein]-N(6)-acetyl-L-lysine,C8H14N2O2,0,c,,,,,,Yeast-MetaTwin,s_4033,model,Extracted from Yeast-MetaTwin model; external IDs to be filled by mapping phase.
MODEL_CMPD:0002515,s_4034,Ala-Gln,C8H15N3O4,0,e,,,,,,Yeast-MetaTwin,s_4034,model,Extracted from Yeast-MetaTwin model; external IDs to be filled by mapping phase.
MODEL_CMPD:0002516,s_4035,Ala-Gln,C8H15N3O4,0,c,,,,,,Yeast-MetaTwin,s_4035,model,Extracted from Yeast-MetaTwin model; external IDs to be filled by mapping phase.
MODEL_CMPD:0002517,s_4036,Ala-Gln,C8H15N3O4,0,v,,,,,,Yeast-MetaTwin,s_4036,model,Extracted from Yeast-MetaTwin model; external IDs to be filled by mapping phase.
MODEL_CMPD:0002518,s_4037,Ala-Glu,C8H13N2O5,-1,e,,,,,,Yeast-MetaTwin,s_4037,model,Extracted from Yeast-MetaTwin model; external IDs to be filled by mapping phase.
MODEL_CMPD:0002519,s_4038,Ala-Glu,C8H13N2O5,-1,c,,,,,,Yeast-MetaTwin,s_4038,model,Extracted from Yeast-MetaTwin model; external IDs to be filled by mapping phase.
MODEL_CMPD:0002520,s_4039,Ala-Glu,C8H13N2O5,-1,v,,,,,,Yeast-MetaTwin,s_4039,model,Extracted from Yeast-MetaTwin model; external IDs to be filled by mapping phase.
MODEL_CMPD:0002521,s_4040,Ala-Thr,C7H14N2O4,0,e,,,,,,Yeast-MetaTwin,s_4040,model,Extracted from Yeast-MetaTwin model; external IDs to be filled by mapping phase.
MODEL_CMPD:0002522,s_4041,Ala-Thr,C7H14N2O4,0,c,,,,,,Yeast-MetaTwin,s_4041,model,Extracted from Yeast-MetaTwin model; external IDs to be filled by mapping phase.
MODEL_CMPD:0002523,s_4042,Ala-Thr,C7H14N2O4,0,v,,,,,,Yeast-MetaTwin,s_4042,model,Extracted from Yeast-MetaTwin model; external IDs to be filled by mapping phase.
MODEL_CMPD:0002524,s_4043,L-threonine,C4H9NO3,0,v,,,,,,Yeast-MetaTwin,s_4043,model,Extracted from Yeast-MetaTwin model; external IDs to be filled by mapping phase.
MODEL_CMPD:0002525,s_4044,thymidine 3'-monophosphate,C10H13N2O8P,-2,c,,,,,,Yeast-MetaTwin,s_4044,model,Extracted from Yeast-MetaTwin model; external IDs to be filled by mapping phase.
MODEL_CMPD:0002526,s_4045,thymidine 3'-monophosphate,C10H13N2O8P,-2,e,,,,,,Yeast-MetaTwin,s_4045,model,Extracted from Yeast-MetaTwin model; external IDs to be filled by mapping phase.
MODEL_CMPD:0002527,s_4046,thymidine 5'-monophosphate,C10H13N2O8P,-2,c,,,,,,Yeast-MetaTwin,s_4046,model,Extracted from Yeast-MetaTwin model; external IDs to be filled by mapping phase.
MODEL_CMPD:0002528,s_4047,thymidine 5'-monophosphate,C10H13N2O8P,-2,e,,,,,,Yeast-MetaTwin,s_4047,model,Extracted from Yeast-MetaTwin model; external IDs to be filled by mapping phase.
MODEL_CMPD:0002529,s_4048,glycerol 1-phosphate,C3H7O6P,-2,c,,,,,,Yeast-MetaTwin,s_4048,model,Extracted from Yeast-MetaTwin model; external IDs to be filled by mapping phase.
MODEL_CMPD:0002530,s_4049,glycerol 1-phosphate,C3H7O6P,-2,e,,,,,,Yeast-MetaTwin,s_4049,model,Extracted from Yeast-MetaTwin model; external IDs to be filled by mapping phase.
MODEL_CMPD:0002531,s_4050,Ala-His,C9H14N4O3,0,e,,,,,,Yeast-MetaTwin,s_4050,model,Extracted from Yeast-MetaTwin model; external IDs to be filled by mapping phase.
MODEL_CMPD:0002532,s_4051,Ala-His,C9H14N4O3,0,c,,,,,,Yeast-MetaTwin,s_4051,model,Extracted from Yeast-MetaTwin model; external IDs to be filled by mapping phase.
MODEL_CMPD:0002533,s_4052,Ala-His,C9H14N4O3,0,v,,,,,,Yeast-MetaTwin,s_4052,model,Extracted from Yeast-MetaTwin model; external IDs to be filled by mapping phase.
MODEL_CMPD:0002534,s_4053,Gly-Asn,C6H11N3O4,0,e,,,,,,Yeast-MetaTwin,s_4053,model,Extracted from Yeast-MetaTwin model; external IDs to be filled by mapping phase.
MODEL_CMPD:0002535,s_4054,Gly-Asn,C6H11N3O4,0,c,,,,,,Yeast-MetaTwin,s_4054,model,Extracted from Yeast-MetaTwin model; external IDs to be filled by mapping phase.
MODEL_CMPD:0002536,s_4055,Gly-Asn,C6H11N3O4,0,v,,,,,,Yeast-MetaTwin,s_4055,model,Extracted from Yeast-MetaTwin model; external IDs to be filled by mapping phase.
MODEL_CMPD:0002537,s_4056,Gly-Gln,C7H13N3O4,0,e,,,,,,Yeast-MetaTwin,s_4056,model,Extracted from Yeast-MetaTwin model; external IDs to be filled by mapping phase.
MODEL_CMPD:0002538,s_4057,Gly-Gln,C7H13N3O4,0,c,,,,,,Yeast-MetaTwin,s_4057,model,Extracted from Yeast-MetaTwin model; external IDs to be filled by mapping phase.
MODEL_CMPD:0002539,s_4058,Gly-Gln,C7H13N3O4,0,v,,,,,,Yeast-MetaTwin,s_4058,model,Extracted from Yeast-MetaTwin model; external IDs to be filled by mapping phase.
MODEL_CMPD:0002540,s_4059,Gly-Glu,C7H11N2O5,-1,e,,,,,,Yeast-MetaTwin,s_4059,model,Extracted from Yeast-MetaTwin model; external IDs to be filled by mapping phase.
MODEL_CMPD:0002541,s_4060,Gly-Glu,C7H11N2O5,-1,c,,,,,,Yeast-MetaTwin,s_4060,model,Extracted from Yeast-MetaTwin model; external IDs to be filled by mapping phase.
MODEL_CMPD:0002542,s_4061,Gly-Glu,C7H11N2O5,-1,v,,,,,,Yeast-MetaTwin,s_4061,model,Extracted from Yeast-MetaTwin model; external IDs to be filled by mapping phase.
MODEL_CMPD:0002543,s_4062,glycerol 2-phosphate(2-),C3H7O6P,-2,c,,,,,,Yeast-MetaTwin,s_4062,model,Extracted from Yeast-MetaTwin model; external IDs to be filled by mapping phase.
MODEL_CMPD:0002544,s_4063,glycerol 2-phosphate(2-),C3H7O6P,-2,e,,,,,,Yeast-MetaTwin,s_4063,model,Extracted from Yeast-MetaTwin model; external IDs to be filled by mapping phase.
MODEL_CMPD:0002545,s_4064,O-phospho-L-threonine,C4H8NO6P,-2,c,,,,,,Yeast-MetaTwin,s_4064,model,Extracted from Yeast-MetaTwin model; external IDs to be filled by mapping phase.
MODEL_CMPD:0002546,s_4065,O-phospho-L-threonine,C4H8NO6P,-2,e,,,,,,Yeast-MetaTwin,s_4065,model,Extracted from Yeast-MetaTwin model; external IDs to be filled by mapping phase.
MODEL_CMPD:0002547,s_4066,guanosine 2'-monophosphate,C10H12N5O8P,-2,c,,,,,,Yeast-MetaTwin,s_4066,model,Extracted from Yeast-MetaTwin model; external IDs to be filled by mapping phase.
MODEL_CMPD:0002548,s_4067,guanosine 2'-monophosphate,C10H12N5O8P,-2,e,,,,,,Yeast-MetaTwin,s_4067,model,Extracted from Yeast-MetaTwin model; external IDs to be filled by mapping phase.
MODEL_CMPD:0002549,s_4068,3'-GMP,C10H12N5O8P,-2,c,,,,,,Yeast-MetaTwin,s_4068,model,Extracted from Yeast-MetaTwin model; external IDs to be filled by mapping phase.
MODEL_CMPD:0002550,s_4069,3'-GMP,C10H12N5O8P,-2,e,,,,,,Yeast-MetaTwin,s_4069,model,Extracted from Yeast-MetaTwin model; external IDs to be filled by mapping phase.
MODEL_CMPD:0002551,s_4070,2-phosphoglycolate,C2H2O6P,-3,e,,,,,,Yeast-MetaTwin,s_4070,model,Extracted from Yeast-MetaTwin model; external IDs to be filled by mapping phase.
MODEL_CMPD:0002552,s_4071,2-phosphoglycolate,C2H2O6P,-3,c,,,,,,Yeast-MetaTwin,s_4071,model,Extracted from Yeast-MetaTwin model; external IDs to be filled by mapping phase.
MODEL_CMPD:0002553,s_4072,cysteamine S-phosphate,C2H7NO3PS,-1,c,,,,,,Yeast-MetaTwin,s_4072,model,Extracted from Yeast-MetaTwin model; external IDs to be filled by mapping phase.
MODEL_CMPD:0002554,s_4073,cysteamine,C2H8NS,1,c,,,,,,Yeast-MetaTwin,s_4073,model,Extracted from Yeast-MetaTwin model; external IDs to be filled by mapping phase.
MODEL_CMPD:0002555,s_4074,cysteamine,C2H8NS,1,e,,,,,,Yeast-MetaTwin,s_4074,model,Extracted from Yeast-MetaTwin model; external IDs to be filled by mapping phase.
MODEL_CMPD:0002556,s_4075,cysteamine S-phosphate,C2H7NO3PS,-1,e,,,,,,Yeast-MetaTwin,s_4075,model,Extracted from Yeast-MetaTwin model; external IDs to be filled by mapping phase.
MODEL_CMPD:0002557,s_4076,hypotaurine,C2H7NO2S,0,c,,,,,,Yeast-MetaTwin,s_4076,model,Extracted from Yeast-MetaTwin model; external IDs to be filled by mapping phase.
MODEL_CMPD:0002558,s_4077,O-phosphonatooxy-D-serine(2-),C3H6NO6P,-2,c,,,,,,Yeast-MetaTwin,s_4077,model,Extracted from Yeast-MetaTwin model; external IDs to be filled by mapping phase.
MODEL_CMPD:0002559,s_4078,O-phosphonatooxy-D-serine(2-),C3H6NO6P,-2,e,,,,,,Yeast-MetaTwin,s_4078,model,Extracted from Yeast-MetaTwin model; external IDs to be filled by mapping phase.
MODEL_CMPD:0002560,s_4079,2-aminobutanoate,C4H9NO2,0,c,,,,,,Yeast-MetaTwin,s_4079,model,Extracted from Yeast-MetaTwin model; external IDs to be filled by mapping phase.
MODEL_CMPD:0002561,s_4080,2-aminobutanoate,C4H9NO2,0,e,,,,,,Yeast-MetaTwin,s_4080,model,Extracted from Yeast-MetaTwin model; external IDs to be filled by mapping phase.
MODEL_CMPD:0002562,s_4081,uridine 2'-phosphate,C9H11N2O9P,-2,c,,,,,,Yeast-MetaTwin,s_4081,model,Extracted from Yeast-MetaTwin model; external IDs to be filled by mapping phase.
MODEL_CMPD:0002563,s_4082,uridine 2'-phosphate,C9H11N2O9P,-2,e,,,,,,Yeast-MetaTwin,s_4082,model,Extracted from Yeast-MetaTwin model; external IDs to be filled by mapping phase.
MODEL_CMPD:0002564,s_4083,3'-UMP,C9H11N2O9P,-2,c,,,,,,Yeast-MetaTwin,s_4083,model,Extracted from Yeast-MetaTwin model; external IDs to be filled by mapping phase.
MODEL_CMPD:0002565,s_4084,3'-UMP,C9H11N2O9P,-2,e,,,,,,Yeast-MetaTwin,s_4084,model,Extracted from Yeast-MetaTwin model; external IDs to be filled by mapping phase.
MODEL_CMPD:0002566,s_4085,Gly-Met,C7H14N2O3S,0,e,,,,,,Yeast-MetaTwin,s_4085,model,Extracted from Yeast-MetaTwin model; external IDs to be filled by mapping phase.
MODEL_CMPD:0002567,s_4086,Gly-Met,C7H14N2O3S,0,c,,,,,,Yeast-MetaTwin,s_4086,model,Extracted from Yeast-MetaTwin model; external IDs to be filled by mapping phase.
MODEL_CMPD:0002568,s_4087,Gly-Met,C7H14N2O3S,0,v,,,,,,Yeast-MetaTwin,s_4087,model,Extracted from Yeast-MetaTwin model; external IDs to be filled by mapping phase.
MODEL_CMPD:0002569,s_4088,N-phosphocreatine,C4H8N3O5P,-2,c,,,,,,Yeast-MetaTwin,s_4088,model,Extracted from Yeast-MetaTwin model; external IDs to be filled by mapping phase.
MODEL_CMPD:0002570,s_4089,creatinine,C4H7N3O,0,c,,,,,,Yeast-MetaTwin,s_4089,model,Extracted from Yeast-MetaTwin model; external IDs to be filled by mapping phase.
MODEL_CMPD:0002571,s_4090,N-phosphocreatine,C4H8N3O5P,-2,e,,,,,,Yeast-MetaTwin,s_4090,model,Extracted from Yeast-MetaTwin model; external IDs to be filled by mapping phase.
MODEL_CMPD:0002572,s_4091,creatinine,C4H7N3O,0,e,,,,,,Yeast-MetaTwin,s_4091,model,Extracted from Yeast-MetaTwin model; external IDs to be filled by mapping phase.
MODEL_CMPD:0002573,s_4092,N(omega)-phospho-L-arginine,C6H14N4O5P,-1,c,,,,,,Yeast-MetaTwin,s_4092,model,Extracted from Yeast-MetaTwin model; external IDs to be filled by mapping phase.
MODEL_CMPD:0002574,s_4093,N(omega)-phospho-L-arginine,C6H14N4O5P,-1,e,,,,,,Yeast-MetaTwin,s_4093,model,Extracted from Yeast-MetaTwin model; external IDs to be filled by mapping phase.
MODEL_CMPD:0002575,s_4094,"2',3'-cyclic GMP",C10H11N5O7P,-1,c,,,,,,Yeast-MetaTwin,s_4094,model,Extracted from Yeast-MetaTwin model; external IDs to be filled by mapping phase.
MODEL_CMPD:0002576,s_4095,"2',3'-cyclic GMP",C10H11N5O7P,-1,e,,,,,,Yeast-MetaTwin,s_4095,model,Extracted from Yeast-MetaTwin model; external IDs to be filled by mapping phase.
MODEL_CMPD:0002577,s_4096,O(4)-phospho-L-tyrosine,C9H10NO6P,-2,c,,,,,,Yeast-MetaTwin,s_4096,model,Extracted from Yeast-MetaTwin model; external IDs to be filled by mapping phase.
MODEL_CMPD:0002578,s_4097,O(4)-phospho-L-tyrosine,C9H10NO6P,-2,e,,,,,,Yeast-MetaTwin,s_4097,model,Extracted from Yeast-MetaTwin model; external IDs to be filled by mapping phase.
MODEL_CMPD:0002579,s_4098,triphosphate,O10P3,-5,c,,,,,,Yeast-MetaTwin,s_4098,model,Extracted from Yeast-MetaTwin model; external IDs to be filled by mapping phase.
MODEL_CMPD:0002580,s_4099,triphosphate,O10P3,-5,e,,,,,,Yeast-MetaTwin,s_4099,model,Extracted from Yeast-MetaTwin model; external IDs to be filled by mapping phase.
MODEL_CMPD:0002581,s_4100,cytidine 2'-phosphate,C9H12N3O8P,-2,c,,,,,,Yeast-MetaTwin,s_4100,model,Extracted from Yeast-MetaTwin model; external IDs to be filled by mapping phase.
MODEL_CMPD:0002582,s_4101,cytidine 2'-phosphate,C9H12N3O8P,-2,e,,,,,,Yeast-MetaTwin,s_4101,model,Extracted from Yeast-MetaTwin model; external IDs to be filled by mapping phase.
MODEL_CMPD:0002583,s_4102,"2',3'-cyclic UMP",C9H10N2O8P,-1,c,,,,,,Yeast-MetaTwin,s_4102,model,Extracted from Yeast-MetaTwin model; external IDs to be filled by mapping phase.
MODEL_CMPD:0002584,s_4103,"2',3'-cyclic UMP",C9H10N2O8P,-1,e,,,,,,Yeast-MetaTwin,s_4103,model,Extracted from Yeast-MetaTwin model; external IDs to be filled by mapping phase.
MODEL_CMPD:0002585,s_4104,3-sulfino-L-alanine,C3H6NO4S,-1,c,,,,,,Yeast-MetaTwin,s_4104,model,Extracted from Yeast-MetaTwin model; external IDs to be filled by mapping phase.
MODEL_CMPD:0002586,s_4105,3-sulfino-L-alanine,C3H6NO4S,-1,e,,,,,,Yeast-MetaTwin,s_4105,model,Extracted from Yeast-MetaTwin model; external IDs to be filled by mapping phase.
MODEL_CMPD:0002587,s_4106,3'-AMP,C10H12N5O7P,-2,c,,,,,,Yeast-MetaTwin,s_4106,model,Extracted from Yeast-MetaTwin model; external IDs to be filled by mapping phase.
MODEL_CMPD:0002588,s_4107,3'-AMP,C10H12N5O7P,-2,e,,,,,,Yeast-MetaTwin,s_4107,model,Extracted from Yeast-MetaTwin model; external IDs to be filled by mapping phase.
MODEL_CMPD:0002589,s_4108,6-O-alpha-D-glucopyranosyl-D-fructofuranose,C12H22O11,0,c,,,,,,Yeast-MetaTwin,s_4108,model,Extracted from Yeast-MetaTwin model; external IDs to be filled by mapping phase.
MODEL_CMPD:0002590,s_4109,6-O-alpha-D-glucopyranosyl-D-fructofuranose,C12H22O11,0,e,,,,,,Yeast-MetaTwin,s_4109,model,Extracted from Yeast-MetaTwin model; external IDs to be filled by mapping phase.
MODEL_CMPD:0002591,s_4110,N-acetyl-L-cysteine,C5H8NO3S,-1,c,,,,,,Yeast-MetaTwin,s_4110,model,Extracted from Yeast-MetaTwin model; external IDs to be filled by mapping phase.
MODEL_CMPD:0002592,s_4111,N-acetyl-L-cysteine,C5H8NO3S,-1,e,,,,,,Yeast-MetaTwin,s_4111,model,Extracted from Yeast-MetaTwin model; external IDs to be filled by mapping phase.
MODEL_CMPD:0002593,s_4112,tetrathionate,O6S4,-2,c,,,,,,Yeast-MetaTwin,s_4112,model,Extracted from Yeast-MetaTwin model; external IDs to be filled by mapping phase.
MODEL_CMPD:0002594,s_4113,thiosulfate,HO3S2,-1,c,,,,,,Yeast-MetaTwin,s_4113,model,Extracted from Yeast-MetaTwin model; external IDs to be filled by mapping phase.
MODEL_CMPD:0002595,s_4114,tetrathionate,O6S4,-2,e,,,,,,Yeast-MetaTwin,s_4114,model,Extracted from Yeast-MetaTwin model; external IDs to be filled by mapping phase.
MODEL_CMPD:0002596,s_4115,2-hydroxyethane-1-sulfonate,C2H5O4S,-1,c,,,,,,Yeast-MetaTwin,s_4115,model,Extracted from Yeast-MetaTwin model; external IDs to be filled by mapping phase.
MODEL_CMPD:0002597,s_4116,2-hydroxyethane-1-sulfonate,C2H5O4S,-1,e,,,,,,Yeast-MetaTwin,s_4116,model,Extracted from Yeast-MetaTwin model; external IDs to be filled by mapping phase.
MODEL_CMPD:0002598,s_4117,5-dehydro-D-gluconate,C6H9O7,-1,c,,,,,,Yeast-MetaTwin,s_4117,model,Extracted from Yeast-MetaTwin model; external IDs to be filled by mapping phase.
MODEL_CMPD:0002599,s_4118,5-dehydro-D-gluconate,C6H9O7,-1,e,,,,,,Yeast-MetaTwin,s_4118,model,Extracted from Yeast-MetaTwin model; external IDs to be filled by mapping phase.
MODEL_CMPD:0002600,s_4119,Ala-Asp,C7H11N2O5,-1,e,,,,,,Yeast-MetaTwin,s_4119,model,Extracted from Yeast-MetaTwin model; external IDs to be filled by mapping phase.
MODEL_CMPD:0002601,s_4120,Ala-Asp,C7H11N2O5,-1,c,,,,,,Yeast-MetaTwin,s_4120,model,Extracted from Yeast-MetaTwin model; external IDs to be filled by mapping phase.
MODEL_CMPD:0002602,s_4121,Ala-Asp,C7H11N2O5,-1,v,,,,,,Yeast-MetaTwin,s_4121,model,Extracted from Yeast-MetaTwin model; external IDs to be filled by mapping phase.
MODEL_CMPD:0002603,s_4122,methyl alpha-D-glucopyranoside,C7H14O6,0,c,,,,,,Yeast-MetaTwin,s_4122,model,Extracted from Yeast-MetaTwin model; external IDs to be filled by mapping phase.
MODEL_CMPD:0002604,s_4123,methanol,CH4O,0,c,,,,,,Yeast-MetaTwin,s_4123,model,Extracted from Yeast-MetaTwin model; external IDs to be filled by mapping phase.
MODEL_CMPD:0002605,s_4124,methanol,CH4O,0,e,,,,,,Yeast-MetaTwin,s_4124,model,Extracted from Yeast-MetaTwin model; external IDs to be filled by mapping phase.
MODEL_CMPD:0002606,s_4125,methyl alpha-D-glucopyranoside,C7H14O6,0,e,,,,,,Yeast-MetaTwin,s_4125,model,Extracted from Yeast-MetaTwin model; external IDs to be filled by mapping phase.
MODEL_CMPD:0002607,s_4126,"2',3'-cyclic CMP",C9H11N3O7P,-1,c,,,,,,Yeast-MetaTwin,s_4126,model,Extracted from Yeast-MetaTwin model; external IDs to be filled by mapping phase.
MODEL_CMPD:0002608,s_4127,"2',3'-cyclic CMP",C9H11N3O7P,-1,e,,,,,,Yeast-MetaTwin,s_4127,model,Extracted from Yeast-MetaTwin model; external IDs to be filled by mapping phase.
MODEL_CMPD:0002609,s_4128,D-tagatose,C6H12O6,0,c,,,,,,Yeast-MetaTwin,s_4128,model,Extracted from Yeast-MetaTwin model; external IDs to be filled by mapping phase.
MODEL_CMPD:0002610,s_4129,D-tagatofuranose 6-phosphate,C6H11O9P,-2,c,,,,,,Yeast-MetaTwin,s_4129,model,Extracted from Yeast-MetaTwin model; external IDs to be filled by mapping phase.
MODEL_CMPD:0002611,s_4130,D-tagatose,C6H12O6,0,e,,,,,,Yeast-MetaTwin,s_4130,model,Extracted from Yeast-MetaTwin model; external IDs to be filled by mapping phase.
MODEL_CMPD:0002612,s_4131,turanose,C12H22O11,0,e,,,,,,Yeast-MetaTwin,s_4131,model,Extracted from Yeast-MetaTwin model; external IDs to be filled by mapping phase.
MODEL_CMPD:0002613,s_4132,acetoacetate,C4H5O3,-1,c,,,,,,Yeast-MetaTwin,s_4132,model,Extracted from Yeast-MetaTwin model; external IDs to be filled by mapping phase.
MODEL_CMPD:0002614,s_4133,acetoacetate,C4H5O3,-1,e,,,,,,Yeast-MetaTwin,s_4133,model,Extracted from Yeast-MetaTwin model; external IDs to be filled by mapping phase.
MODEL_CMPD:0002615,s_4134,N(alpha)-acetyl-L-methionine,C7H12NO3S,-1,c,,,,,,Yeast-MetaTwin,s_4134,model,Extracted from Yeast-MetaTwin model; external IDs to be filled by mapping phase.
MODEL_CMPD:0002616,s_4135,N(alpha)-acetyl-L-methionine,C7H12NO3S,-1,e,,,,,,Yeast-MetaTwin,s_4135,model,Extracted from Yeast-MetaTwin model; external IDs to be filled by mapping phase.
MODEL_CMPD:0002617,s_4136,3-oxalomalate(3-),C6H3O8,-3,c,,,,,,Yeast-MetaTwin,s_4136,model,Extracted from Yeast-MetaTwin model; external IDs to be filled by mapping phase.
MODEL_CMPD:0002618,s_4137,3-oxalomalate(3-),C6H3O8,-3,e,,,,,,Yeast-MetaTwin,s_4137,model,Extracted from Yeast-MetaTwin model; external IDs to be filled by mapping phase.
MODEL_CMPD:0002619,s_4138,L-cysteate,C3H6NO5S,-1,c,,,,,,Yeast-MetaTwin,s_4138,model,Extracted from Yeast-MetaTwin model; external IDs to be filled by mapping phase.
MODEL_CMPD:0002620,s_4139,L-cysteate,C3H6NO5S,-1,e,,,,,,Yeast-MetaTwin,s_4139,model,Extracted from Yeast-MetaTwin model; external IDs to be filled by mapping phase.
MODEL_CMPD:0002621,s_4140,alpha-maltotriose,C18H32O16,0,e,,,,,,Yeast-MetaTwin,s_4140,model,Extracted from Yeast-MetaTwin model; external IDs to be filled by mapping phase.
MODEL_CMPD:0002622,s_4141,2-phospho-D-glyceric acid,C3H4O7P,-3,e,,,,,,Yeast-MetaTwin,s_4141,model,Extracted from Yeast-MetaTwin model; external IDs to be filled by mapping phase.
MODEL_CMPD:0002623,s_4142,3-phosphonato-D-glycerate(3-),C3H4O7P,-3,e,,,,,,Yeast-MetaTwin,s_4142,model,Extracted from Yeast-MetaTwin model; external IDs to be filled by mapping phase.
MODEL_CMPD:0002624,s_4143,Met-Ala,C8H16N2O3S,0,e,,,,,,Yeast-MetaTwin,s_4143,model,Extracted from Yeast-MetaTwin model; external IDs to be filled by mapping phase.
MODEL_CMPD:0002625,s_4144,Met-Ala,C8H16N2O3S,0,c,,,,,,Yeast-MetaTwin,s_4144,model,Extracted from Yeast-MetaTwin model; external IDs to be filled by mapping phase.
MODEL_CMPD:0002626,s_4145,D-glucose 1-phosphate,C6H11O9P,-2,e,,,,,,Yeast-MetaTwin,s_4145,model,Extracted from Yeast-MetaTwin model; external IDs to be filled by mapping phase.
MODEL_CMPD:0002627,s_4146,carbamoyl phosphate,CH2NO5P,-2,e,,,,,,Yeast-MetaTwin,s_4146,model,Extracted from Yeast-MetaTwin model; external IDs to be filled by mapping phase.
MODEL_CMPD:0002628,s_4147,3-phospho-serine,C3H6NO6P,-2,e,,,,,,Yeast-MetaTwin,s_4147,model,Extracted from Yeast-MetaTwin model; external IDs to be filled by mapping phase.
MODEL_CMPD:0002629,s_4148,GMP,C10H12N5O8P,-2,e,,,,,,Yeast-MetaTwin,s_4148,model,Extracted from Yeast-MetaTwin model; external IDs to be filled by mapping phase.
MODEL_CMPD:0002630,s_4149,myo-inositol hexakisphosphate,C6H6O24P6,-12,e,,,,,,Yeast-MetaTwin,s_4149,model,Extracted from Yeast-MetaTwin model; external IDs to be filled by mapping phase.
MODEL_CMPD:0002631,s_4150,D-glucose 6-phosphate,C6H11O9P,-2,e,,,,,,Yeast-MetaTwin,s_4150,model,Extracted from Yeast-MetaTwin model; external IDs to be filled by mapping phase.
MODEL_CMPD:0002632,s_4151,UMP,C9H11N2O9P,-2,e,,,,,,Yeast-MetaTwin,s_4151,model,Extracted from Yeast-MetaTwin model; external IDs to be filled by mapping phase.
MODEL_CMPD:0002633,s_4152,phosphoenolpyruvate,C3H2O6P,-3,e,,,,,,Yeast-MetaTwin,s_4152,model,Extracted from Yeast-MetaTwin model; external IDs to be filled by mapping phase.
MODEL_CMPD:0002634,s_4153,D-mannose 6-phosphate,C6H11O9P,-2,e,,,,,,Yeast-MetaTwin,s_4153,model,Extracted from Yeast-MetaTwin model; external IDs to be filled by mapping phase.
MODEL_CMPD:0002635,s_4154,O-phosphoethanolamine,C2H7NO4P,-1,e,,,,,,Yeast-MetaTwin,s_4154,model,Extracted from Yeast-MetaTwin model; external IDs to be filled by mapping phase.
MODEL_CMPD:0002636,s_4155,6-phospho-D-gluconate,C6H10O10P,-3,e,,,,,,Yeast-MetaTwin,s_4155,model,Extracted from Yeast-MetaTwin model; external IDs to be filled by mapping phase.
MODEL_CMPD:0002637,s_4156,D-mannose 1-phosphate,C6H11O9P,-2,e,,,,,,Yeast-MetaTwin,s_4156,model,Extracted from Yeast-MetaTwin model; external IDs to be filled by mapping phase.
MODEL_CMPD:0002638,s_4157,diphosphate,HO7P2,-3,e,,,,,,Yeast-MetaTwin,s_4157,model,Extracted from Yeast-MetaTwin model; external IDs to be filled by mapping phase.
MODEL_CMPD:0002639,s_4158,choline phosphate,C5H13NO4P,-1,e,,,,,,Yeast-MetaTwin,s_4158,model,Extracted from Yeast-MetaTwin model; external IDs to be filled by mapping phase.
MODEL_CMPD:0002640,s_4159,thiosulfate,HO3S2,-1,e,,,,,,Yeast-MetaTwin,s_4159,model,Extracted from Yeast-MetaTwin model; external IDs to be filled by mapping phase.
MODEL_CMPD:0002641,s_4160,AMP,C10H12N5O7P,-2,e,,,,,,Yeast-MetaTwin,s_4160,model,Extracted from Yeast-MetaTwin model; external IDs to be filled by mapping phase.
MODEL_CMPD:0002642,s_4161,"2',3'-cyclic AMP",C10H11N5O6P,-1,e,,,,,,Yeast-MetaTwin,s_4161,model,Extracted from Yeast-MetaTwin model; external IDs to be filled by mapping phase.
MODEL_CMPD:0002643,s_4162,adenosine 2'-phosphate,C10H12N5O7P,-2,e,,,,,,Yeast-MetaTwin,s_4162,model,Extracted from Yeast-MetaTwin model; external IDs to be filled by mapping phase.
MODEL_CMPD:0002644,s_4163,CMP,C9H12N3O8P,-2,e,,,,,,Yeast-MetaTwin,s_4163,model,Extracted from Yeast-MetaTwin model; external IDs to be filled by mapping phase.
MODEL_CMPD:0002645,s_4164,D-Glucosamine,C6H14NO5,1,e,,,,,,Yeast-MetaTwin,s_4164,model,Extracted from Yeast-MetaTwin model; external IDs to be filled by mapping phase.
MODEL_CMPD:0002646,s_4165,2-deoxy-D-ribose,C5H10O4,0,e,,,,,,Yeast-MetaTwin,s_4165,model,Extracted from Yeast-MetaTwin model; external IDs to be filled by mapping phase.
MODEL_CMPD:0002647,s_4166,L-citrulline,C6H13N3O3,0,e,,,,,,Yeast-MetaTwin,s_4166,model,Extracted from Yeast-MetaTwin model; external IDs to be filled by mapping phase.
MODEL_CMPD:0002648,s_4167,glycerone,C3H6O3,0,e,,,,,,Yeast-MetaTwin,s_4167,model,Extracted from Yeast-MetaTwin model; external IDs to be filled by mapping phase.
MODEL_CMPD:0002649,s_4168,Ala-Leu,C9H18N2O3,0,e,,,,,,Yeast-MetaTwin,s_4168,model,Extracted from Yeast-MetaTwin model; external IDs to be filled by mapping phase.
MODEL_CMPD:0002650,s_4169,Ala-Leu,C9H18N2O3,0,c,,,,,,Yeast-MetaTwin,s_4169,model,Extracted from Yeast-MetaTwin model; external IDs to be filled by mapping phase.
MODEL_CMPD:0002651,s_4170,Ala-Gly,C5H10N2O3,0,e,,,,,,Yeast-MetaTwin,s_4170,model,Extracted from Yeast-MetaTwin model; external IDs to be filled by mapping phase.
MODEL_CMPD:0002652,s_4171,Ala-Gly,C5H10N2O3,0,c,,,,,,Yeast-MetaTwin,s_4171,model,Extracted from Yeast-MetaTwin model; external IDs to be filled by mapping phase.
MODEL_CMPD:0002653,s_4172,N-acetyl-L-glutamate,C7H9NO5,-2,e,,,,,,Yeast-MetaTwin,s_4172,model,Extracted from Yeast-MetaTwin model; external IDs to be filled by mapping phase.
MODEL_CMPD:0002654,s_4173,N-acetyl-L-glutamate,C7H9NO5,-2,c,,,,,,Yeast-MetaTwin,s_4173,model,Extracted from Yeast-MetaTwin model; external IDs to be filled by mapping phase.
MODEL_CMPD:0002655,s_4174,lipoamide,C8H15NOS2,0,e,,,,,,Yeast-MetaTwin,s_4174,model,Extracted from Yeast-MetaTwin model; external IDs to be filled by mapping phase.
MODEL_CMPD:0002656,s_4175,lipoamide,C8H15NOS2,0,c,,,,,,Yeast-MetaTwin,s_4175,model,Extracted from Yeast-MetaTwin model; external IDs to be filled by mapping phase.
MODEL_CMPD:0002657,s_4176,L-Methionine S-oxide,C5H11NO3S,0,e,,,,,,Yeast-MetaTwin,s_4176,model,Extracted from Yeast-MetaTwin model; external IDs to be filled by mapping phase.
MODEL_CMPD:0002658,s_4177,homogentisate,C8H7O4,-1,c,,,,,,Yeast-MetaTwin,s_4177,model,Extracted from Yeast-MetaTwin model; external IDs to be filled by mapping phase.
MODEL_CMPD:0002659,s_4178,4-maleylacetoacetate,C8H6O6,-2,c,,,,,,Yeast-MetaTwin,s_4178,model,Extracted from Yeast-MetaTwin model; external IDs to be filled by mapping phase.
MODEL_CMPD:0002660,s_4179,4-fumarylacetoacetate,C8H6O6,-2,c,,,,,,Yeast-MetaTwin,s_4179,model,Extracted from Yeast-MetaTwin model; external IDs to be filled by mapping phase.
MODEL_CMPD:0002661,s_4180,L-xylulose,C5H10O5,0,c,,,,,,Yeast-MetaTwin,s_4180,model,Extracted from Yeast-MetaTwin model; external IDs to be filled by mapping phase.
MODEL_CMPD:0002662,s_4181,D-arabinitol,C5H12O5,0,c,,,,,,Yeast-MetaTwin,s_4181,model,Extracted from Yeast-MetaTwin model; external IDs to be filled by mapping phase.
MODEL_CMPD:0002663,s_4182,2-hydroxyglutarate,C5H6O5,-2,c,,,,,,Yeast-MetaTwin,s_4182,model,Extracted from Yeast-MetaTwin model; external IDs to be filled by mapping phase.
MODEL_CMPD:0002664,s_4183,propionyl-CoA,C24H36N7O17P3S,-4,c,,,,,,Yeast-MetaTwin,s_4183,model,Extracted from Yeast-MetaTwin model; external IDs to be filled by mapping phase.
MODEL_CMPD:0002665,s_4184,3-oxopropanoate,C3H3O3,-1,c,,,,,,Yeast-MetaTwin,s_4184,model,Extracted from Yeast-MetaTwin model; external IDs to be filled by mapping phase.
MODEL_CMPD:0002666,s_4189,"(2R,3S)-3-methylmalate",C5H6O5,-2,c,,,,,,Yeast-MetaTwin,s_4189,model,Extracted from Yeast-MetaTwin model; external IDs to be filled by mapping phase.
MODEL_CMPD:0002667,s_4190,"trans-2,cis-9-octadecadienoyl-CoA",C39H62N7O17P3S,-4,c,,,,,,Yeast-MetaTwin,s_4190,model,Extracted from Yeast-MetaTwin model; external IDs to be filled by mapping phase.
MODEL_CMPD:0002668,s_4191,"(9Z,12Z)-octadecadienoate",C18H31O2,-1,c,,,,,,Yeast-MetaTwin,s_4191,model,Extracted from Yeast-MetaTwin model; external IDs to be filled by mapping phase.
MODEL_CMPD:0002669,s_4192,stachyose,C24H42O21,0,c,,,,,,Yeast-MetaTwin,s_4192,model,Extracted from Yeast-MetaTwin model; external IDs to be filled by mapping phase.
MODEL_CMPD:0002670,s_4193,raffinose,C18H32O16,0,c,,,,,,Yeast-MetaTwin,s_4193,model,Extracted from Yeast-MetaTwin model; external IDs to be filled by mapping phase.
MODEL_CMPD:0002671,s_4194,4-hydroxyphenyl acetate,C8H8O3,0,c,,,,,,Yeast-MetaTwin,s_4194,model,Extracted from Yeast-MetaTwin model; external IDs to be filled by mapping phase.
MODEL_CMPD:0002672,s_4195,Hydroquinone,C6H6O2,0,c,,,,,,Yeast-MetaTwin,s_4195,model,Extracted from Yeast-MetaTwin model; external IDs to be filled by mapping phase.
MODEL_CMPD:0002673,s_4196,ATP,C10H12N5O13P3,-4,g,,,,,,Yeast-MetaTwin,s_4196,model,Extracted from Yeast-MetaTwin model; external IDs to be filled by mapping phase.
MODEL_CMPD:0002674,s_4197,Ca(2+),Ca,2,g,,,,,,Yeast-MetaTwin,s_4197,model,Extracted from Yeast-MetaTwin model; external IDs to be filled by mapping phase.
MODEL_CMPD:0002675,s_4198,ADP,C10H12N5O10P2,-3,g,,,,,,Yeast-MetaTwin,s_4198,model,Extracted from Yeast-MetaTwin model; external IDs to be filled by mapping phase.
MODEL_CMPD:0002676,s_4199,Ca(2+),Ca,2,e,,,,,,Yeast-MetaTwin,s_4199,model,Extracted from Yeast-MetaTwin model; external IDs to be filled by mapping phase.
MODEL_CMPD:0002677,s_4200,chloride,Cl,-1,e,,,,,,Yeast-MetaTwin,s_4200,model,Extracted from Yeast-MetaTwin model; external IDs to be filled by mapping phase.
MODEL_CMPD:0002678,s_4201,Cu2(+),Cu,2,e,,,,,,Yeast-MetaTwin,s_4201,model,Extracted from Yeast-MetaTwin model; external IDs to be filled by mapping phase.
MODEL_CMPD:0002679,s_4202,Mn(2+),Mn,2,e,,,,,,Yeast-MetaTwin,s_4202,model,Extracted from Yeast-MetaTwin model; external IDs to be filled by mapping phase.
MODEL_CMPD:0002680,s_4203,Zn(2+),Zn,2,e,,,,,,Yeast-MetaTwin,s_4203,model,Extracted from Yeast-MetaTwin model; external IDs to be filled by mapping phase.
MODEL_CMPD:0002681,s_4204,Mg(2+),Mg,2,e,,,,,,Yeast-MetaTwin,s_4204,model,Extracted from Yeast-MetaTwin model; external IDs to be filled by mapping phase.
MODEL_CMPD:0002682,s_4205,cofactor,,,c,,,,,,Yeast-MetaTwin,s_4205,model,Extracted from Yeast-MetaTwin model; external IDs to be filled by mapping phase.
MODEL_CMPD:0002683,s_4206,ion,,,c,,,,,,Yeast-MetaTwin,s_4206,model,Extracted from Yeast-MetaTwin model; external IDs to be filled by mapping phase.
MODEL_CMPD:0002684,s_4207,trans-4-hydroxy-L-proline,C5H9NO3,0,c,,,,,,Yeast-MetaTwin,s_4207,model,Extracted from Yeast-MetaTwin model; external IDs to be filled by mapping phase.
MODEL_CMPD:0002685,s_4209,Ferrocytochrome b5,,,erm,,,,,,Yeast-MetaTwin,s_4209,model,Extracted from Yeast-MetaTwin model; external IDs to be filled by mapping phase.
MODEL_CMPD:0002686,s_4210,Ferricytochrome b5,,,erm,,,,,,Yeast-MetaTwin,s_4210,model,Extracted from Yeast-MetaTwin model; external IDs to be filled by mapping phase.
MODEL_CMPD:0002687,s_4211,hexanoyl-CoA,,,m,,,,,,Yeast-MetaTwin,s_4211,model,Extracted from Yeast-MetaTwin model; external IDs to be filled by mapping phase.
MODEL_CMPD:0002688,s_4212,ethyl hexanoate,C8H16O2,0,m,,,,,,Yeast-MetaTwin,s_4212,model,Extracted from Yeast-MetaTwin model; external IDs to be filled by mapping phase.
MODEL_CMPD:0002689,s_4213,octanoyl-CoA,C29H46N7O17P3S,-4,m,,,,,,Yeast-MetaTwin,s_4213,model,Extracted from Yeast-MetaTwin model; external IDs to be filled by mapping phase.
MODEL_CMPD:0002690,s_4214,ethyl octanoate,C10H20O2,0,m,,,,,,Yeast-MetaTwin,s_4214,model,Extracted from Yeast-MetaTwin model; external IDs to be filled by mapping phase.
MODEL_CMPD:0002691,s_4215,butanoyl-CoA,C25H38N7O17P3S,-4,m,,,,,,Yeast-MetaTwin,s_4215,model,Extracted from Yeast-MetaTwin model; external IDs to be filled by mapping phase.
MODEL_CMPD:0002692,s_4216,ethyl butanoate,C6H12O2,0,m,,,,,,Yeast-MetaTwin,s_4216,model,Extracted from Yeast-MetaTwin model; external IDs to be filled by mapping phase.
MODEL_CMPD:0002693,s_4217,hexanol,C6H14O,0,m,,,,,,Yeast-MetaTwin,s_4217,model,Extracted from Yeast-MetaTwin model; external IDs to be filled by mapping phase.
MODEL_CMPD:0002694,s_4218,hexyl acetate,C8H16O2,0,m,,,,,,Yeast-MetaTwin,s_4218,model,Extracted from Yeast-MetaTwin model; external IDs to be filled by mapping phase.
MODEL_CMPD:0002695,s_4219,decanoyl-CoA,C31H50N7O17P3S,-4,m,,,,,,Yeast-MetaTwin,s_4219,model,Extracted from Yeast-MetaTwin model; external IDs to be filled by mapping phase.
MODEL_CMPD:0002696,s_4220,ethyl decanoate,C12H24O2,0,m,,,,,,Yeast-MetaTwin,s_4220,model,Extracted from Yeast-MetaTwin model; external IDs to be filled by mapping phase.
MODEL_CMPD:0002697,s_4221,ethyl hexanoate,C8H16O2,0,c,,,,,,Yeast-MetaTwin,s_4221,model,Extracted from Yeast-MetaTwin model; external IDs to be filled by mapping phase.
MODEL_CMPD:0002698,s_4222,ethyl octanoate,C10H20O2,0,c,,,,,,Yeast-MetaTwin,s_4222,model,Extracted from Yeast-MetaTwin model; external IDs to be filled by mapping phase.
MODEL_CMPD:0002699,s_4223,ethyl butanoate,C6H12O2,0,c,,,,,,Yeast-MetaTwin,s_4223,model,Extracted from Yeast-MetaTwin model; external IDs to be filled by mapping phase.
MODEL_CMPD:0002700,s_4224,hexyl acetate,C8H16O2,0,c,,,,,,Yeast-MetaTwin,s_4224,model,Extracted from Yeast-MetaTwin model; external IDs to be filled by mapping phase.
MODEL_CMPD:0002701,s_4225,ethyl decanoate,C12H24O2,0,c,,,,,,Yeast-MetaTwin,s_4225,model,Extracted from Yeast-MetaTwin model; external IDs to be filled by mapping phase.
MODEL_CMPD:0002702,s_4226,ethyl hexanoate,C8H16O2,0,e,,,,,,Yeast-MetaTwin,s_4226,model,Extracted from Yeast-MetaTwin model; external IDs to be filled by mapping phase.
MODEL_CMPD:0002703,s_4227,ethyl octanoate,C10H20O2,0,e,,,,,,Yeast-MetaTwin,s_4227,model,Extracted from Yeast-MetaTwin model; external IDs to be filled by mapping phase.
MODEL_CMPD:0002704,s_4228,ethyl butanoate,C6H12O2,0,e,,,,,,Yeast-MetaTwin,s_4228,model,Extracted from Yeast-MetaTwin model; external IDs to be filled by mapping phase.
MODEL_CMPD:0002705,s_4229,hexyl acetate,C8H16O2,0,e,,,,,,Yeast-MetaTwin,s_4229,model,Extracted from Yeast-MetaTwin model; external IDs to be filled by mapping phase.
MODEL_CMPD:0002706,s_4230,ethyl decanoate,C12H24O2,0,e,,,,,,Yeast-MetaTwin,s_4230,model,Extracted from Yeast-MetaTwin model; external IDs to be filled by mapping phase.
MODEL_CMPD:0002707,s_4231,ethyl acetate,C4H8O2,0,m,,,,,,Yeast-MetaTwin,s_4231,model,Extracted from Yeast-MetaTwin model; external IDs to be filled by mapping phase.
MODEL_CMPD:0002708,s_4232,propanal,C3H6O,0,c,,,,,,Yeast-MetaTwin,s_4232,model,Extracted from Yeast-MetaTwin model; external IDs to be filled by mapping phase.
MODEL_CMPD:0002709,s_4233,propanol,C3H8O,0,c,,,,,,Yeast-MetaTwin,s_4233,model,Extracted from Yeast-MetaTwin model; external IDs to be filled by mapping phase.
MODEL_CMPD:0002710,s_4234,propanal,C3H6O,0,m,,,,,,Yeast-MetaTwin,s_4234,model,Extracted from Yeast-MetaTwin model; external IDs to be filled by mapping phase.
MODEL_CMPD:0002711,s_4235,propanol,C3H8O,0,m,,,,,,Yeast-MetaTwin,s_4235,model,Extracted from Yeast-MetaTwin model; external IDs to be filled by mapping phase.
MODEL_CMPD:0002712,s_4236,propanal,C3H6O,0,e,,,,,,Yeast-MetaTwin,s_4236,model,Extracted from Yeast-MetaTwin model; external IDs to be filled by mapping phase.
MODEL_CMPD:0002713,s_4237,propanol,C3H8O,0,e,,,,,,Yeast-MetaTwin,s_4237,model,Extracted from Yeast-MetaTwin model; external IDs to be filled by mapping phase.
MODEL_CMPD:0002714,s_4238,methional,C4H8OS,0,c,,,,,,Yeast-MetaTwin,s_4238,model,Extracted from Yeast-MetaTwin model; external IDs to be filled by mapping phase.
MODEL_CMPD:0002715,s_4239,methionol,C4H10OS,0,c,,,,,,Yeast-MetaTwin,s_4239,model,Extracted from Yeast-MetaTwin model; external IDs to be filled by mapping phase.
MODEL_CMPD:0002716,s_4240,methional,C4H8OS,0,m,,,,,,Yeast-MetaTwin,s_4240,model,Extracted from Yeast-MetaTwin model; external IDs to be filled by mapping phase.
MODEL_CMPD:0002717,s_4241,methionol,C4H10OS,0,m,,,,,,Yeast-MetaTwin,s_4241,model,Extracted from Yeast-MetaTwin model; external IDs to be filled by mapping phase.
MODEL_CMPD:0002718,s_4242,methional,C4H8OS,0,e,,,,,,Yeast-MetaTwin,s_4242,model,Extracted from Yeast-MetaTwin model; external IDs to be filled by mapping phase.
MODEL_CMPD:0002719,s_4243,methionol,C4H10OS,0,e,,,,,,Yeast-MetaTwin,s_4243,model,Extracted from Yeast-MetaTwin model; external IDs to be filled by mapping phase.
MODEL_CMPD:0002720,s_4244,(4-hydroxyphenyl)acetaldehyde,C8H8O2,0,c,,,,,,Yeast-MetaTwin,s_4244,model,Extracted from Yeast-MetaTwin model; external IDs to be filled by mapping phase.
MODEL_CMPD:0002721,s_4245,tyrosol,C8H10O2,0,c,,,,,,Yeast-MetaTwin,s_4245,model,Extracted from Yeast-MetaTwin model; external IDs to be filled by mapping phase.
MODEL_CMPD:0002722,s_4246,(4-hydroxyphenyl)acetaldehyde,C8H8O2,0,m,,,,,,Yeast-MetaTwin,s_4246,model,Extracted from Yeast-MetaTwin model; external IDs to be filled by mapping phase.
MODEL_CMPD:0002723,s_4247,tyrosol,C8H10O2,0,m,,,,,,Yeast-MetaTwin,s_4247,model,Extracted from Yeast-MetaTwin model; external IDs to be filled by mapping phase.
MODEL_CMPD:0002724,s_4248,(4-hydroxyphenyl)acetaldehyde,C8H8O2,0,e,,,,,,Yeast-MetaTwin,s_4248,model,Extracted from Yeast-MetaTwin model; external IDs to be filled by mapping phase.
MODEL_CMPD:0002725,s_4249,tyrosol,C8H10O2,0,e,,,,,,Yeast-MetaTwin,s_4249,model,Extracted from Yeast-MetaTwin model; external IDs to be filled by mapping phase.
MODEL_CMPD:0002726,s_4250,propionate,C3H6O2,0,c,,,,,,Yeast-MetaTwin,s_4250,model,Extracted from Yeast-MetaTwin model; external IDs to be filled by mapping phase.
MODEL_CMPD:0002727,s_4251,propionate,C3H6O2,0,p,,,,,,Yeast-MetaTwin,s_4251,model,Extracted from Yeast-MetaTwin model; external IDs to be filled by mapping phase.
MODEL_CMPD:0002728,s_4252,propionyl-CoA,C24H36N7O17P3S,-4,p,,,,,,Yeast-MetaTwin,s_4252,model,Extracted from Yeast-MetaTwin model; external IDs to be filled by mapping phase.
MODEL_CMPD:0002729,s_4253,ethyl propionate,C5H10O2,0,m,,,,,,Yeast-MetaTwin,s_4253,model,Extracted from Yeast-MetaTwin model; external IDs to be filled by mapping phase.
MODEL_CMPD:0002730,s_4254,tyrosyl acetate,C10H12O3,0,c,,,,,,Yeast-MetaTwin,s_4254,model,Extracted from Yeast-MetaTwin model; external IDs to be filled by mapping phase.
MODEL_CMPD:0002731,s_4255,tyrosyl acetate,C10H12O3,0,e,,,,,,Yeast-MetaTwin,s_4255,model,Extracted from Yeast-MetaTwin model; external IDs to be filled by mapping phase.
MODEL_CMPD:0002732,s_4256,methionyl acetate,C6H12O2S,0,c,,,,,,Yeast-MetaTwin,s_4256,model,Extracted from Yeast-MetaTwin model; external IDs to be filled by mapping phase.
MODEL_CMPD:0002733,s_4257,methionyl acetate,C6H12O2S,0,e,,,,,,Yeast-MetaTwin,s_4257,model,Extracted from Yeast-MetaTwin model; external IDs to be filled by mapping phase.
MODEL_CMPD:0002734,s_4258,propyl acetate,C5H10O2,0,c,,,,,,Yeast-MetaTwin,s_4258,model,Extracted from Yeast-MetaTwin model; external IDs to be filled by mapping phase.
MODEL_CMPD:0002735,s_4259,propyl acetate,C5H10O2,0,e,,,,,,Yeast-MetaTwin,s_4259,model,Extracted from Yeast-MetaTwin model; external IDs to be filled by mapping phase.
MODEL_CMPD:0002736,s_4261,ethyl propionate,C5H10O2,0,c,,,,,,Yeast-MetaTwin,s_4261,model,Extracted from Yeast-MetaTwin model; external IDs to be filled by mapping phase.
MODEL_CMPD:0002737,s_4262,ethyl propionate,C5H10O2,0,e,,,,,,Yeast-MetaTwin,s_4262,model,Extracted from Yeast-MetaTwin model; external IDs to be filled by mapping phase.
MODEL_CMPD:0002738,s_4263,hydrogen sulfide,HS,0,e,,,,,,Yeast-MetaTwin,s_4263,model,Extracted from Yeast-MetaTwin model; external IDs to be filled by mapping phase.
MODEL_CMPD:0002739,s_4264,3-mercaptopyruvate,C3H4O3S,0,c,,,,,,Yeast-MetaTwin,s_4264,model,Extracted from Yeast-MetaTwin model; external IDs to be filled by mapping phase.
MODEL_CMPD:0002740,s_4265,alkanesulfonate,CH3O3SR,0,c,,,,,,Yeast-MetaTwin,s_4265,model,Extracted from Yeast-MetaTwin model; external IDs to be filled by mapping phase.
MODEL_CMPD:0002741,s_4266,alkanesulfonate,CH3O3SR,0,e,,,,,,Yeast-MetaTwin,s_4266,model,Extracted from Yeast-MetaTwin model; external IDs to be filled by mapping phase.
MODEL_CMPD:0002742,s_4267,taurocholate,C26H45NO7S,0,c,,,,,,Yeast-MetaTwin,s_4267,model,Extracted from Yeast-MetaTwin model; external IDs to be filled by mapping phase.
MODEL_CMPD:0002743,s_4268,taurocholate,C26H45NO7S,0,e,,,,,,Yeast-MetaTwin,s_4268,model,Extracted from Yeast-MetaTwin model; external IDs to be filled by mapping phase.
MODEL_CMPD:0002744,s_4269,trithionate,S3O6,-2,c,,,,,,Yeast-MetaTwin,s_4269,model,Extracted from Yeast-MetaTwin model; external IDs to be filled by mapping phase.
MODEL_CMPD:0002745,s_4270,ethyl (2S)-lactate,C5H10O3,0,e,,,,,,Yeast-MetaTwin,s_4270,model,Extracted from Yeast-MetaTwin model; external IDs to be filled by mapping phase.
MODEL_CMPD:0002746,s_4271,ethyl (2S)-lactate,C5H10O3,0,c,,,,,,Yeast-MetaTwin,s_4271,model,Extracted from Yeast-MetaTwin model; external IDs to be filled by mapping phase.
MODEL_CMPD:0002747,s_4272,ethyl (2R)-lactate,C5H10O3,0,e,,,,,,Yeast-MetaTwin,s_4272,model,Extracted from Yeast-MetaTwin model; external IDs to be filled by mapping phase.
MODEL_CMPD:0002748,s_4273,ethyl (2R)-lactate,C5H10O3,0,c,,,,,,Yeast-MetaTwin,s_4273,model,Extracted from Yeast-MetaTwin model; external IDs to be filled by mapping phase.
MODEL_CMPD:0002749,s_4274,diethyl succinate,C8H14O4,0,c,,,,,,Yeast-MetaTwin,s_4274,model,Extracted from Yeast-MetaTwin model; external IDs to be filled by mapping phase.
MODEL_CMPD:0002750,s_4275,diethyl succinate,C8H14O4,0,e,,,,,,Yeast-MetaTwin,s_4275,model,Extracted from Yeast-MetaTwin model; external IDs to be filled by mapping phase.
MODEL_CMPD:0002751,s_4276,monoethyl succinate,C6H9O4,-1,c,,,,,,Yeast-MetaTwin,s_4276,model,Extracted from Yeast-MetaTwin model; external IDs to be filled by mapping phase.
MODEL_CMPD:0002752,s_4277,monoethyl succinate,C6H9O4,-1,e,,,,,,Yeast-MetaTwin,s_4277,model,Extracted from Yeast-MetaTwin model; external IDs to be filled by mapping phase.
MODEL_CMPD:0002753,s_4278,ethyl benzoate,C9H10O2,0,c,,,,,,Yeast-MetaTwin,s_4278,model,Extracted from Yeast-MetaTwin model; external IDs to be filled by mapping phase.
MODEL_CMPD:0002754,s_4279,ethyl benzoate,C9H10O2,0,e,,,,,,Yeast-MetaTwin,s_4279,model,Extracted from Yeast-MetaTwin model; external IDs to be filled by mapping phase.
MODEL_CMPD:0002755,s_4280,ethyl pyruvate,C5H8O3,0,c,,,,,,Yeast-MetaTwin,s_4280,model,Extracted from Yeast-MetaTwin model; external IDs to be filled by mapping phase.
MODEL_CMPD:0002756,s_4281,ethyl pyruvate,C5H8O3,0,e,,,,,,Yeast-MetaTwin,s_4281,model,Extracted from Yeast-MetaTwin model; external IDs to be filled by mapping phase.
MODEL_CMPD:0002757,s_4282,2-methylbutyrate,C5H9O2,-1,c,,,,,,Yeast-MetaTwin,s_4282,model,Extracted from Yeast-MetaTwin model; external IDs to be filled by mapping phase.
MODEL_CMPD:0002758,s_4283,ethyl 2-methylbutyrate,C7H14O2,0,c,,,,,,Yeast-MetaTwin,s_4283,model,Extracted from Yeast-MetaTwin model; external IDs to be filled by mapping phase.
MODEL_CMPD:0002759,s_4284,ethyl 2-methylbutyrate,C7H14O2,0,e,,,,,,Yeast-MetaTwin,s_4284,model,Extracted from Yeast-MetaTwin model; external IDs to be filled by mapping phase.
MODEL_CMPD:0002760,s_4285,isobutyrate,C4H7O2,-1,c,,,,,,Yeast-MetaTwin,s_4285,model,Extracted from Yeast-MetaTwin model; external IDs to be filled by mapping phase.
MODEL_CMPD:0002761,s_4286,ethyl isobutyrate,C6H12O2,0,c,,,,,,Yeast-MetaTwin,s_4286,model,Extracted from Yeast-MetaTwin model; external IDs to be filled by mapping phase.
MODEL_CMPD:0002762,s_4287,ethyl isobutyrate,C6H12O2,0,e,,,,,,Yeast-MetaTwin,s_4287,model,Extracted from Yeast-MetaTwin model; external IDs to be filled by mapping phase.
MODEL_CMPD:0002763,s_4288,benzyl acetate,C9H10O2,0,c,,,,,,Yeast-MetaTwin,s_4288,model,Extracted from Yeast-MetaTwin model; external IDs to be filled by mapping phase.
MODEL_CMPD:0002764,s_4289,benzyl acetate,C9H10O2,0,e,,,,,,Yeast-MetaTwin,s_4289,model,Extracted from Yeast-MetaTwin model; external IDs to be filled by mapping phase.
MODEL_CMPD:0002765,s_4290,polyphosphate,HO7P2,-3,v,,,,,,Yeast-MetaTwin,s_4290,model,Extracted from Yeast-MetaTwin model; external IDs to be filled by mapping phase.
MODEL_CMPD:0002766,s_4291,polyphosphate,HO7P2,-3,m,,,,,,Yeast-MetaTwin,s_4291,model,Extracted from Yeast-MetaTwin model; external IDs to be filled by mapping phase.
MODEL_CMPD:0002767,s_4292,polyphosphate,HO7P2,-3,n,,,,,,Yeast-MetaTwin,s_4292,model,Extracted from Yeast-MetaTwin model; external IDs to be filled by mapping phase.
MODEL_CMPD:0002768,s_4293,phosphate,HO4P,-2,n,,,,,,Yeast-MetaTwin,s_4293,model,Extracted from Yeast-MetaTwin model; external IDs to be filled by mapping phase.
MODEL_CMPD:0002769,s_4294,"4-(2-aminophenyl)-2,4-dioxobutanoate",C10H8NO4,-1,c,,,,,,Yeast-MetaTwin,s_4294,model,Extracted from Yeast-MetaTwin model; external IDs to be filled by mapping phase.
MODEL_CMPD:0002770,s_4295,dimethylallyl phosphate,C5H9O4P,-2,m,,,,,,Yeast-MetaTwin,s_4295,model,Extracted from Yeast-MetaTwin model; external IDs to be filled by mapping phase.
MODEL_CMPD:0002771,s_4296,D-phenylalanine,C9H11NO2,0,c,,,,,,Yeast-MetaTwin,s_4296,model,Extracted from Yeast-MetaTwin model; external IDs to be filled by mapping phase.
MODEL_CMPD:0002772,s_4297,N-acetyl-D-phenylalanine,C11H13NO3,0,c,,,,,,Yeast-MetaTwin,s_4297,model,Extracted from Yeast-MetaTwin model; external IDs to be filled by mapping phase.
MODEL_CMPD:0002773,s_4298,FMNH2,C17H21N4O9P,-2,m,,,,,,Yeast-MetaTwin,s_4298,model,Extracted from Yeast-MetaTwin model; external IDs to be filled by mapping phase.
MODEL_CMPD:0002774,s_4299,cadaverine,C5H16N2,2,c,,,,,,Yeast-MetaTwin,s_4299,model,Extracted from Yeast-MetaTwin model; external IDs to be filled by mapping phase.
MODEL_CMPD:0002775,s_4300,aminopropylcadaverine,C8H24N3,3,c,,,,,,Yeast-MetaTwin,s_4300,model,Extracted from Yeast-MetaTwin model; external IDs to be filled by mapping phase.
MODEL_CMPD:0002776,s_4301,2-(2-carboxy-4-methylthiazol-5-yl)ethyl phosphate,C7H7NO6PS,-3,c,,,,,,Yeast-MetaTwin,s_4301,model,Extracted from Yeast-MetaTwin model; external IDs to be filled by mapping phase.
MODEL_CMPD:0002777,s_4302,2-hydroxyglutarate,C5H6O5,-2,m,,,,,,Yeast-MetaTwin,s_4302,model,Extracted from Yeast-MetaTwin model; external IDs to be filled by mapping phase.
MODEL_CMPD:0002778,s_4303,farnesol,C15H26O,0,c,,,,,,Yeast-MetaTwin,s_4303,model,Extracted from Yeast-MetaTwin model; external IDs to be filled by mapping phase.
MODEL_CMPD:0002779,s_4304,D-ribulose,C5H10O5,0,c,,,,,,Yeast-MetaTwin,s_4304,model,Extracted from Yeast-MetaTwin model; external IDs to be filled by mapping phase.
MODEL_CMPD:0002780,s_4305,2-deoxy-D-ribose 1-phosphate,C5H9O7P,-2,c,,,,,,Yeast-MetaTwin,s_4305,model,Extracted from Yeast-MetaTwin model; external IDs to be filled by mapping phase.
MODEL_CMPD:0002781,s_4306,3-hydroxyisobutyryl-CoA,C25H38N7O18P3S,-4,m,,,,,,Yeast-MetaTwin,s_4306,model,Extracted from Yeast-MetaTwin model; external IDs to be filled by mapping phase.
MODEL_CMPD:0002782,s_4307,3-hydroxyisobutyrate,C4H7O3,-1,m,,,,,,Yeast-MetaTwin,s_4307,model,Extracted from Yeast-MetaTwin model; external IDs to be filled by mapping phase.
MODEL_CMPD:0002783,s_4308,"meso-2,3-butanediol",C4H10O2,0,c,,,,,,Yeast-MetaTwin,s_4308,model,Extracted from Yeast-MetaTwin model; external IDs to be filled by mapping phase.
MODEL_CMPD:0002784,s_4309,acetoin,C4H8O2,0,c,,,,,,Yeast-MetaTwin,s_4309,model,Extracted from Yeast-MetaTwin model; external IDs to be filled by mapping phase.
MODEL_CMPD:0002785,s_4310,5-methylcytosine,C5H7N3O,0,c,,,,,,Yeast-MetaTwin,s_4310,model,Extracted from Yeast-MetaTwin model; external IDs to be filled by mapping phase.
MODEL_CMPD:0002786,s_4311,thymine,C5H6N2O2,0,c,,,,,,Yeast-MetaTwin,s_4311,model,Extracted from Yeast-MetaTwin model; external IDs to be filled by mapping phase.
MODEL_CMPD:0002787,s_4312,prenylated FMNH2,C22H29N4O9P,-2,m,,,,,,Yeast-MetaTwin,s_4312,model,Extracted from Yeast-MetaTwin model; external IDs to be filled by mapping phase.
MODEL_CMPD:0002788,s_4313,ITP,C10H11N4O14P3,-4,m,,,,,,Yeast-MetaTwin,s_4313,model,Extracted from Yeast-MetaTwin model; external IDs to be filled by mapping phase.
MODEL_CMPD:0002789,s_4314,IDP,C10H11N4O11P2,-3,m,,,,,,Yeast-MetaTwin,s_4314,model,Extracted from Yeast-MetaTwin model; external IDs to be filled by mapping phase.
MODEL_CMPD:0002790,s_4315,deamido-NAD(+),C21H24N6O15P2,-2,p,,,,,,Yeast-MetaTwin,s_4315,model,Extracted from Yeast-MetaTwin model; external IDs to be filled by mapping phase.
MODEL_CMPD:0002791,s_4316,nicotinic acid D-ribonucleotide,C11H12NO9P,-2,p,,,,,,Yeast-MetaTwin,s_4316,model,Extracted from Yeast-MetaTwin model; external IDs to be filled by mapping phase.
MODEL_CMPD:0002792,s_4317,"P(1),P(3)-bis(5'-adenosyl) triphosphate",C20H24N10O16P3,-3,c,,,,,,Yeast-MetaTwin,s_4317,model,Extracted from Yeast-MetaTwin model; external IDs to be filled by mapping phase.
MODEL_CMPD:0002793,s_4318,dATP,C10H12N5O12P3,-4,m,,,,,,Yeast-MetaTwin,s_4318,model,Extracted from Yeast-MetaTwin model; external IDs to be filled by mapping phase.
MODEL_CMPD:0002794,s_4319,dADP,C10H12N5O9P2,-3,m,,,,,,Yeast-MetaTwin,s_4319,model,Extracted from Yeast-MetaTwin model; external IDs to be filled by mapping phase.
MODEL_CMPD:0002795,s_4320,dGTP,C10H12N5O13P3,-4,m,,,,,,Yeast-MetaTwin,s_4320,model,Extracted from Yeast-MetaTwin model; external IDs to be filled by mapping phase.
MODEL_CMPD:0002796,s_4321,dGDP,C10H12N5O10P2,-3,m,,,,,,Yeast-MetaTwin,s_4321,model,Extracted from Yeast-MetaTwin model; external IDs to be filled by mapping phase.
MODEL_CMPD:0002797,s_4322,CDP,C9H12N3O11P2,-3,m,,,,,,Yeast-MetaTwin,s_4322,model,Extracted from Yeast-MetaTwin model; external IDs to be filled by mapping phase.
MODEL_CMPD:0002798,s_4323,dCDP,C9H12N3O10P2,-3,m,,,,,,Yeast-MetaTwin,s_4323,model,Extracted from Yeast-MetaTwin model; external IDs to be filled by mapping phase.
MODEL_CMPD:0002799,s_4324,dCTP,C9H12N3O13P3,-4,m,,,,,,Yeast-MetaTwin,s_4324,model,Extracted from Yeast-MetaTwin model; external IDs to be filled by mapping phase.
MODEL_CMPD:0002800,s_4325,dTDP,C10H13N2O11P2,-3,m,,,,,,Yeast-MetaTwin,s_4325,model,Extracted from Yeast-MetaTwin model; external IDs to be filled by mapping phase.
MODEL_CMPD:0002801,s_4326,dTTP,C10H13N2O14P3,-4,m,,,,,,Yeast-MetaTwin,s_4326,model,Extracted from Yeast-MetaTwin model; external IDs to be filled by mapping phase.
MODEL_CMPD:0002802,s_4327,dIDP,C10H11N4O10P2,-3,m,,,,,,Yeast-MetaTwin,s_4327,model,Extracted from Yeast-MetaTwin model; external IDs to be filled by mapping phase.
MODEL_CMPD:0002803,s_4328,dITP,C10H11N4O13P3,-4,m,,,,,,Yeast-MetaTwin,s_4328,model,Extracted from Yeast-MetaTwin model; external IDs to be filled by mapping phase.
MODEL_CMPD:0002804,s_4329,dUDP,C9H11N2O11P2,-3,m,,,,,,Yeast-MetaTwin,s_4329,model,Extracted from Yeast-MetaTwin model; external IDs to be filled by mapping phase.
MODEL_CMPD:0002805,s_4330,dUTP,C9H11N2O14P3,-4,m,,,,,,Yeast-MetaTwin,s_4330,model,Extracted from Yeast-MetaTwin model; external IDs to be filled by mapping phase.
MODEL_CMPD:0002806,s_4331,xanthurenate,C10H6NO4,-1,c,,,,,,Yeast-MetaTwin,s_4331,model,Extracted from Yeast-MetaTwin model; external IDs to be filled by mapping phase.
MODEL_CMPD:0002807,sn_1,YMDB01797,,,c,,,,,,Yeast-MetaTwin,sn_1,model,Extracted from Yeast-MetaTwin model; external IDs to be filled by mapping phase.
MODEL_CMPD:0002808,sn_10,YMDB16028,,,c,,,,,,Yeast-MetaTwin,sn_10,model,Extracted from Yeast-MetaTwin model; external IDs to be filled by mapping phase.
MODEL_CMPD:0002809,sn_100,YMDB00800,,,c,,,,,,Yeast-MetaTwin,sn_100,model,Extracted from Yeast-MetaTwin model; external IDs to be filled by mapping phase.
MODEL_CMPD:0002810,sn_101,YMDB00333,,,c,,,,,,Yeast-MetaTwin,sn_101,model,Extracted from Yeast-MetaTwin model; external IDs to be filled by mapping phase.
MODEL_CMPD:0002811,sn_102,YMDB15414,,,c,,,,,,Yeast-MetaTwin,sn_102,model,Extracted from Yeast-MetaTwin model; external IDs to be filled by mapping phase.
MODEL_CMPD:0002812,sn_103,YMDB16210,,,c,,,,,,Yeast-MetaTwin,sn_103,model,Extracted from Yeast-MetaTwin model; external IDs to be filled by mapping phase.
MODEL_CMPD:0002813,sn_104,YMDB13365,,,c,,,,,,Yeast-MetaTwin,sn_104,model,Extracted from Yeast-MetaTwin model; external IDs to be filled by mapping phase.
MODEL_CMPD:0002814,sn_105,YMDB01336,,,c,,,,,,Yeast-MetaTwin,sn_105,model,Extracted from Yeast-MetaTwin model; external IDs to be filled by mapping phase.
MODEL_CMPD:0002815,sn_106,YMDB01304,,,c,,,,,,Yeast-MetaTwin,sn_106,model,Extracted from Yeast-MetaTwin model; external IDs to be filled by mapping phase.
MODEL_CMPD:0002816,sn_107,YMDB00662,,,c,,,,,,Yeast-MetaTwin,sn_107,model,Extracted from Yeast-MetaTwin model; external IDs to be filled by mapping phase.
MODEL_CMPD:0002817,sn_108,YMDB01127,,,c,,,,,,Yeast-MetaTwin,sn_108,model,Extracted from Yeast-MetaTwin model; external IDs to be filled by mapping phase.
MODEL_CMPD:0002818,sn_109,YMDB01358,,,c,,,,,,Yeast-MetaTwin,sn_109,model,Extracted from Yeast-MetaTwin model; external IDs to be filled by mapping phase.
MODEL_CMPD:0002819,sn_11,YMDB13322,,,c,,,,,,Yeast-MetaTwin,sn_11,model,Extracted from Yeast-MetaTwin model; external IDs to be filled by mapping phase.
MODEL_CMPD:0002820,sn_110,sn_110,,,c,,,,,,Yeast-MetaTwin,sn_110,model,Extracted from Yeast-MetaTwin model; external IDs to be filled by mapping phase.
MODEL_CMPD:0002821,sn_111,YMDB00315,,,c,,,,,,Yeast-MetaTwin,sn_111,model,Extracted from Yeast-MetaTwin model; external IDs to be filled by mapping phase.
MODEL_CMPD:0002822,sn_112,YMDB00813_YMDB00817,,,c,,,,,,Yeast-MetaTwin,sn_112,model,Extracted from Yeast-MetaTwin model; external IDs to be filled by mapping phase.
MODEL_CMPD:0002823,sn_113,YMDB16034,,,c,,,,,,Yeast-MetaTwin,sn_113,model,Extracted from Yeast-MetaTwin model; external IDs to be filled by mapping phase.
MODEL_CMPD:0002824,sn_114,YMDB16316,,,c,,,,,,Yeast-MetaTwin,sn_114,model,Extracted from Yeast-MetaTwin model; external IDs to be filled by mapping phase.
MODEL_CMPD:0002825,sn_115,YMDB01383,,,c,,,,,,Yeast-MetaTwin,sn_115,model,Extracted from Yeast-MetaTwin model; external IDs to be filled by mapping phase.
MODEL_CMPD:0002826,sn_116,YMDB01197_YMDB13330,,,c,,,,,,Yeast-MetaTwin,sn_116,model,Extracted from Yeast-MetaTwin model; external IDs to be filled by mapping phase.
MODEL_CMPD:0002827,sn_117,YMDB16320,,,c,,,,,,Yeast-MetaTwin,sn_117,model,Extracted from Yeast-MetaTwin model; external IDs to be filled by mapping phase.
MODEL_CMPD:0002828,sn_118,YMDB01638,,,c,,,,,,Yeast-MetaTwin,sn_118,model,Extracted from Yeast-MetaTwin model; external IDs to be filled by mapping phase.
MODEL_CMPD:0002829,sn_119,YMDB01357,,,c,,,,,,Yeast-MetaTwin,sn_119,model,Extracted from Yeast-MetaTwin model; external IDs to be filled by mapping phase.
MODEL_CMPD:0002830,sn_12,YMDB01645,,,c,,,,,,Yeast-MetaTwin,sn_12,model,Extracted from Yeast-MetaTwin model; external IDs to be filled by mapping phase.
MODEL_CMPD:0002831,sn_120,YMDB16140,,,c,,,,,,Yeast-MetaTwin,sn_120,model,Extracted from Yeast-MetaTwin model; external IDs to be filled by mapping phase.
MODEL_CMPD:0002832,sn_121,YMDB16175,,,c,,,,,,Yeast-MetaTwin,sn_121,model,Extracted from Yeast-MetaTwin model; external IDs to be filled by mapping phase.
MODEL_CMPD:0002833,sn_122,YMDB15669,,,c,,,,,,Yeast-MetaTwin,sn_122,model,Extracted from Yeast-MetaTwin model; external IDs to be filled by mapping phase.
MODEL_CMPD:0002834,sn_123,YMDB01310,,,c,,,,,,Yeast-MetaTwin,sn_123,model,Extracted from Yeast-MetaTwin model; external IDs to be filled by mapping phase.
MODEL_CMPD:0002835,sn_124,YMDB01370_YMDB16050,,,c,,,,,,Yeast-MetaTwin,sn_124,model,Extracted from Yeast-MetaTwin model; external IDs to be filled by mapping phase.
MODEL_CMPD:0002836,sn_125,YMDB16160,,,c,,,,,,Yeast-MetaTwin,sn_125,model,Extracted from Yeast-MetaTwin model; external IDs to be filled by mapping phase.
MODEL_CMPD:0002837,sn_126,YMDB00141,,,c,,,,,,Yeast-MetaTwin,sn_126,model,Extracted from Yeast-MetaTwin model; external IDs to be filled by mapping phase.
MODEL_CMPD:0002838,sn_127,YMDB16007,,,c,,,,,,Yeast-MetaTwin,sn_127,model,Extracted from Yeast-MetaTwin model; external IDs to be filled by mapping phase.
MODEL_CMPD:0002839,sn_128,YMDB16205,,,c,,,,,,Yeast-MetaTwin,sn_128,model,Extracted from Yeast-MetaTwin model; external IDs to be filled by mapping phase.
MODEL_CMPD:0002840,sn_129,YMDB01405,,,c,,,,,,Yeast-MetaTwin,sn_129,model,Extracted from Yeast-MetaTwin model; external IDs to be filled by mapping phase.
MODEL_CMPD:0002841,sn_13,YMDB16207,,,c,,,,,,Yeast-MetaTwin,sn_13,model,Extracted from Yeast-MetaTwin model; external IDs to be filled by mapping phase.
MODEL_CMPD:0002842,sn_130,sn_130,,,c,,,,,,Yeast-MetaTwin,sn_130,model,Extracted from Yeast-MetaTwin model; external IDs to be filled by mapping phase.
MODEL_CMPD:0002843,sn_131,YMDB01274,,,c,,,,,,Yeast-MetaTwin,sn_131,model,Extracted from Yeast-MetaTwin model; external IDs to be filled by mapping phase.
MODEL_CMPD:0002844,sn_132,YMDB01201_YMDB13331,,,c,,,,,,Yeast-MetaTwin,sn_132,model,Extracted from Yeast-MetaTwin model; external IDs to be filled by mapping phase.
MODEL_CMPD:0002845,sn_133,YMDB15565,,,c,,,,,,Yeast-MetaTwin,sn_133,model,Extracted from Yeast-MetaTwin model; external IDs to be filled by mapping phase.
MODEL_CMPD:0002846,sn_134,YMDB02323,,,c,,,,,,Yeast-MetaTwin,sn_134,model,Extracted from Yeast-MetaTwin model; external IDs to be filled by mapping phase.
MODEL_CMPD:0002847,sn_135,YMDB01364,,,c,,,,,,Yeast-MetaTwin,sn_135,model,Extracted from Yeast-MetaTwin model; external IDs to be filled by mapping phase.
MODEL_CMPD:0002848,sn_136,YMDB02315,,,c,,,,,,Yeast-MetaTwin,sn_136,model,Extracted from Yeast-MetaTwin model; external IDs to be filled by mapping phase.
MODEL_CMPD:0002849,sn_137,YMDB01290,,,c,,,,,,Yeast-MetaTwin,sn_137,model,Extracted from Yeast-MetaTwin model; external IDs to be filled by mapping phase.
MODEL_CMPD:0002850,sn_138,YMDB01556,,,c,,,,,,Yeast-MetaTwin,sn_138,model,Extracted from Yeast-MetaTwin model; external IDs to be filled by mapping phase.
MODEL_CMPD:0002851,sn_14,YMDB00810,,,c,,,,,,Yeast-MetaTwin,sn_14,model,Extracted from Yeast-MetaTwin model; external IDs to be filled by mapping phase.
MODEL_CMPD:0002852,sn_140,YMDB13374,,,c,,,,,,Yeast-MetaTwin,sn_140,model,Extracted from Yeast-MetaTwin model; external IDs to be filled by mapping phase.
MODEL_CMPD:0002853,sn_141,YMDB00824,,,c,,,,,,Yeast-MetaTwin,sn_141,model,Extracted from Yeast-MetaTwin model; external IDs to be filled by mapping phase.
MODEL_CMPD:0002854,sn_142,YMDB01343,,,c,,,,,,Yeast-MetaTwin,sn_142,model,Extracted from Yeast-MetaTwin model; external IDs to be filled by mapping phase.
MODEL_CMPD:0002855,sn_143,YMDB16121,,,c,,,,,,Yeast-MetaTwin,sn_143,model,Extracted from Yeast-MetaTwin model; external IDs to be filled by mapping phase.
MODEL_CMPD:0002856,sn_144,sn_144,,,c,,,,,,Yeast-MetaTwin,sn_144,model,Extracted from Yeast-MetaTwin model; external IDs to be filled by mapping phase.
MODEL_CMPD:0002857,sn_145,YMDB01404,,,c,,,,,,Yeast-MetaTwin,sn_145,model,Extracted from Yeast-MetaTwin model; external IDs to be filled by mapping phase.
MODEL_CMPD:0002858,sn_146,YMDB01237_YMDB13340,,,c,,,,,,Yeast-MetaTwin,sn_146,model,Extracted from Yeast-MetaTwin model; external IDs to be filled by mapping phase.
MODEL_CMPD:0002859,sn_147,YMDB01937,,,c,,,,,,Yeast-MetaTwin,sn_147,model,Extracted from Yeast-MetaTwin model; external IDs to be filled by mapping phase.
MODEL_CMPD:0002860,sn_149,YMDB00497,,,c,,,,,,Yeast-MetaTwin,sn_149,model,Extracted from Yeast-MetaTwin model; external IDs to be filled by mapping phase.
MODEL_CMPD:0002861,sn_15,YMDB16177,,,c,,,,,,Yeast-MetaTwin,sn_15,model,Extracted from Yeast-MetaTwin model; external IDs to be filled by mapping phase.
MODEL_CMPD:0002862,sn_150,YMDB16187,,,c,,,,,,Yeast-MetaTwin,sn_150,model,Extracted from Yeast-MetaTwin model; external IDs to be filled by mapping phase.
MODEL_CMPD:0002863,sn_151,YMDB16088,,,c,,,,,,Yeast-MetaTwin,sn_151,model,Extracted from Yeast-MetaTwin model; external IDs to be filled by mapping phase.
MODEL_CMPD:0002864,sn_152,YMDB01568,,,c,,,,,,Yeast-MetaTwin,sn_152,model,Extracted from Yeast-MetaTwin model; external IDs to be filled by mapping phase.
MODEL_CMPD:0002865,sn_153,YMDB16200,,,c,,,,,,Yeast-MetaTwin,sn_153,model,Extracted from Yeast-MetaTwin model; external IDs to be filled by mapping phase.
MODEL_CMPD:0002866,sn_154,YMDB13367,,,c,,,,,,Yeast-MetaTwin,sn_154,model,Extracted from Yeast-MetaTwin model; external IDs to be filled by mapping phase.
MODEL_CMPD:0002867,sn_155,YMDB01337,,,c,,,,,,Yeast-MetaTwin,sn_155,model,Extracted from Yeast-MetaTwin model; external IDs to be filled by mapping phase.
MODEL_CMPD:0002868,sn_156,YMDB01345,,,c,,,,,,Yeast-MetaTwin,sn_156,model,Extracted from Yeast-MetaTwin model; external IDs to be filled by mapping phase.
MODEL_CMPD:0002869,sn_157,YMDB13271,,,c,,,,,,Yeast-MetaTwin,sn_157,model,Extracted from Yeast-MetaTwin model; external IDs to be filled by mapping phase.
MODEL_CMPD:0002870,sn_158,YMDB16027,,,c,,,,,,Yeast-MetaTwin,sn_158,model,Extracted from Yeast-MetaTwin model; external IDs to be filled by mapping phase.
MODEL_CMPD:0002871,sn_159,YMDB16214,,,c,,,,,,Yeast-MetaTwin,sn_159,model,Extracted from Yeast-MetaTwin model; external IDs to be filled by mapping phase.
MODEL_CMPD:0002872,sn_16,YMDB01787,,,c,,,,,,Yeast-MetaTwin,sn_16,model,Extracted from Yeast-MetaTwin model; external IDs to be filled by mapping phase.
MODEL_CMPD:0002873,sn_160,YMDB01234,,,c,,,,,,Yeast-MetaTwin,sn_160,model,Extracted from Yeast-MetaTwin model; external IDs to be filled by mapping phase.
MODEL_CMPD:0002874,sn_161,YMDB13324,,,c,,,,,,Yeast-MetaTwin,sn_161,model,Extracted from Yeast-MetaTwin model; external IDs to be filled by mapping phase.
MODEL_CMPD:0002875,sn_163,YMDB16201,,,c,,,,,,Yeast-MetaTwin,sn_163,model,Extracted from Yeast-MetaTwin model; external IDs to be filled by mapping phase.
MODEL_CMPD:0002876,sn_164,YMDB01444,,,c,,,,,,Yeast-MetaTwin,sn_164,model,Extracted from Yeast-MetaTwin model; external IDs to be filled by mapping phase.
MODEL_CMPD:0002877,sn_166,YMDB01223_YMDB13338,,,c,,,,,,Yeast-MetaTwin,sn_166,model,Extracted from Yeast-MetaTwin model; external IDs to be filled by mapping phase.
MODEL_CMPD:0002878,sn_167,YMDB01569,,,c,,,,,,Yeast-MetaTwin,sn_167,model,Extracted from Yeast-MetaTwin model; external IDs to be filled by mapping phase.
MODEL_CMPD:0002879,sn_168,YMDB01227,,,c,,,,,,Yeast-MetaTwin,sn_168,model,Extracted from Yeast-MetaTwin model; external IDs to be filled by mapping phase.
MODEL_CMPD:0002880,sn_169,YMDB16237,,,c,,,,,,Yeast-MetaTwin,sn_169,model,Extracted from Yeast-MetaTwin model; external IDs to be filled by mapping phase.
MODEL_CMPD:0002881,sn_17,YMDB14374,,,c,,,,,,Yeast-MetaTwin,sn_17,model,Extracted from Yeast-MetaTwin model; external IDs to be filled by mapping phase.
MODEL_CMPD:0002882,sn_170,YMDB16182,,,c,,,,,,Yeast-MetaTwin,sn_170,model,Extracted from Yeast-MetaTwin model; external IDs to be filled by mapping phase.
MODEL_CMPD:0002883,sn_171,YMDB00172,,,c,,,,,,Yeast-MetaTwin,sn_171,model,Extracted from Yeast-MetaTwin model; external IDs to be filled by mapping phase.
MODEL_CMPD:0002884,sn_172,YMDB16062,,,c,,,,,,Yeast-MetaTwin,sn_172,model,Extracted from Yeast-MetaTwin model; external IDs to be filled by mapping phase.
MODEL_CMPD:0002885,sn_173,YMDB01654,,,c,,,,,,Yeast-MetaTwin,sn_173,model,Extracted from Yeast-MetaTwin model; external IDs to be filled by mapping phase.
MODEL_CMPD:0002886,sn_174,YMDB00157,,,c,,,,,,Yeast-MetaTwin,sn_174,model,Extracted from Yeast-MetaTwin model; external IDs to be filled by mapping phase.
MODEL_CMPD:0002887,sn_175,YMDB02313_YMDB13381,,,c,,,,,,Yeast-MetaTwin,sn_175,model,Extracted from Yeast-MetaTwin model; external IDs to be filled by mapping phase.
MODEL_CMPD:0002888,sn_176,sn_176,,,c,,,,,,Yeast-MetaTwin,sn_176,model,Extracted from Yeast-MetaTwin model; external IDs to be filled by mapping phase.
MODEL_CMPD:0002889,sn_177,YMDB15638,,,c,,,,,,Yeast-MetaTwin,sn_177,model,Extracted from Yeast-MetaTwin model; external IDs to be filled by mapping phase.
MODEL_CMPD:0002890,sn_178,YMDB00380,,,c,,,,,,Yeast-MetaTwin,sn_178,model,Extracted from Yeast-MetaTwin model; external IDs to be filled by mapping phase.
MODEL_CMPD:0002891,sn_179,YMDB00823,,,c,,,,,,Yeast-MetaTwin,sn_179,model,Extracted from Yeast-MetaTwin model; external IDs to be filled by mapping phase.
MODEL_CMPD:0002892,sn_18,YMDB13291,,,c,,,,,,Yeast-MetaTwin,sn_18,model,Extracted from Yeast-MetaTwin model; external IDs to be filled by mapping phase.
MODEL_CMPD:0002893,sn_180,YMDB00230,,,c,,,,,,Yeast-MetaTwin,sn_180,model,Extracted from Yeast-MetaTwin model; external IDs to be filled by mapping phase.
MODEL_CMPD:0002894,sn_181,YMDB01686,,,c,,,,,,Yeast-MetaTwin,sn_181,model,Extracted from Yeast-MetaTwin model; external IDs to be filled by mapping phase.
MODEL_CMPD:0002895,sn_182,YMDB01309,,,c,,,,,,Yeast-MetaTwin,sn_182,model,Extracted from Yeast-MetaTwin model; external IDs to be filled by mapping phase.
MODEL_CMPD:0002896,sn_183,YMDB00159,,,c,,,,,,Yeast-MetaTwin,sn_183,model,Extracted from Yeast-MetaTwin model; external IDs to be filled by mapping phase.
MODEL_CMPD:0002897,sn_184,YMDB16025,,,c,,,,,,Yeast-MetaTwin,sn_184,model,Extracted from Yeast-MetaTwin model; external IDs to be filled by mapping phase.
MODEL_CMPD:0002898,sn_185,YMDB16212,,,c,,,,,,Yeast-MetaTwin,sn_185,model,Extracted from Yeast-MetaTwin model; external IDs to be filled by mapping phase.
MODEL_CMPD:0002899,sn_186,YMDB15583,,,c,,,,,,Yeast-MetaTwin,sn_186,model,Extracted from Yeast-MetaTwin model; external IDs to be filled by mapping phase.
MODEL_CMPD:0002900,sn_187,YMDB13310_YMDB16163,,,c,,,,,,Yeast-MetaTwin,sn_187,model,Extracted from Yeast-MetaTwin model; external IDs to be filled by mapping phase.
MODEL_CMPD:0002901,sn_188,YMDB01207_YMDB13334,,,c,,,,,,Yeast-MetaTwin,sn_188,model,Extracted from Yeast-MetaTwin model; external IDs to be filled by mapping phase.
MODEL_CMPD:0002902,sn_190,YMDB01338,,,c,,,,,,Yeast-MetaTwin,sn_190,model,Extracted from Yeast-MetaTwin model; external IDs to be filled by mapping phase.
MODEL_CMPD:0002903,sn_191,YMDB16260,,,c,,,,,,Yeast-MetaTwin,sn_191,model,Extracted from Yeast-MetaTwin model; external IDs to be filled by mapping phase.
MODEL_CMPD:0002904,sn_192,YMDB16216,,,c,,,,,,Yeast-MetaTwin,sn_192,model,Extracted from Yeast-MetaTwin model; external IDs to be filled by mapping phase.
MODEL_CMPD:0002905,sn_193,YMDB01180,,,c,,,,,,Yeast-MetaTwin,sn_193,model,Extracted from Yeast-MetaTwin model; external IDs to be filled by mapping phase.
MODEL_CMPD:0002906,sn_194,YMDB16233,,,c,,,,,,Yeast-MetaTwin,sn_194,model,Extracted from Yeast-MetaTwin model; external IDs to be filled by mapping phase.
MODEL_CMPD:0002907,sn_195,YMDB15962,,,c,,,,,,Yeast-MetaTwin,sn_195,model,Extracted from Yeast-MetaTwin model; external IDs to be filled by mapping phase.
MODEL_CMPD:0002908,sn_196,YMDB16307,,,c,,,,,,Yeast-MetaTwin,sn_196,model,Extracted from Yeast-MetaTwin model; external IDs to be filled by mapping phase.
MODEL_CMPD:0002909,sn_197,YMDB01194_YMDB13329,,,c,,,,,,Yeast-MetaTwin,sn_197,model,Extracted from Yeast-MetaTwin model; external IDs to be filled by mapping phase.
MODEL_CMPD:0002910,sn_198,YMDB16291,,,c,,,,,,Yeast-MetaTwin,sn_198,model,Extracted from Yeast-MetaTwin model; external IDs to be filled by mapping phase.
MODEL_CMPD:0002911,sn_199,YMDB00163,,,c,,,,,,Yeast-MetaTwin,sn_199,model,Extracted from Yeast-MetaTwin model; external IDs to be filled by mapping phase.
MODEL_CMPD:0002912,sn_2,YMDB16202,,,c,,,,,,Yeast-MetaTwin,sn_2,model,Extracted from Yeast-MetaTwin model; external IDs to be filled by mapping phase.
MODEL_CMPD:0002913,sn_20,YMDB01318,,,c,,,,,,Yeast-MetaTwin,sn_20,model,Extracted from Yeast-MetaTwin model; external IDs to be filled by mapping phase.
MODEL_CMPD:0002914,sn_200,YMDB01561,,,c,,,,,,Yeast-MetaTwin,sn_200,model,Extracted from Yeast-MetaTwin model; external IDs to be filled by mapping phase.
MODEL_CMPD:0002915,sn_201,YMDB13302,,,c,,,,,,Yeast-MetaTwin,sn_201,model,Extracted from Yeast-MetaTwin model; external IDs to be filled by mapping phase.
MODEL_CMPD:0002916,sn_202,YMDB00873,,,c,,,,,,Yeast-MetaTwin,sn_202,model,Extracted from Yeast-MetaTwin model; external IDs to be filled by mapping phase.
MODEL_CMPD:0002917,sn_203,YMDB00441,,,c,,,,,,Yeast-MetaTwin,sn_203,model,Extracted from Yeast-MetaTwin model; external IDs to be filled by mapping phase.
MODEL_CMPD:0002918,sn_204,sn_204,,,c,,,,,,Yeast-MetaTwin,sn_204,model,Extracted from Yeast-MetaTwin model; external IDs to be filled by mapping phase.
MODEL_CMPD:0002919,sn_205,YMDB16072,,,c,,,,,,Yeast-MetaTwin,sn_205,model,Extracted from Yeast-MetaTwin model; external IDs to be filled by mapping phase.
MODEL_CMPD:0002920,sn_206,YMDB00457,,,c,,,,,,Yeast-MetaTwin,sn_206,model,Extracted from Yeast-MetaTwin model; external IDs to be filled by mapping phase.
MODEL_CMPD:0002921,sn_207,YMDB01531,,,c,,,,,,Yeast-MetaTwin,sn_207,model,Extracted from Yeast-MetaTwin model; external IDs to be filled by mapping phase.
MODEL_CMPD:0002922,sn_208,YMDB01321,,,c,,,,,,Yeast-MetaTwin,sn_208,model,Extracted from Yeast-MetaTwin model; external IDs to be filled by mapping phase.
MODEL_CMPD:0002923,sn_209,YMDB16135,,,c,,,,,,Yeast-MetaTwin,sn_209,model,Extracted from Yeast-MetaTwin model; external IDs to be filled by mapping phase.
MODEL_CMPD:0002924,sn_21,YMDB01700_YMDB01760,,,c,,,,,,Yeast-MetaTwin,sn_21,model,Extracted from Yeast-MetaTwin model; external IDs to be filled by mapping phase.
MODEL_CMPD:0002925,sn_210,YMDB01803,,,c,,,,,,Yeast-MetaTwin,sn_210,model,Extracted from Yeast-MetaTwin model; external IDs to be filled by mapping phase.
MODEL_CMPD:0002926,sn_211,YMDB01950,,,c,,,,,,Yeast-MetaTwin,sn_211,model,Extracted from Yeast-MetaTwin model; external IDs to be filled by mapping phase.
MODEL_CMPD:0002927,sn_212,YMDB00829,,,c,,,,,,Yeast-MetaTwin,sn_212,model,Extracted from Yeast-MetaTwin model; external IDs to be filled by mapping phase.
MODEL_CMPD:0002928,sn_213,YMDB01571,,,c,,,,,,Yeast-MetaTwin,sn_213,model,Extracted from Yeast-MetaTwin model; external IDs to be filled by mapping phase.
MODEL_CMPD:0002929,sn_214,YMDB16040,,,c,,,,,,Yeast-MetaTwin,sn_214,model,Extracted from Yeast-MetaTwin model; external IDs to be filled by mapping phase.
MODEL_CMPD:0002930,sn_215,YMDB16073,,,c,,,,,,Yeast-MetaTwin,sn_215,model,Extracted from Yeast-MetaTwin model; external IDs to be filled by mapping phase.
MODEL_CMPD:0002931,sn_216,YMDB12917,,,c,,,,,,Yeast-MetaTwin,sn_216,model,Extracted from Yeast-MetaTwin model; external IDs to be filled by mapping phase.
MODEL_CMPD:0002932,sn_217,YMDB13272,,,c,,,,,,Yeast-MetaTwin,sn_217,model,Extracted from Yeast-MetaTwin model; external IDs to be filled by mapping phase.
MODEL_CMPD:0002933,sn_218,YMDB15432,,,c,,,,,,Yeast-MetaTwin,sn_218,model,Extracted from Yeast-MetaTwin model; external IDs to be filled by mapping phase.
MODEL_CMPD:0002934,sn_219,YMDB01430,,,c,,,,,,Yeast-MetaTwin,sn_219,model,Extracted from Yeast-MetaTwin model; external IDs to be filled by mapping phase.
MODEL_CMPD:0002935,sn_22,YMDB01268,,,c,,,,,,Yeast-MetaTwin,sn_22,model,Extracted from Yeast-MetaTwin model; external IDs to be filled by mapping phase.
MODEL_CMPD:0002936,sn_220,YMDB01349,,,c,,,,,,Yeast-MetaTwin,sn_220,model,Extracted from Yeast-MetaTwin model; external IDs to be filled by mapping phase.
MODEL_CMPD:0002937,sn_223,YMDB01475,,,c,,,,,,Yeast-MetaTwin,sn_223,model,Extracted from Yeast-MetaTwin model; external IDs to be filled by mapping phase.
MODEL_CMPD:0002938,sn_224,YMDB16046,,,c,,,,,,Yeast-MetaTwin,sn_224,model,Extracted from Yeast-MetaTwin model; external IDs to be filled by mapping phase.
MODEL_CMPD:0002939,sn_225,YMDB01486,,,c,,,,,,Yeast-MetaTwin,sn_225,model,Extracted from Yeast-MetaTwin model; external IDs to be filled by mapping phase.
MODEL_CMPD:0002940,sn_226,YMDB01644,,,c,,,,,,Yeast-MetaTwin,sn_226,model,Extracted from Yeast-MetaTwin model; external IDs to be filled by mapping phase.
MODEL_CMPD:0002941,sn_227,YMDB16113,,,c,,,,,,Yeast-MetaTwin,sn_227,model,Extracted from Yeast-MetaTwin model; external IDs to be filled by mapping phase.
MODEL_CMPD:0002942,sn_228,sn_228,,,c,,,,,,Yeast-MetaTwin,sn_228,model,Extracted from Yeast-MetaTwin model; external IDs to be filled by mapping phase.
MODEL_CMPD:0002943,sn_229,YMDB00833,,,c,,,,,,Yeast-MetaTwin,sn_229,model,Extracted from Yeast-MetaTwin model; external IDs to be filled by mapping phase.
MODEL_CMPD:0002944,sn_23,YMDB01655,,,c,,,,,,Yeast-MetaTwin,sn_23,model,Extracted from Yeast-MetaTwin model; external IDs to be filled by mapping phase.
MODEL_CMPD:0002945,sn_230,YMDB01584,,,c,,,,,,Yeast-MetaTwin,sn_230,model,Extracted from Yeast-MetaTwin model; external IDs to be filled by mapping phase.
MODEL_CMPD:0002946,sn_231,YMDB01688,,,c,,,,,,Yeast-MetaTwin,sn_231,model,Extracted from Yeast-MetaTwin model; external IDs to be filled by mapping phase.
MODEL_CMPD:0002947,sn_232,YMDB02212,,,c,,,,,,Yeast-MetaTwin,sn_232,model,Extracted from Yeast-MetaTwin model; external IDs to be filled by mapping phase.
MODEL_CMPD:0002948,sn_233,YMDB01412,,,c,,,,,,Yeast-MetaTwin,sn_233,model,Extracted from Yeast-MetaTwin model; external IDs to be filled by mapping phase.
MODEL_CMPD:0002949,sn_234,YMDB01314,,,c,,,,,,Yeast-MetaTwin,sn_234,model,Extracted from Yeast-MetaTwin model; external IDs to be filled by mapping phase.
MODEL_CMPD:0002950,sn_235,YMDB00840,,,c,,,,,,Yeast-MetaTwin,sn_235,model,Extracted from Yeast-MetaTwin model; external IDs to be filled by mapping phase.
MODEL_CMPD:0002951,sn_236,YMDB02300,,,c,,,,,,Yeast-MetaTwin,sn_236,model,Extracted from Yeast-MetaTwin model; external IDs to be filled by mapping phase.
MODEL_CMPD:0002952,sn_237,YMDB16217,,,c,,,,,,Yeast-MetaTwin,sn_237,model,Extracted from Yeast-MetaTwin model; external IDs to be filled by mapping phase.
MODEL_CMPD:0002953,sn_238,YMDB01786,,,c,,,,,,Yeast-MetaTwin,sn_238,model,Extracted from Yeast-MetaTwin model; external IDs to be filled by mapping phase.
MODEL_CMPD:0002954,sn_239,YMDB01558,,,c,,,,,,Yeast-MetaTwin,sn_239,model,Extracted from Yeast-MetaTwin model; external IDs to be filled by mapping phase.
MODEL_CMPD:0002955,sn_240,YMDB01494,,,c,,,,,,Yeast-MetaTwin,sn_240,model,Extracted from Yeast-MetaTwin model; external IDs to be filled by mapping phase.
MODEL_CMPD:0002956,sn_241,YMDB00812,,,c,,,,,,Yeast-MetaTwin,sn_241,model,Extracted from Yeast-MetaTwin model; external IDs to be filled by mapping phase.
MODEL_CMPD:0002957,sn_242,YMDB01573,,,c,,,,,,Yeast-MetaTwin,sn_242,model,Extracted from Yeast-MetaTwin model; external IDs to be filled by mapping phase.
MODEL_CMPD:0002958,sn_243,YMDB01311,,,c,,,,,,Yeast-MetaTwin,sn_243,model,Extracted from Yeast-MetaTwin model; external IDs to be filled by mapping phase.
MODEL_CMPD:0002959,sn_244,YMDB00996,,,c,,,,,,Yeast-MetaTwin,sn_244,model,Extracted from Yeast-MetaTwin model; external IDs to be filled by mapping phase.
MODEL_CMPD:0002960,sn_245,YMDB01582,,,c,,,,,,Yeast-MetaTwin,sn_245,model,Extracted from Yeast-MetaTwin model; external IDs to be filled by mapping phase.
MODEL_CMPD:0002961,sn_246,YMDB15941,,,c,,,,,,Yeast-MetaTwin,sn_246,model,Extracted from Yeast-MetaTwin model; external IDs to be filled by mapping phase.
MODEL_CMPD:0002962,sn_247,YMDB13356,,,c,,,,,,Yeast-MetaTwin,sn_247,model,Extracted from Yeast-MetaTwin model; external IDs to be filled by mapping phase.
MODEL_CMPD:0002963,sn_248,YMDB01642,,,c,,,,,,Yeast-MetaTwin,sn_248,model,Extracted from Yeast-MetaTwin model; external IDs to be filled by mapping phase.
MODEL_CMPD:0002964,sn_249,YMDB00953,,,c,,,,,,Yeast-MetaTwin,sn_249,model,Extracted from Yeast-MetaTwin model; external IDs to be filled by mapping phase.
MODEL_CMPD:0002965,sn_25,YMDB16080,,,c,,,,,,Yeast-MetaTwin,sn_25,model,Extracted from Yeast-MetaTwin model; external IDs to be filled by mapping phase.
MODEL_CMPD:0002966,sn_251,YMDB01627,,,c,,,,,,Yeast-MetaTwin,sn_251,model,Extracted from Yeast-MetaTwin model; external IDs to be filled by mapping phase.
MODEL_CMPD:0002967,sn_252,YMDB13373,,,c,,,,,,Yeast-MetaTwin,sn_252,model,Extracted from Yeast-MetaTwin model; external IDs to be filled by mapping phase.
MODEL_CMPD:0002968,sn_253,YMDB16013,,,c,,,,,,Yeast-MetaTwin,sn_253,model,Extracted from Yeast-MetaTwin model; external IDs to be filled by mapping phase.
MODEL_CMPD:0002969,sn_254,YMDB00855_YMDB01758,,,c,,,,,,Yeast-MetaTwin,sn_254,model,Extracted from Yeast-MetaTwin model; external IDs to be filled by mapping phase.
MODEL_CMPD:0002970,sn_257,YMDB16061,,,c,,,,,,Yeast-MetaTwin,sn_257,model,Extracted from Yeast-MetaTwin model; external IDs to be filled by mapping phase.
MODEL_CMPD:0002971,sn_258,YMDB00986,,,c,,,,,,Yeast-MetaTwin,sn_258,model,Extracted from Yeast-MetaTwin model; external IDs to be filled by mapping phase.
MODEL_CMPD:0002972,sn_259,YMDB01560,,,c,,,,,,Yeast-MetaTwin,sn_259,model,Extracted from Yeast-MetaTwin model; external IDs to be filled by mapping phase.
MODEL_CMPD:0002973,sn_26,YMDB13364,,,c,,,,,,Yeast-MetaTwin,sn_26,model,Extracted from Yeast-MetaTwin model; external IDs to be filled by mapping phase.
MODEL_CMPD:0002974,sn_260,YMDB00811,,,c,,,,,,Yeast-MetaTwin,sn_260,model,Extracted from Yeast-MetaTwin model; external IDs to be filled by mapping phase.
MODEL_CMPD:0002975,sn_261,YMDB16051,,,c,,,,,,Yeast-MetaTwin,sn_261,model,Extracted from Yeast-MetaTwin model; external IDs to be filled by mapping phase.
MODEL_CMPD:0002976,sn_262,YMDB13346,,,c,,,,,,Yeast-MetaTwin,sn_262,model,Extracted from Yeast-MetaTwin model; external IDs to be filled by mapping phase.
MODEL_CMPD:0002977,sn_263,YMDB01674,,,c,,,,,,Yeast-MetaTwin,sn_263,model,Extracted from Yeast-MetaTwin model; external IDs to be filled by mapping phase.
MODEL_CMPD:0002978,sn_265,YMDB01757,,,c,,,,,,Yeast-MetaTwin,sn_265,model,Extracted from Yeast-MetaTwin model; external IDs to be filled by mapping phase.
MODEL_CMPD:0002979,sn_266,YMDB13387,,,c,,,,,,Yeast-MetaTwin,sn_266,model,Extracted from Yeast-MetaTwin model; external IDs to be filled by mapping phase.
MODEL_CMPD:0002980,sn_267,YMDB00764_YMDB16183,,,c,,,,,,Yeast-MetaTwin,sn_267,model,Extracted from Yeast-MetaTwin model; external IDs to be filled by mapping phase.
MODEL_CMPD:0002981,sn_268,YMDB01397,,,c,,,,,,Yeast-MetaTwin,sn_268,model,Extracted from Yeast-MetaTwin model; external IDs to be filled by mapping phase.
MODEL_CMPD:0002982,sn_269,YMDB01317,,,c,,,,,,Yeast-MetaTwin,sn_269,model,Extracted from Yeast-MetaTwin model; external IDs to be filled by mapping phase.
MODEL_CMPD:0002983,sn_27,YMDB00498,,,c,,,,,,Yeast-MetaTwin,sn_27,model,Extracted from Yeast-MetaTwin model; external IDs to be filled by mapping phase.
MODEL_CMPD:0002984,sn_270,YMDB01476,,,c,,,,,,Yeast-MetaTwin,sn_270,model,Extracted from Yeast-MetaTwin model; external IDs to be filled by mapping phase.
MODEL_CMPD:0002985,sn_271,YMDB13065,,,c,,,,,,Yeast-MetaTwin,sn_271,model,Extracted from Yeast-MetaTwin model; external IDs to be filled by mapping phase.
MODEL_CMPD:0002986,sn_272,YMDB01269,,,c,,,,,,Yeast-MetaTwin,sn_272,model,Extracted from Yeast-MetaTwin model; external IDs to be filled by mapping phase.
MODEL_CMPD:0002987,sn_273,YMDB15735,,,c,,,,,,Yeast-MetaTwin,sn_273,model,Extracted from Yeast-MetaTwin model; external IDs to be filled by mapping phase.
MODEL_CMPD:0002988,sn_274,YMDB01322,,,c,,,,,,Yeast-MetaTwin,sn_274,model,Extracted from Yeast-MetaTwin model; external IDs to be filled by mapping phase.
MODEL_CMPD:0002989,sn_275,YMDB16326,,,c,,,,,,Yeast-MetaTwin,sn_275,model,Extracted from Yeast-MetaTwin model; external IDs to be filled by mapping phase.
MODEL_CMPD:0002990,sn_276,YMDB01646,,,c,,,,,,Yeast-MetaTwin,sn_276,model,Extracted from Yeast-MetaTwin model; external IDs to be filled by mapping phase.
MODEL_CMPD:0002991,sn_277,YMDB01606_YMDB16037,,,c,,,,,,Yeast-MetaTwin,sn_277,model,Extracted from Yeast-MetaTwin model; external IDs to be filled by mapping phase.
MODEL_CMPD:0002992,sn_278,YMDB01303,,,c,,,,,,Yeast-MetaTwin,sn_278,model,Extracted from Yeast-MetaTwin model; external IDs to be filled by mapping phase.
MODEL_CMPD:0002993,sn_279,YMDB01352_YMDB16060,,,c,,,,,,Yeast-MetaTwin,sn_279,model,Extracted from Yeast-MetaTwin model; external IDs to be filled by mapping phase.
MODEL_CMPD:0002994,sn_28,YMDB16265,,,c,,,,,,Yeast-MetaTwin,sn_28,model,Extracted from Yeast-MetaTwin model; external IDs to be filled by mapping phase.
MODEL_CMPD:0002995,sn_281,YMDB16259,,,c,,,,,,Yeast-MetaTwin,sn_281,model,Extracted from Yeast-MetaTwin model; external IDs to be filled by mapping phase.
MODEL_CMPD:0002996,sn_282,YMDB13397,,,c,,,,,,Yeast-MetaTwin,sn_282,model,Extracted from Yeast-MetaTwin model; external IDs to be filled by mapping phase.
MODEL_CMPD:0002997,sn_283,YMDB01102,,,c,,,,,,Yeast-MetaTwin,sn_283,model,Extracted from Yeast-MetaTwin model; external IDs to be filled by mapping phase.
MODEL_CMPD:0002998,sn_284,YMDB01378,,,c,,,,,,Yeast-MetaTwin,sn_284,model,Extracted from Yeast-MetaTwin model; external IDs to be filled by mapping phase.
MODEL_CMPD:0002999,sn_285,YMDB02309,,,c,,,,,,Yeast-MetaTwin,sn_285,model,Extracted from Yeast-MetaTwin model; external IDs to be filled by mapping phase.
MODEL_CMPD:0003000,sn_286,YMDB01377,,,c,,,,,,Yeast-MetaTwin,sn_286,model,Extracted from Yeast-MetaTwin model; external IDs to be filled by mapping phase.
MODEL_CMPD:0003001,sn_287,YMDB00787,,,c,,,,,,Yeast-MetaTwin,sn_287,model,Extracted from Yeast-MetaTwin model; external IDs to be filled by mapping phase.
MODEL_CMPD:0003002,sn_288,sn_288,,,c,,,,,,Yeast-MetaTwin,sn_288,model,Extracted from Yeast-MetaTwin model; external IDs to be filled by mapping phase.
MODEL_CMPD:0003003,sn_289,YMDB13347,,,c,,,,,,Yeast-MetaTwin,sn_289,model,Extracted from Yeast-MetaTwin model; external IDs to be filled by mapping phase.
MODEL_CMPD:0003004,sn_29,YMDB13295,,,c,,,,,,Yeast-MetaTwin,sn_29,model,Extracted from Yeast-MetaTwin model; external IDs to be filled by mapping phase.
MODEL_CMPD:0003005,sn_291,YMDB01529,,,c,,,,,,Yeast-MetaTwin,sn_291,model,Extracted from Yeast-MetaTwin model; external IDs to be filled by mapping phase.
MODEL_CMPD:0003006,sn_292,sn_292,,,c,,,,,,Yeast-MetaTwin,sn_292,model,Extracted from Yeast-MetaTwin model; external IDs to be filled by mapping phase.
MODEL_CMPD:0003007,sn_293,YMDB15938,,,c,,,,,,Yeast-MetaTwin,sn_293,model,Extracted from Yeast-MetaTwin model; external IDs to be filled by mapping phase.
MODEL_CMPD:0003008,sn_294,YMDB01706,,,c,,,,,,Yeast-MetaTwin,sn_294,model,Extracted from Yeast-MetaTwin model; external IDs to be filled by mapping phase.
MODEL_CMPD:0003009,sn_295,YMDB16235,,,c,,,,,,Yeast-MetaTwin,sn_295,model,Extracted from Yeast-MetaTwin model; external IDs to be filled by mapping phase.
MODEL_CMPD:0003010,sn_296,sn_296,,,c,,,,,,Yeast-MetaTwin,sn_296,model,Extracted from Yeast-MetaTwin model; external IDs to be filled by mapping phase.
MODEL_CMPD:0003011,sn_297,YMDB13337,,,c,,,,,,Yeast-MetaTwin,sn_297,model,Extracted from Yeast-MetaTwin model; external IDs to be filled by mapping phase.
MODEL_CMPD:0003012,sn_298,YMDB16021,,,c,,,,,,Yeast-MetaTwin,sn_298,model,Extracted from Yeast-MetaTwin model; external IDs to be filled by mapping phase.
MODEL_CMPD:0003013,sn_299,YMDB01718,,,c,,,,,,Yeast-MetaTwin,sn_299,model,Extracted from Yeast-MetaTwin model; external IDs to be filled by mapping phase.
MODEL_CMPD:0003014,sn_3,YMDB16178,,,c,,,,,,Yeast-MetaTwin,sn_3,model,Extracted from Yeast-MetaTwin model; external IDs to be filled by mapping phase.
MODEL_CMPD:0003015,sn_30,YMDB00384,,,c,,,,,,Yeast-MetaTwin,sn_30,model,Extracted from Yeast-MetaTwin model; external IDs to be filled by mapping phase.
MODEL_CMPD:0003016,sn_300,YMDB01351,,,c,,,,,,Yeast-MetaTwin,sn_300,model,Extracted from Yeast-MetaTwin model; external IDs to be filled by mapping phase.
MODEL_CMPD:0003017,sn_301,YMDB01566,,,c,,,,,,Yeast-MetaTwin,sn_301,model,Extracted from Yeast-MetaTwin model; external IDs to be filled by mapping phase.
MODEL_CMPD:0003018,sn_302,YMDB01615,,,c,,,,,,Yeast-MetaTwin,sn_302,model,Extracted from Yeast-MetaTwin model; external IDs to be filled by mapping phase.
MODEL_CMPD:0003019,sn_303,YMDB02305,,,c,,,,,,Yeast-MetaTwin,sn_303,model,Extracted from Yeast-MetaTwin model; external IDs to be filled by mapping phase.
MODEL_CMPD:0003020,sn_304,YMDB00185,,,c,,,,,,Yeast-MetaTwin,sn_304,model,Extracted from Yeast-MetaTwin model; external IDs to be filled by mapping phase.
MODEL_CMPD:0003021,sn_305,YMDB01676,,,c,,,,,,Yeast-MetaTwin,sn_305,model,Extracted from Yeast-MetaTwin model; external IDs to be filled by mapping phase.
MODEL_CMPD:0003022,sn_306,YMDB00808,,,c,,,,,,Yeast-MetaTwin,sn_306,model,Extracted from Yeast-MetaTwin model; external IDs to be filled by mapping phase.
MODEL_CMPD:0003023,sn_307,YMDB16261,,,c,,,,,,Yeast-MetaTwin,sn_307,model,Extracted from Yeast-MetaTwin model; external IDs to be filled by mapping phase.
MODEL_CMPD:0003024,sn_308,YMDB01216,,,c,,,,,,Yeast-MetaTwin,sn_308,model,Extracted from Yeast-MetaTwin model; external IDs to be filled by mapping phase.
MODEL_CMPD:0003025,sn_309,YMDB01744,,,c,,,,,,Yeast-MetaTwin,sn_309,model,Extracted from Yeast-MetaTwin model; external IDs to be filled by mapping phase.
MODEL_CMPD:0003026,sn_31,YMDB16268,,,c,,,,,,Yeast-MetaTwin,sn_31,model,Extracted from Yeast-MetaTwin model; external IDs to be filled by mapping phase.
MODEL_CMPD:0003027,sn_310,YMDB01563,,,c,,,,,,Yeast-MetaTwin,sn_310,model,Extracted from Yeast-MetaTwin model; external IDs to be filled by mapping phase.
MODEL_CMPD:0003028,sn_311,YMDB01693,,,c,,,,,,Yeast-MetaTwin,sn_311,model,Extracted from Yeast-MetaTwin model; external IDs to be filled by mapping phase.
MODEL_CMPD:0003029,sn_312,YMDB01175_YMDB13311,,,c,,,,,,Yeast-MetaTwin,sn_312,model,Extracted from Yeast-MetaTwin model; external IDs to be filled by mapping phase.
MODEL_CMPD:0003030,sn_313,YMDB01675,,,c,,,,,,Yeast-MetaTwin,sn_313,model,Extracted from Yeast-MetaTwin model; external IDs to be filled by mapping phase.
MODEL_CMPD:0003031,sn_314,YMDB01743,,,c,,,,,,Yeast-MetaTwin,sn_314,model,Extracted from Yeast-MetaTwin model; external IDs to be filled by mapping phase.
MODEL_CMPD:0003032,sn_315,YMDB13562,,,c,,,,,,Yeast-MetaTwin,sn_315,model,Extracted from Yeast-MetaTwin model; external IDs to be filled by mapping phase.
MODEL_CMPD:0003033,sn_316,YMDB15934,,,c,,,,,,Yeast-MetaTwin,sn_316,model,Extracted from Yeast-MetaTwin model; external IDs to be filled by mapping phase.
MODEL_CMPD:0003034,sn_317,YMDB01188,,,c,,,,,,Yeast-MetaTwin,sn_317,model,Extracted from Yeast-MetaTwin model; external IDs to be filled by mapping phase.
MODEL_CMPD:0003035,sn_318,YMDB13002,,,c,,,,,,Yeast-MetaTwin,sn_318,model,Extracted from Yeast-MetaTwin model; external IDs to be filled by mapping phase.
MODEL_CMPD:0003036,sn_319,YMDB13401,,,c,,,,,,Yeast-MetaTwin,sn_319,model,Extracted from Yeast-MetaTwin model; external IDs to be filled by mapping phase.
MODEL_CMPD:0003037,sn_320,YMDB01347,,,c,,,,,,Yeast-MetaTwin,sn_320,model,Extracted from Yeast-MetaTwin model; external IDs to be filled by mapping phase.
MODEL_CMPD:0003038,sn_321,YMDB00596,,,c,,,,,,Yeast-MetaTwin,sn_321,model,Extracted from Yeast-MetaTwin model; external IDs to be filled by mapping phase.
MODEL_CMPD:0003039,sn_322,YMDB01536,,,c,,,,,,Yeast-MetaTwin,sn_322,model,Extracted from Yeast-MetaTwin model; external IDs to be filled by mapping phase.
MODEL_CMPD:0003040,sn_323,YMDB01105,,,c,,,,,,Yeast-MetaTwin,sn_323,model,Extracted from Yeast-MetaTwin model; external IDs to be filled by mapping phase.
MODEL_CMPD:0003041,sn_324,YMDB01470,,,c,,,,,,Yeast-MetaTwin,sn_324,model,Extracted from Yeast-MetaTwin model; external IDs to be filled by mapping phase.
MODEL_CMPD:0003042,sn_325,YMDB16206,,,c,,,,,,Yeast-MetaTwin,sn_325,model,Extracted from Yeast-MetaTwin model; external IDs to be filled by mapping phase.
MODEL_CMPD:0003043,sn_326,YMDB16204,,,c,,,,,,Yeast-MetaTwin,sn_326,model,Extracted from Yeast-MetaTwin model; external IDs to be filled by mapping phase.
MODEL_CMPD:0003044,sn_327,YMDB01802,,,c,,,,,,Yeast-MetaTwin,sn_327,model,Extracted from Yeast-MetaTwin model; external IDs to be filled by mapping phase.
MODEL_CMPD:0003045,sn_328,YMDB01704,,,c,,,,,,Yeast-MetaTwin,sn_328,model,Extracted from Yeast-MetaTwin model; external IDs to be filled by mapping phase.
MODEL_CMPD:0003046,sn_329,YMDB01332,,,c,,,,,,Yeast-MetaTwin,sn_329,model,Extracted from Yeast-MetaTwin model; external IDs to be filled by mapping phase.
MODEL_CMPD:0003047,sn_33,YMDB00122,,,c,,,,,,Yeast-MetaTwin,sn_33,model,Extracted from Yeast-MetaTwin model; external IDs to be filled by mapping phase.
MODEL_CMPD:0003048,sn_330,YMDB01564,,,c,,,,,,Yeast-MetaTwin,sn_330,model,Extracted from Yeast-MetaTwin model; external IDs to be filled by mapping phase.
MODEL_CMPD:0003049,sn_331,YMDB01484,,,c,,,,,,Yeast-MetaTwin,sn_331,model,Extracted from Yeast-MetaTwin model; external IDs to be filled by mapping phase.
MODEL_CMPD:0003050,sn_332,YMDB16043,,,c,,,,,,Yeast-MetaTwin,sn_332,model,Extracted from Yeast-MetaTwin model; external IDs to be filled by mapping phase.
MODEL_CMPD:0003051,sn_333,YMDB02317,,,c,,,,,,Yeast-MetaTwin,sn_333,model,Extracted from Yeast-MetaTwin model; external IDs to be filled by mapping phase.
MODEL_CMPD:0003052,sn_334,YMDB16188,,,c,,,,,,Yeast-MetaTwin,sn_334,model,Extracted from Yeast-MetaTwin model; external IDs to be filled by mapping phase.
MODEL_CMPD:0003053,sn_335,YMDB16161,,,c,,,,,,Yeast-MetaTwin,sn_335,model,Extracted from Yeast-MetaTwin model; external IDs to be filled by mapping phase.
MODEL_CMPD:0003054,sn_336,YMDB16081,,,c,,,,,,Yeast-MetaTwin,sn_336,model,Extracted from Yeast-MetaTwin model; external IDs to be filled by mapping phase.
MODEL_CMPD:0003055,sn_337,YMDB13060,,,c,,,,,,Yeast-MetaTwin,sn_337,model,Extracted from Yeast-MetaTwin model; external IDs to be filled by mapping phase.
MODEL_CMPD:0003056,sn_338,YMDB01683,,,c,,,,,,Yeast-MetaTwin,sn_338,model,Extracted from Yeast-MetaTwin model; external IDs to be filled by mapping phase.
MODEL_CMPD:0003057,sn_339,YMDB15950,,,c,,,,,,Yeast-MetaTwin,sn_339,model,Extracted from Yeast-MetaTwin model; external IDs to be filled by mapping phase.
MODEL_CMPD:0003058,sn_34,YMDB01562,,,c,,,,,,Yeast-MetaTwin,sn_34,model,Extracted from Yeast-MetaTwin model; external IDs to be filled by mapping phase.
MODEL_CMPD:0003059,sn_341,YMDB00826_YMDB15914,,,c,,,,,,Yeast-MetaTwin,sn_341,model,Extracted from Yeast-MetaTwin model; external IDs to be filled by mapping phase.
MODEL_CMPD:0003060,sn_342,YMDB16209,,,c,,,,,,Yeast-MetaTwin,sn_342,model,Extracted from Yeast-MetaTwin model; external IDs to be filled by mapping phase.
MODEL_CMPD:0003061,sn_343,YMDB01218,,,c,,,,,,Yeast-MetaTwin,sn_343,model,Extracted from Yeast-MetaTwin model; external IDs to be filled by mapping phase.
MODEL_CMPD:0003062,sn_344,YMDB01867,,,c,,,,,,Yeast-MetaTwin,sn_344,model,Extracted from Yeast-MetaTwin model; external IDs to be filled by mapping phase.
MODEL_CMPD:0003063,sn_345,YMDB01291,,,c,,,,,,Yeast-MetaTwin,sn_345,model,Extracted from Yeast-MetaTwin model; external IDs to be filled by mapping phase.
MODEL_CMPD:0003064,sn_347,YMDB16246,,,c,,,,,,Yeast-MetaTwin,sn_347,model,Extracted from Yeast-MetaTwin model; external IDs to be filled by mapping phase.
MODEL_CMPD:0003065,sn_348,YMDB16120,,,c,,,,,,Yeast-MetaTwin,sn_348,model,Extracted from Yeast-MetaTwin model; external IDs to be filled by mapping phase.
MODEL_CMPD:0003066,sn_349,YMDB01368,,,c,,,,,,Yeast-MetaTwin,sn_349,model,Extracted from Yeast-MetaTwin model; external IDs to be filled by mapping phase.
MODEL_CMPD:0003067,sn_35,YMDB13328_YMDB16278,,,c,,,,,,Yeast-MetaTwin,sn_35,model,Extracted from Yeast-MetaTwin model; external IDs to be filled by mapping phase.
MODEL_CMPD:0003068,sn_350,YMDB01399,,,c,,,,,,Yeast-MetaTwin,sn_350,model,Extracted from Yeast-MetaTwin model; external IDs to be filled by mapping phase.
MODEL_CMPD:0003069,sn_351,YMDB15678,,,c,,,,,,Yeast-MetaTwin,sn_351,model,Extracted from Yeast-MetaTwin model; external IDs to be filled by mapping phase.
MODEL_CMPD:0003070,sn_352,YMDB01891,,,c,,,,,,Yeast-MetaTwin,sn_352,model,Extracted from Yeast-MetaTwin model; external IDs to be filled by mapping phase.
MODEL_CMPD:0003071,sn_353,YMDB01221,,,c,,,,,,Yeast-MetaTwin,sn_353,model,Extracted from Yeast-MetaTwin model; external IDs to be filled by mapping phase.
MODEL_CMPD:0003072,sn_354,YMDB16312,,,c,,,,,,Yeast-MetaTwin,sn_354,model,Extracted from Yeast-MetaTwin model; external IDs to be filled by mapping phase.
MODEL_CMPD:0003073,sn_355,YMDB16024,,,c,,,,,,Yeast-MetaTwin,sn_355,model,Extracted from Yeast-MetaTwin model; external IDs to be filled by mapping phase.
MODEL_CMPD:0003074,sn_356,YMDB01340,,,c,,,,,,Yeast-MetaTwin,sn_356,model,Extracted from Yeast-MetaTwin model; external IDs to be filled by mapping phase.
MODEL_CMPD:0003075,sn_357,YMDB16047,,,c,,,,,,Yeast-MetaTwin,sn_357,model,Extracted from Yeast-MetaTwin model; external IDs to be filled by mapping phase.
MODEL_CMPD:0003076,sn_358,YMDB01730,,,c,,,,,,Yeast-MetaTwin,sn_358,model,Extracted from Yeast-MetaTwin model; external IDs to be filled by mapping phase.
MODEL_CMPD:0003077,sn_359,YMDB16199,,,c,,,,,,Yeast-MetaTwin,sn_359,model,Extracted from Yeast-MetaTwin model; external IDs to be filled by mapping phase.
MODEL_CMPD:0003078,sn_36,YMDB00190,,,c,,,,,,Yeast-MetaTwin,sn_36,model,Extracted from Yeast-MetaTwin model; external IDs to be filled by mapping phase.
MODEL_CMPD:0003079,sn_360,YMDB02307,,,c,,,,,,Yeast-MetaTwin,sn_360,model,Extracted from Yeast-MetaTwin model; external IDs to be filled by mapping phase.
MODEL_CMPD:0003080,sn_361,YMDB13536,,,c,,,,,,Yeast-MetaTwin,sn_361,model,Extracted from Yeast-MetaTwin model; external IDs to be filled by mapping phase.
MODEL_CMPD:0003081,sn_363,YMDB13390,,,c,,,,,,Yeast-MetaTwin,sn_363,model,Extracted from Yeast-MetaTwin model; external IDs to be filled by mapping phase.
MODEL_CMPD:0003082,sn_364,sn_364,,,c,,,,,,Yeast-MetaTwin,sn_364,model,Extracted from Yeast-MetaTwin model; external IDs to be filled by mapping phase.
MODEL_CMPD:0003083,sn_365,YMDB01759_YMDB16016,,,c,,,,,,Yeast-MetaTwin,sn_365,model,Extracted from Yeast-MetaTwin model; external IDs to be filled by mapping phase.
MODEL_CMPD:0003084,sn_366,YMDB01386,,,c,,,,,,Yeast-MetaTwin,sn_366,model,Extracted from Yeast-MetaTwin model; external IDs to be filled by mapping phase.
MODEL_CMPD:0003085,sn_367,YMDB01776,,,c,,,,,,Yeast-MetaTwin,sn_367,model,Extracted from Yeast-MetaTwin model; external IDs to be filled by mapping phase.
MODEL_CMPD:0003086,sn_368,YMDB13352,,,c,,,,,,Yeast-MetaTwin,sn_368,model,Extracted from Yeast-MetaTwin model; external IDs to be filled by mapping phase.
MODEL_CMPD:0003087,sn_369,YMDB01887,,,c,,,,,,Yeast-MetaTwin,sn_369,model,Extracted from Yeast-MetaTwin model; external IDs to be filled by mapping phase.
MODEL_CMPD:0003088,sn_37,YMDB02320,,,c,,,,,,Yeast-MetaTwin,sn_37,model,Extracted from Yeast-MetaTwin model; external IDs to be filled by mapping phase.
MODEL_CMPD:0003089,sn_370,YMDB15994,,,c,,,,,,Yeast-MetaTwin,sn_370,model,Extracted from Yeast-MetaTwin model; external IDs to be filled by mapping phase.
MODEL_CMPD:0003090,sn_371,YMDB01629,,,c,,,,,,Yeast-MetaTwin,sn_371,model,Extracted from Yeast-MetaTwin model; external IDs to be filled by mapping phase.
MODEL_CMPD:0003091,sn_372,YMDB01360,,,c,,,,,,Yeast-MetaTwin,sn_372,model,Extracted from Yeast-MetaTwin model; external IDs to be filled by mapping phase.
MODEL_CMPD:0003092,sn_373,YMDB16074,,,c,,,,,,Yeast-MetaTwin,sn_373,model,Extracted from Yeast-MetaTwin model; external IDs to be filled by mapping phase.
MODEL_CMPD:0003093,sn_374,YMDB16056,,,c,,,,,,Yeast-MetaTwin,sn_374,model,Extracted from Yeast-MetaTwin model; external IDs to be filled by mapping phase.
MODEL_CMPD:0003094,sn_375,YMDB01356,,,c,,,,,,Yeast-MetaTwin,sn_375,model,Extracted from Yeast-MetaTwin model; external IDs to be filled by mapping phase.
MODEL_CMPD:0003095,sn_377,YMDB00838,,,c,,,,,,Yeast-MetaTwin,sn_377,model,Extracted from Yeast-MetaTwin model; external IDs to be filled by mapping phase.
MODEL_CMPD:0003096,sn_378,YMDB02314,,,c,,,,,,Yeast-MetaTwin,sn_378,model,Extracted from Yeast-MetaTwin model; external IDs to be filled by mapping phase.
MODEL_CMPD:0003097,sn_38,YMDB01154,,,c,,,,,,Yeast-MetaTwin,sn_38,model,Extracted from Yeast-MetaTwin model; external IDs to be filled by mapping phase.
MODEL_CMPD:0003098,sn_380,YMDB01350_YMDB16023,,,c,,,,,,Yeast-MetaTwin,sn_380,model,Extracted from Yeast-MetaTwin model; external IDs to be filled by mapping phase.
MODEL_CMPD:0003099,sn_381,YMDB13384,,,c,,,,,,Yeast-MetaTwin,sn_381,model,Extracted from Yeast-MetaTwin model; external IDs to be filled by mapping phase.
MODEL_CMPD:0003100,sn_382,YMDB01355,,,c,,,,,,Yeast-MetaTwin,sn_382,model,Extracted from Yeast-MetaTwin model; external IDs to be filled by mapping phase.
MODEL_CMPD:0003101,sn_383,YMDB00856,,,c,,,,,,Yeast-MetaTwin,sn_383,model,Extracted from Yeast-MetaTwin model; external IDs to be filled by mapping phase.
MODEL_CMPD:0003102,sn_384,YMDB01592,,,c,,,,,,Yeast-MetaTwin,sn_384,model,Extracted from Yeast-MetaTwin model; external IDs to be filled by mapping phase.
MODEL_CMPD:0003103,sn_385,YMDB16026,,,c,,,,,,Yeast-MetaTwin,sn_385,model,Extracted from Yeast-MetaTwin model; external IDs to be filled by mapping phase.
MODEL_CMPD:0003104,sn_386,YMDB16149,,,c,,,,,,Yeast-MetaTwin,sn_386,model,Extracted from Yeast-MetaTwin model; external IDs to be filled by mapping phase.
MODEL_CMPD:0003105,sn_387,YMDB16079,,,c,,,,,,Yeast-MetaTwin,sn_387,model,Extracted from Yeast-MetaTwin model; external IDs to be filled by mapping phase.
MODEL_CMPD:0003106,sn_388,YMDB01747,,,c,,,,,,Yeast-MetaTwin,sn_388,model,Extracted from Yeast-MetaTwin model; external IDs to be filled by mapping phase.
MODEL_CMPD:0003107,sn_389,YMDB02312,,,c,,,,,,Yeast-MetaTwin,sn_389,model,Extracted from Yeast-MetaTwin model; external IDs to be filled by mapping phase.
MODEL_CMPD:0003108,sn_39,YMDB00196,,,c,,,,,,Yeast-MetaTwin,sn_39,model,Extracted from Yeast-MetaTwin model; external IDs to be filled by mapping phase.
MODEL_CMPD:0003109,sn_391,YMDB13057,,,c,,,,,,Yeast-MetaTwin,sn_391,model,Extracted from Yeast-MetaTwin model; external IDs to be filled by mapping phase.
MODEL_CMPD:0003110,sn_392,YMDB13351,,,c,,,,,,Yeast-MetaTwin,sn_392,model,Extracted from Yeast-MetaTwin model; external IDs to be filled by mapping phase.
MODEL_CMPD:0003111,sn_393,YMDB01316,,,c,,,,,,Yeast-MetaTwin,sn_393,model,Extracted from Yeast-MetaTwin model; external IDs to be filled by mapping phase.
MODEL_CMPD:0003112,sn_394,YMDB01617_YMDB15954,,,c,,,,,,Yeast-MetaTwin,sn_394,model,Extracted from Yeast-MetaTwin model; external IDs to be filled by mapping phase.
MODEL_CMPD:0003113,sn_395,YMDB01488,,,c,,,,,,Yeast-MetaTwin,sn_395,model,Extracted from Yeast-MetaTwin model; external IDs to be filled by mapping phase.
MODEL_CMPD:0003114,sn_396,YMDB16114,,,c,,,,,,Yeast-MetaTwin,sn_396,model,Extracted from Yeast-MetaTwin model; external IDs to be filled by mapping phase.
MODEL_CMPD:0003115,sn_397,YMDB14434,,,c,,,,,,Yeast-MetaTwin,sn_397,model,Extracted from Yeast-MetaTwin model; external IDs to be filled by mapping phase.
MODEL_CMPD:0003116,sn_398,YMDB01339,,,c,,,,,,Yeast-MetaTwin,sn_398,model,Extracted from Yeast-MetaTwin model; external IDs to be filled by mapping phase.
MODEL_CMPD:0003117,sn_399,YMDB16006,,,c,,,,,,Yeast-MetaTwin,sn_399,model,Extracted from Yeast-MetaTwin model; external IDs to be filled by mapping phase.
MODEL_CMPD:0003118,sn_4,YMDB13366,,,c,,,,,,Yeast-MetaTwin,sn_4,model,Extracted from Yeast-MetaTwin model; external IDs to be filled by mapping phase.
MODEL_CMPD:0003119,sn_40,YMDB01324,,,c,,,,,,Yeast-MetaTwin,sn_40,model,Extracted from Yeast-MetaTwin model; external IDs to be filled by mapping phase.
MODEL_CMPD:0003120,sn_400,sn_400,,,c,,,,,,Yeast-MetaTwin,sn_400,model,Extracted from Yeast-MetaTwin model; external IDs to be filled by mapping phase.
MODEL_CMPD:0003121,sn_401,YMDB01457_YMDB16055,,,c,,,,,,Yeast-MetaTwin,sn_401,model,Extracted from Yeast-MetaTwin model; external IDs to be filled by mapping phase.
MODEL_CMPD:0003122,sn_402,YMDB01161,,,c,,,,,,Yeast-MetaTwin,sn_402,model,Extracted from Yeast-MetaTwin model; external IDs to be filled by mapping phase.
MODEL_CMPD:0003123,sn_403,YMDB02306,,,c,,,,,,Yeast-MetaTwin,sn_403,model,Extracted from Yeast-MetaTwin model; external IDs to be filled by mapping phase.
MODEL_CMPD:0003124,sn_404,YMDB13375,,,c,,,,,,Yeast-MetaTwin,sn_404,model,Extracted from Yeast-MetaTwin model; external IDs to be filled by mapping phase.
MODEL_CMPD:0003125,sn_405,YMDB01748,,,c,,,,,,Yeast-MetaTwin,sn_405,model,Extracted from Yeast-MetaTwin model; external IDs to be filled by mapping phase.
MODEL_CMPD:0003126,sn_406,YMDB01710,,,c,,,,,,Yeast-MetaTwin,sn_406,model,Extracted from Yeast-MetaTwin model; external IDs to be filled by mapping phase.
MODEL_CMPD:0003127,sn_407,YMDB01534,,,c,,,,,,Yeast-MetaTwin,sn_407,model,Extracted from Yeast-MetaTwin model; external IDs to be filled by mapping phase.
MODEL_CMPD:0003128,sn_408,YMDB16162_YMDB16258,,,c,,,,,,Yeast-MetaTwin,sn_408,model,Extracted from Yeast-MetaTwin model; external IDs to be filled by mapping phase.
MODEL_CMPD:0003129,sn_409,YMDB16310,,,c,,,,,,Yeast-MetaTwin,sn_409,model,Extracted from Yeast-MetaTwin model; external IDs to be filled by mapping phase.
MODEL_CMPD:0003130,sn_41,YMDB02318,,,c,,,,,,Yeast-MetaTwin,sn_41,model,Extracted from Yeast-MetaTwin model; external IDs to be filled by mapping phase.
MODEL_CMPD:0003131,sn_410,YMDB16008,,,c,,,,,,Yeast-MetaTwin,sn_410,model,Extracted from Yeast-MetaTwin model; external IDs to be filled by mapping phase.
MODEL_CMPD:0003132,sn_411,YMDB01328,,,c,,,,,,Yeast-MetaTwin,sn_411,model,Extracted from Yeast-MetaTwin model; external IDs to be filled by mapping phase.
MODEL_CMPD:0003133,sn_412,YMDB01712,,,c,,,,,,Yeast-MetaTwin,sn_412,model,Extracted from Yeast-MetaTwin model; external IDs to be filled by mapping phase.
MODEL_CMPD:0003134,sn_413,YMDB00804,,,c,,,,,,Yeast-MetaTwin,sn_413,model,Extracted from Yeast-MetaTwin model; external IDs to be filled by mapping phase.
MODEL_CMPD:0003135,sn_414,YMDB01489,,,c,,,,,,Yeast-MetaTwin,sn_414,model,Extracted from Yeast-MetaTwin model; external IDs to be filled by mapping phase.
MODEL_CMPD:0003136,sn_416,YMDB16070,,,c,,,,,,Yeast-MetaTwin,sn_416,model,Extracted from Yeast-MetaTwin model; external IDs to be filled by mapping phase.
MODEL_CMPD:0003137,sn_417,YMDB15997,,,c,,,,,,Yeast-MetaTwin,sn_417,model,Extracted from Yeast-MetaTwin model; external IDs to be filled by mapping phase.
MODEL_CMPD:0003138,sn_42,YMDB01420_YMDB01421_YMDB15947,,,c,,,,,,Yeast-MetaTwin,sn_42,model,Extracted from Yeast-MetaTwin model; external IDs to be filled by mapping phase.
MODEL_CMPD:0003139,sn_43,YMDB01425,,,c,,,,,,Yeast-MetaTwin,sn_43,model,Extracted from Yeast-MetaTwin model; external IDs to be filled by mapping phase.
MODEL_CMPD:0003140,sn_44,YMDB01705,,,c,,,,,,Yeast-MetaTwin,sn_44,model,Extracted from Yeast-MetaTwin model; external IDs to be filled by mapping phase.
MODEL_CMPD:0003141,sn_45,sn_45,,,c,,,,,,Yeast-MetaTwin,sn_45,model,Extracted from Yeast-MetaTwin model; external IDs to be filled by mapping phase.
MODEL_CMPD:0003142,sn_46,YMDB16308,,,c,,,,,,Yeast-MetaTwin,sn_46,model,Extracted from Yeast-MetaTwin model; external IDs to be filled by mapping phase.
MODEL_CMPD:0003143,sn_47,YMDB01245,,,c,,,,,,Yeast-MetaTwin,sn_47,model,Extracted from Yeast-MetaTwin model; external IDs to be filled by mapping phase.
MODEL_CMPD:0003144,sn_48,YMDB13292,,,c,,,,,,Yeast-MetaTwin,sn_48,model,Extracted from Yeast-MetaTwin model; external IDs to be filled by mapping phase.
MODEL_CMPD:0003145,sn_49,YMDB16213,,,c,,,,,,Yeast-MetaTwin,sn_49,model,Extracted from Yeast-MetaTwin model; external IDs to be filled by mapping phase.
MODEL_CMPD:0003146,sn_5,YMDB01471,,,c,,,,,,Yeast-MetaTwin,sn_5,model,Extracted from Yeast-MetaTwin model; external IDs to be filled by mapping phase.
MODEL_CMPD:0003147,sn_50,YMDB13370,,,c,,,,,,Yeast-MetaTwin,sn_50,model,Extracted from Yeast-MetaTwin model; external IDs to be filled by mapping phase.
MODEL_CMPD:0003148,sn_51,YMDB16208,,,c,,,,,,Yeast-MetaTwin,sn_51,model,Extracted from Yeast-MetaTwin model; external IDs to be filled by mapping phase.
MODEL_CMPD:0003149,sn_52,YMDB16154,,,c,,,,,,Yeast-MetaTwin,sn_52,model,Extracted from Yeast-MetaTwin model; external IDs to be filled by mapping phase.
MODEL_CMPD:0003150,sn_53,YMDB01711,,,c,,,,,,Yeast-MetaTwin,sn_53,model,Extracted from Yeast-MetaTwin model; external IDs to be filled by mapping phase.
MODEL_CMPD:0003151,sn_54,YMDB13348,,,c,,,,,,Yeast-MetaTwin,sn_54,model,Extracted from Yeast-MetaTwin model; external IDs to be filled by mapping phase.
MODEL_CMPD:0003152,sn_55,YMDB00210,,,c,,,,,,Yeast-MetaTwin,sn_55,model,Extracted from Yeast-MetaTwin model; external IDs to be filled by mapping phase.
MODEL_CMPD:0003153,sn_56,YMDB00852,,,c,,,,,,Yeast-MetaTwin,sn_56,model,Extracted from Yeast-MetaTwin model; external IDs to be filled by mapping phase.
MODEL_CMPD:0003154,sn_57,YMDB01325,,,c,,,,,,Yeast-MetaTwin,sn_57,model,Extracted from Yeast-MetaTwin model; external IDs to be filled by mapping phase.
MODEL_CMPD:0003155,sn_58,YMDB01251,,,c,,,,,,Yeast-MetaTwin,sn_58,model,Extracted from Yeast-MetaTwin model; external IDs to be filled by mapping phase.
MODEL_CMPD:0003156,sn_59,YMDB01636,,,c,,,,,,Yeast-MetaTwin,sn_59,model,Extracted from Yeast-MetaTwin model; external IDs to be filled by mapping phase.
MODEL_CMPD:0003157,sn_6,YMDB00878,,,c,,,,,,Yeast-MetaTwin,sn_6,model,Extracted from Yeast-MetaTwin model; external IDs to be filled by mapping phase.
MODEL_CMPD:0003158,sn_60,YMDB13369,,,c,,,,,,Yeast-MetaTwin,sn_60,model,Extracted from Yeast-MetaTwin model; external IDs to be filled by mapping phase.
MODEL_CMPD:0003159,sn_61,YMDB01788,,,c,,,,,,Yeast-MetaTwin,sn_61,model,Extracted from Yeast-MetaTwin model; external IDs to be filled by mapping phase.
MODEL_CMPD:0003160,sn_62,YMDB13319,,,c,,,,,,Yeast-MetaTwin,sn_62,model,Extracted from Yeast-MetaTwin model; external IDs to be filled by mapping phase.
MODEL_CMPD:0003161,sn_63,YMDB01001,,,c,,,,,,Yeast-MetaTwin,sn_63,model,Extracted from Yeast-MetaTwin model; external IDs to be filled by mapping phase.
MODEL_CMPD:0003162,sn_64,YMDB16211,,,c,,,,,,Yeast-MetaTwin,sn_64,model,Extracted from Yeast-MetaTwin model; external IDs to be filled by mapping phase.
MODEL_CMPD:0003163,sn_65,YMDB00329,,,c,,,,,,Yeast-MetaTwin,sn_65,model,Extracted from Yeast-MetaTwin model; external IDs to be filled by mapping phase.
MODEL_CMPD:0003164,sn_66,YMDB01204_YMDB13333,,,c,,,,,,Yeast-MetaTwin,sn_66,model,Extracted from Yeast-MetaTwin model; external IDs to be filled by mapping phase.
MODEL_CMPD:0003165,sn_67,YMDB16141,,,c,,,,,,Yeast-MetaTwin,sn_67,model,Extracted from Yeast-MetaTwin model; external IDs to be filled by mapping phase.
MODEL_CMPD:0003166,sn_68,YMDB13290,,,c,,,,,,Yeast-MetaTwin,sn_68,model,Extracted from Yeast-MetaTwin model; external IDs to be filled by mapping phase.
MODEL_CMPD:0003167,sn_69,YMDB16189,,,c,,,,,,Yeast-MetaTwin,sn_69,model,Extracted from Yeast-MetaTwin model; external IDs to be filled by mapping phase.
MODEL_CMPD:0003168,sn_7,YMDB15937,,,c,,,,,,Yeast-MetaTwin,sn_7,model,Extracted from Yeast-MetaTwin model; external IDs to be filled by mapping phase.
MODEL_CMPD:0003169,sn_70,YMDB15727,,,c,,,,,,Yeast-MetaTwin,sn_70,model,Extracted from Yeast-MetaTwin model; external IDs to be filled by mapping phase.
MODEL_CMPD:0003170,sn_71,sn_71,,,c,,,,,,Yeast-MetaTwin,sn_71,model,Extracted from Yeast-MetaTwin model; external IDs to be filled by mapping phase.
MODEL_CMPD:0003171,sn_72,YMDB16203,,,c,,,,,,Yeast-MetaTwin,sn_72,model,Extracted from Yeast-MetaTwin model; external IDs to be filled by mapping phase.
MODEL_CMPD:0003172,sn_73,YMDB00674,,,c,,,,,,Yeast-MetaTwin,sn_73,model,Extracted from Yeast-MetaTwin model; external IDs to be filled by mapping phase.
MODEL_CMPD:0003173,sn_74,YMDB16215,,,c,,,,,,Yeast-MetaTwin,sn_74,model,Extracted from Yeast-MetaTwin model; external IDs to be filled by mapping phase.
MODEL_CMPD:0003174,sn_75,YMDB13294,,,c,,,,,,Yeast-MetaTwin,sn_75,model,Extracted from Yeast-MetaTwin model; external IDs to be filled by mapping phase.
MODEL_CMPD:0003175,sn_76,YMDB01365,,,c,,,,,,Yeast-MetaTwin,sn_76,model,Extracted from Yeast-MetaTwin model; external IDs to be filled by mapping phase.
MODEL_CMPD:0003176,sn_77,YMDB13320,,,c,,,,,,Yeast-MetaTwin,sn_77,model,Extracted from Yeast-MetaTwin model; external IDs to be filled by mapping phase.
MODEL_CMPD:0003177,sn_78,YMDB01323,,,c,,,,,,Yeast-MetaTwin,sn_78,model,Extracted from Yeast-MetaTwin model; external IDs to be filled by mapping phase.
MODEL_CMPD:0003178,sn_79,YMDB00705,,,c,,,,,,Yeast-MetaTwin,sn_79,model,Extracted from Yeast-MetaTwin model; external IDs to be filled by mapping phase.
MODEL_CMPD:0003179,sn_8,YMDB13321,,,c,,,,,,Yeast-MetaTwin,sn_8,model,Extracted from Yeast-MetaTwin model; external IDs to be filled by mapping phase.
MODEL_CMPD:0003180,sn_80,YMDB16267,,,c,,,,,,Yeast-MetaTwin,sn_80,model,Extracted from Yeast-MetaTwin model; external IDs to be filled by mapping phase.
MODEL_CMPD:0003181,sn_81,YMDB01157_YMDB13273,,,c,,,,,,Yeast-MetaTwin,sn_81,model,Extracted from Yeast-MetaTwin model; external IDs to be filled by mapping phase.
MODEL_CMPD:0003182,sn_82,YMDB16184,,,c,,,,,,Yeast-MetaTwin,sn_82,model,Extracted from Yeast-MetaTwin model; external IDs to be filled by mapping phase.
MODEL_CMPD:0003183,sn_83,YMDB01182,,,c,,,,,,Yeast-MetaTwin,sn_83,model,Extracted from Yeast-MetaTwin model; external IDs to be filled by mapping phase.
MODEL_CMPD:0003184,sn_84,YMDB00165,,,c,,,,,,Yeast-MetaTwin,sn_84,model,Extracted from Yeast-MetaTwin model; external IDs to be filled by mapping phase.
MODEL_CMPD:0003185,sn_85,YMDB01633,,,c,,,,,,Yeast-MetaTwin,sn_85,model,Extracted from Yeast-MetaTwin model; external IDs to be filled by mapping phase.
MODEL_CMPD:0003186,sn_86,YMDB01572,,,c,,,,,,Yeast-MetaTwin,sn_86,model,Extracted from Yeast-MetaTwin model; external IDs to be filled by mapping phase.
MODEL_CMPD:0003187,sn_87,YMDB01845,,,c,,,,,,Yeast-MetaTwin,sn_87,model,Extracted from Yeast-MetaTwin model; external IDs to be filled by mapping phase.
MODEL_CMPD:0003188,sn_88,YMDB01333,,,c,,,,,,Yeast-MetaTwin,sn_88,model,Extracted from Yeast-MetaTwin model; external IDs to be filled by mapping phase.
MODEL_CMPD:0003189,sn_89,YMDB00987,,,c,,,,,,Yeast-MetaTwin,sn_89,model,Extracted from Yeast-MetaTwin model; external IDs to be filled by mapping phase.
MODEL_CMPD:0003190,sn_9,YMDB00791,,,c,,,,,,Yeast-MetaTwin,sn_9,model,Extracted from Yeast-MetaTwin model; external IDs to be filled by mapping phase.
MODEL_CMPD:0003191,sn_90,YMDB00796,,,c,,,,,,Yeast-MetaTwin,sn_90,model,Extracted from Yeast-MetaTwin model; external IDs to be filled by mapping phase.
MODEL_CMPD:0003192,sn_91,YMDB13325,,,c,,,,,,Yeast-MetaTwin,sn_91,model,Extracted from Yeast-MetaTwin model; external IDs to be filled by mapping phase.
MODEL_CMPD:0003193,sn_92,YMDB01631,,,c,,,,,,Yeast-MetaTwin,sn_92,model,Extracted from Yeast-MetaTwin model; external IDs to be filled by mapping phase.
MODEL_CMPD:0003194,sn_93,YMDB13304,,,c,,,,,,Yeast-MetaTwin,sn_93,model,Extracted from Yeast-MetaTwin model; external IDs to be filled by mapping phase.
MODEL_CMPD:0003195,sn_94,YMDB15946,,,c,,,,,,Yeast-MetaTwin,sn_94,model,Extracted from Yeast-MetaTwin model; external IDs to be filled by mapping phase.
MODEL_CMPD:0003196,sn_95,YMDB00850,,,c,,,,,,Yeast-MetaTwin,sn_95,model,Extracted from Yeast-MetaTwin model; external IDs to be filled by mapping phase.
MODEL_CMPD:0003197,sn_96,YMDB13071,,,c,,,,,,Yeast-MetaTwin,sn_96,model,Extracted from Yeast-MetaTwin model; external IDs to be filled by mapping phase.
MODEL_CMPD:0003198,sn_97,YMDB13383_YMDB16220,,,c,,,,,,Yeast-MetaTwin,sn_97,model,Extracted from Yeast-MetaTwin model; external IDs to be filled by mapping phase.
MODEL_CMPD:0003199,sn_99,YMDB13355,,,c,,,,,,Yeast-MetaTwin,sn_99,model,Extracted from Yeast-MetaTwin model; external IDs to be filled by mapping phase.
MODEL_CMPD:0003200,snu_1,YMDB02301,,,e,,,,,,Yeast-MetaTwin,snu_1,model,Extracted from Yeast-MetaTwin model; external IDs to be filled by mapping phase.
MODEL_CMPD:0003201,snu_10,YMDB00495,,,e,,,,,,Yeast-MetaTwin,snu_10,model,Extracted from Yeast-MetaTwin model; external IDs to be filled by mapping phase.
MODEL_CMPD:0003202,snu_100,YMDB01659,,,e,,,,,,Yeast-MetaTwin,snu_100,model,Extracted from Yeast-MetaTwin model; external IDs to be filled by mapping phase.
MODEL_CMPD:0003203,snu_102,YMDB01659,,,c,,,,,,Yeast-MetaTwin,snu_102,model,Extracted from Yeast-MetaTwin model; external IDs to be filled by mapping phase.
MODEL_CMPD:0003204,snu_103,YMDB01665,,,e,,,,,,Yeast-MetaTwin,snu_103,model,Extracted from Yeast-MetaTwin model; external IDs to be filled by mapping phase.
MODEL_CMPD:0003205,snu_105,YMDB01665,,,c,,,,,,Yeast-MetaTwin,snu_105,model,Extracted from Yeast-MetaTwin model; external IDs to be filled by mapping phase.
MODEL_CMPD:0003206,snu_106,YMDB01664,,,e,,,,,,Yeast-MetaTwin,snu_106,model,Extracted from Yeast-MetaTwin model; external IDs to be filled by mapping phase.
MODEL_CMPD:0003207,snu_108,YMDB01664,,,c,,,,,,Yeast-MetaTwin,snu_108,model,Extracted from Yeast-MetaTwin model; external IDs to be filled by mapping phase.
MODEL_CMPD:0003208,snu_109,YMDB01681,,,e,,,,,,Yeast-MetaTwin,snu_109,model,Extracted from Yeast-MetaTwin model; external IDs to be filled by mapping phase.
MODEL_CMPD:0003209,snu_111,YMDB01681,,,c,,,,,,Yeast-MetaTwin,snu_111,model,Extracted from Yeast-MetaTwin model; external IDs to be filled by mapping phase.
MODEL_CMPD:0003210,snu_112,YMDB01682,,,e,,,,,,Yeast-MetaTwin,snu_112,model,Extracted from Yeast-MetaTwin model; external IDs to be filled by mapping phase.
MODEL_CMPD:0003211,snu_114,YMDB01682,,,c,,,,,,Yeast-MetaTwin,snu_114,model,Extracted from Yeast-MetaTwin model; external IDs to be filled by mapping phase.
MODEL_CMPD:0003212,snu_115,YMDB01720,,,e,,,,,,Yeast-MetaTwin,snu_115,model,Extracted from Yeast-MetaTwin model; external IDs to be filled by mapping phase.
MODEL_CMPD:0003213,snu_117,YMDB01720,,,c,,,,,,Yeast-MetaTwin,snu_117,model,Extracted from Yeast-MetaTwin model; external IDs to be filled by mapping phase.
MODEL_CMPD:0003214,snu_118,YMDB01722,,,e,,,,,,Yeast-MetaTwin,snu_118,model,Extracted from Yeast-MetaTwin model; external IDs to be filled by mapping phase.
MODEL_CMPD:0003215,snu_12,YMDB00495,,,c,,,,,,Yeast-MetaTwin,snu_12,model,Extracted from Yeast-MetaTwin model; external IDs to be filled by mapping phase.
MODEL_CMPD:0003216,snu_120,YMDB01722,,,c,,,,,,Yeast-MetaTwin,snu_120,model,Extracted from Yeast-MetaTwin model; external IDs to be filled by mapping phase.
MODEL_CMPD:0003217,snu_121,YMDB01733,,,e,,,,,,Yeast-MetaTwin,snu_121,model,Extracted from Yeast-MetaTwin model; external IDs to be filled by mapping phase.
MODEL_CMPD:0003218,snu_123,YMDB01733,,,c,,,,,,Yeast-MetaTwin,snu_123,model,Extracted from Yeast-MetaTwin model; external IDs to be filled by mapping phase.
MODEL_CMPD:0003219,snu_124,YMDB01754,,,e,,,,,,Yeast-MetaTwin,snu_124,model,Extracted from Yeast-MetaTwin model; external IDs to be filled by mapping phase.
MODEL_CMPD:0003220,snu_126,YMDB01754,,,c,,,,,,Yeast-MetaTwin,snu_126,model,Extracted from Yeast-MetaTwin model; external IDs to be filled by mapping phase.
MODEL_CMPD:0003221,snu_127,YMDB01765,,,e,,,,,,Yeast-MetaTwin,snu_127,model,Extracted from Yeast-MetaTwin model; external IDs to be filled by mapping phase.
MODEL_CMPD:0003222,snu_129,YMDB01765,,,c,,,,,,Yeast-MetaTwin,snu_129,model,Extracted from Yeast-MetaTwin model; external IDs to be filled by mapping phase.
MODEL_CMPD:0003223,snu_13,YMDB01693,,,e,,,,,,Yeast-MetaTwin,snu_13,model,Extracted from Yeast-MetaTwin model; external IDs to be filled by mapping phase.
MODEL_CMPD:0003224,snu_130,YMDB01770,,,e,,,,,,Yeast-MetaTwin,snu_130,model,Extracted from Yeast-MetaTwin model; external IDs to be filled by mapping phase.
MODEL_CMPD:0003225,snu_132,YMDB01770,,,c,,,,,,Yeast-MetaTwin,snu_132,model,Extracted from Yeast-MetaTwin model; external IDs to be filled by mapping phase.
MODEL_CMPD:0003226,snu_133,YMDB01769,,,e,,,,,,Yeast-MetaTwin,snu_133,model,Extracted from Yeast-MetaTwin model; external IDs to be filled by mapping phase.
MODEL_CMPD:0003227,snu_135,YMDB01769,,,c,,,,,,Yeast-MetaTwin,snu_135,model,Extracted from Yeast-MetaTwin model; external IDs to be filled by mapping phase.
MODEL_CMPD:0003228,snu_136,YMDB01777,,,e,,,,,,Yeast-MetaTwin,snu_136,model,Extracted from Yeast-MetaTwin model; external IDs to be filled by mapping phase.
MODEL_CMPD:0003229,snu_138,YMDB01777,,,c,,,,,,Yeast-MetaTwin,snu_138,model,Extracted from Yeast-MetaTwin model; external IDs to be filled by mapping phase.
MODEL_CMPD:0003230,snu_139,YMDB15926,,,e,,,,,,Yeast-MetaTwin,snu_139,model,Extracted from Yeast-MetaTwin model; external IDs to be filled by mapping phase.
MODEL_CMPD:0003231,snu_141,YMDB15926,,,c,,,,,,Yeast-MetaTwin,snu_141,model,Extracted from Yeast-MetaTwin model; external IDs to be filled by mapping phase.
MODEL_CMPD:0003232,snu_142,YMDB00018,,,e,,,,,,Yeast-MetaTwin,snu_142,model,Extracted from Yeast-MetaTwin model; external IDs to be filled by mapping phase.
MODEL_CMPD:0003233,snu_144,YMDB00018,,,c,,,,,,Yeast-MetaTwin,snu_144,model,Extracted from Yeast-MetaTwin model; external IDs to be filled by mapping phase.
MODEL_CMPD:0003234,snu_145,YMDB15957,,,e,,,,,,Yeast-MetaTwin,snu_145,model,Extracted from Yeast-MetaTwin model; external IDs to be filled by mapping phase.
MODEL_CMPD:0003235,snu_147,YMDB15957,,,c,,,,,,Yeast-MetaTwin,snu_147,model,Extracted from Yeast-MetaTwin model; external IDs to be filled by mapping phase.
MODEL_CMPD:0003236,snu_148,YMDB01780,,,e,,,,,,Yeast-MetaTwin,snu_148,model,Extracted from Yeast-MetaTwin model; external IDs to be filled by mapping phase.
MODEL_CMPD:0003237,snu_15,YMDB01693,,,c,,,,,,Yeast-MetaTwin,snu_15,model,Extracted from Yeast-MetaTwin model; external IDs to be filled by mapping phase.
MODEL_CMPD:0003238,snu_150,YMDB01780,,,c,,,,,,Yeast-MetaTwin,snu_150,model,Extracted from Yeast-MetaTwin model; external IDs to be filled by mapping phase.
MODEL_CMPD:0003239,snu_151,YMDB01679,,,e,,,,,,Yeast-MetaTwin,snu_151,model,Extracted from Yeast-MetaTwin model; external IDs to be filled by mapping phase.
MODEL_CMPD:0003240,snu_153,YMDB01679,,,c,,,,,,Yeast-MetaTwin,snu_153,model,Extracted from Yeast-MetaTwin model; external IDs to be filled by mapping phase.
MODEL_CMPD:0003241,snu_16,YMDB01646,,,e,,,,,,Yeast-MetaTwin,snu_16,model,Extracted from Yeast-MetaTwin model; external IDs to be filled by mapping phase.
MODEL_CMPD:0003242,snu_18,YMDB01646,,,c,,,,,,Yeast-MetaTwin,snu_18,model,Extracted from Yeast-MetaTwin model; external IDs to be filled by mapping phase.
MODEL_CMPD:0003243,snu_19,YMDB01667,,,e,,,,,,Yeast-MetaTwin,snu_19,model,Extracted from Yeast-MetaTwin model; external IDs to be filled by mapping phase.
MODEL_CMPD:0003244,snu_21,YMDB01667,,,c,,,,,,Yeast-MetaTwin,snu_21,model,Extracted from Yeast-MetaTwin model; external IDs to be filled by mapping phase.
MODEL_CMPD:0003245,snu_22,YMDB01772,,,e,,,,,,Yeast-MetaTwin,snu_22,model,Extracted from Yeast-MetaTwin model; external IDs to be filled by mapping phase.
MODEL_CMPD:0003246,snu_24,YMDB01772,,,c,,,,,,Yeast-MetaTwin,snu_24,model,Extracted from Yeast-MetaTwin model; external IDs to be filled by mapping phase.
MODEL_CMPD:0003247,snu_25,YMDB01666,,,e,,,,,,Yeast-MetaTwin,snu_25,model,Extracted from Yeast-MetaTwin model; external IDs to be filled by mapping phase.
MODEL_CMPD:0003248,snu_27,YMDB01666,,,c,,,,,,Yeast-MetaTwin,snu_27,model,Extracted from Yeast-MetaTwin model; external IDs to be filled by mapping phase.
MODEL_CMPD:0003249,snu_28,YMDB01737,,,e,,,,,,Yeast-MetaTwin,snu_28,model,Extracted from Yeast-MetaTwin model; external IDs to be filled by mapping phase.
MODEL_CMPD:0003250,snu_3,YMDB02301,,,c,,,,,,Yeast-MetaTwin,snu_3,model,Extracted from Yeast-MetaTwin model; external IDs to be filled by mapping phase.
MODEL_CMPD:0003251,snu_30,YMDB01737,,,c,,,,,,Yeast-MetaTwin,snu_30,model,Extracted from Yeast-MetaTwin model; external IDs to be filled by mapping phase.
MODEL_CMPD:0003252,snu_31,YMDB01662,,,e,,,,,,Yeast-MetaTwin,snu_31,model,Extracted from Yeast-MetaTwin model; external IDs to be filled by mapping phase.
MODEL_CMPD:0003253,snu_33,YMDB01662,,,c,,,,,,Yeast-MetaTwin,snu_33,model,Extracted from Yeast-MetaTwin model; external IDs to be filled by mapping phase.
MODEL_CMPD:0003254,snu_34,YMDB01768,,,e,,,,,,Yeast-MetaTwin,snu_34,model,Extracted from Yeast-MetaTwin model; external IDs to be filled by mapping phase.
MODEL_CMPD:0003255,snu_36,YMDB01768,,,c,,,,,,Yeast-MetaTwin,snu_36,model,Extracted from Yeast-MetaTwin model; external IDs to be filled by mapping phase.
MODEL_CMPD:0003256,snu_37,YMDB01806,,,e,,,,,,Yeast-MetaTwin,snu_37,model,Extracted from Yeast-MetaTwin model; external IDs to be filled by mapping phase.
MODEL_CMPD:0003257,snu_39,YMDB01806,,,c,,,,,,Yeast-MetaTwin,snu_39,model,Extracted from Yeast-MetaTwin model; external IDs to be filled by mapping phase.
MODEL_CMPD:0003258,snu_4,YMDB01658,,,e,,,,,,Yeast-MetaTwin,snu_4,model,Extracted from Yeast-MetaTwin model; external IDs to be filled by mapping phase.
MODEL_CMPD:0003259,snu_40,YMDB01805,,,e,,,,,,Yeast-MetaTwin,snu_40,model,Extracted from Yeast-MetaTwin model; external IDs to be filled by mapping phase.
MODEL_CMPD:0003260,snu_42,YMDB01805,,,c,,,,,,Yeast-MetaTwin,snu_42,model,Extracted from Yeast-MetaTwin model; external IDs to be filled by mapping phase.
MODEL_CMPD:0003261,snu_43,YMDB01680,,,e,,,,,,Yeast-MetaTwin,snu_43,model,Extracted from Yeast-MetaTwin model; external IDs to be filled by mapping phase.
MODEL_CMPD:0003262,snu_45,YMDB01680,,,c,,,,,,Yeast-MetaTwin,snu_45,model,Extracted from Yeast-MetaTwin model; external IDs to be filled by mapping phase.
MODEL_CMPD:0003263,snu_46,YMDB01734,,,e,,,,,,Yeast-MetaTwin,snu_46,model,Extracted from Yeast-MetaTwin model; external IDs to be filled by mapping phase.
MODEL_CMPD:0003264,snu_48,YMDB01734,,,c,,,,,,Yeast-MetaTwin,snu_48,model,Extracted from Yeast-MetaTwin model; external IDs to be filled by mapping phase.
MODEL_CMPD:0003265,snu_49,YMDB01766,,,e,,,,,,Yeast-MetaTwin,snu_49,model,Extracted from Yeast-MetaTwin model; external IDs to be filled by mapping phase.
MODEL_CMPD:0003266,snu_51,YMDB01766,,,c,,,,,,Yeast-MetaTwin,snu_51,model,Extracted from Yeast-MetaTwin model; external IDs to be filled by mapping phase.
MODEL_CMPD:0003267,snu_52,YMDB01771,,,e,,,,,,Yeast-MetaTwin,snu_52,model,Extracted from Yeast-MetaTwin model; external IDs to be filled by mapping phase.
MODEL_CMPD:0003268,snu_54,YMDB01771,,,c,,,,,,Yeast-MetaTwin,snu_54,model,Extracted from Yeast-MetaTwin model; external IDs to be filled by mapping phase.
MODEL_CMPD:0003269,snu_55,YMDB01661,,,e,,,,,,Yeast-MetaTwin,snu_55,model,Extracted from Yeast-MetaTwin model; external IDs to be filled by mapping phase.
MODEL_CMPD:0003270,snu_57,YMDB01661,,,c,,,,,,Yeast-MetaTwin,snu_57,model,Extracted from Yeast-MetaTwin model; external IDs to be filled by mapping phase.
MODEL_CMPD:0003271,snu_58,YMDB01735,,,e,,,,,,Yeast-MetaTwin,snu_58,model,Extracted from Yeast-MetaTwin model; external IDs to be filled by mapping phase.
MODEL_CMPD:0003272,snu_6,YMDB01658,,,c,,,,,,Yeast-MetaTwin,snu_6,model,Extracted from Yeast-MetaTwin model; external IDs to be filled by mapping phase.
MODEL_CMPD:0003273,snu_60,YMDB01735,,,c,,,,,,Yeast-MetaTwin,snu_60,model,Extracted from Yeast-MetaTwin model; external IDs to be filled by mapping phase.
MODEL_CMPD:0003274,snu_61,YMDB01767,,,e,,,,,,Yeast-MetaTwin,snu_61,model,Extracted from Yeast-MetaTwin model; external IDs to be filled by mapping phase.
MODEL_CMPD:0003275,snu_63,YMDB01767,,,c,,,,,,Yeast-MetaTwin,snu_63,model,Extracted from Yeast-MetaTwin model; external IDs to be filled by mapping phase.
MODEL_CMPD:0003276,snu_64,YMDB01736,,,e,,,,,,Yeast-MetaTwin,snu_64,model,Extracted from Yeast-MetaTwin model; external IDs to be filled by mapping phase.
MODEL_CMPD:0003277,snu_66,YMDB01736,,,c,,,,,,Yeast-MetaTwin,snu_66,model,Extracted from Yeast-MetaTwin model; external IDs to be filled by mapping phase.
MODEL_CMPD:0003278,snu_67,YMDB01724,,,e,,,,,,Yeast-MetaTwin,snu_67,model,Extracted from Yeast-MetaTwin model; external IDs to be filled by mapping phase.
MODEL_CMPD:0003279,snu_69,YMDB01724,,,c,,,,,,Yeast-MetaTwin,snu_69,model,Extracted from Yeast-MetaTwin model; external IDs to be filled by mapping phase.
MODEL_CMPD:0003280,snu_7,YMDB01774,,,e,,,,,,Yeast-MetaTwin,snu_7,model,Extracted from Yeast-MetaTwin model; external IDs to be filled by mapping phase.
MODEL_CMPD:0003281,snu_70,YMDB01721,,,e,,,,,,Yeast-MetaTwin,snu_70,model,Extracted from Yeast-MetaTwin model; external IDs to be filled by mapping phase.
MODEL_CMPD:0003282,snu_72,YMDB01721,,,c,,,,,,Yeast-MetaTwin,snu_72,model,Extracted from Yeast-MetaTwin model; external IDs to be filled by mapping phase.
MODEL_CMPD:0003283,snu_73,YMDB01779,,,e,,,,,,Yeast-MetaTwin,snu_73,model,Extracted from Yeast-MetaTwin model; external IDs to be filled by mapping phase.
MODEL_CMPD:0003284,snu_75,YMDB01779,,,c,,,,,,Yeast-MetaTwin,snu_75,model,Extracted from Yeast-MetaTwin model; external IDs to be filled by mapping phase.
MODEL_CMPD:0003285,snu_76,YMDB01778,,,e,,,,,,Yeast-MetaTwin,snu_76,model,Extracted from Yeast-MetaTwin model; external IDs to be filled by mapping phase.
MODEL_CMPD:0003286,snu_78,YMDB01778,,,c,,,,,,Yeast-MetaTwin,snu_78,model,Extracted from Yeast-MetaTwin model; external IDs to be filled by mapping phase.
MODEL_CMPD:0003287,snu_79,YMDB01756,,,e,,,,,,Yeast-MetaTwin,snu_79,model,Extracted from Yeast-MetaTwin model; external IDs to be filled by mapping phase.
MODEL_CMPD:0003288,snu_81,YMDB01756,,,c,,,,,,Yeast-MetaTwin,snu_81,model,Extracted from Yeast-MetaTwin model; external IDs to be filled by mapping phase.
MODEL_CMPD:0003289,snu_82,YMDB01755,,,e,,,,,,Yeast-MetaTwin,snu_82,model,Extracted from Yeast-MetaTwin model; external IDs to be filled by mapping phase.
MODEL_CMPD:0003290,snu_84,YMDB01755,,,c,,,,,,Yeast-MetaTwin,snu_84,model,Extracted from Yeast-MetaTwin model; external IDs to be filled by mapping phase.
MODEL_CMPD:0003291,snu_85,YMDB01723,,,e,,,,,,Yeast-MetaTwin,snu_85,model,Extracted from Yeast-MetaTwin model; external IDs to be filled by mapping phase.
MODEL_CMPD:0003292,snu_87,YMDB01723,,,c,,,,,,Yeast-MetaTwin,snu_87,model,Extracted from Yeast-MetaTwin model; external IDs to be filled by mapping phase.
MODEL_CMPD:0003293,snu_88,YMDB01738,,,e,,,,,,Yeast-MetaTwin,snu_88,model,Extracted from Yeast-MetaTwin model; external IDs to be filled by mapping phase.
MODEL_CMPD:0003294,snu_9,YMDB01774,,,c,,,,,,Yeast-MetaTwin,snu_9,model,Extracted from Yeast-MetaTwin model; external IDs to be filled by mapping phase.
MODEL_CMPD:0003295,snu_90,YMDB01738,,,c,,,,,,Yeast-MetaTwin,snu_90,model,Extracted from Yeast-MetaTwin model; external IDs to be filled by mapping phase.
MODEL_CMPD:0003296,snu_91,YMDB01639,,,e,,,,,,Yeast-MetaTwin,snu_91,model,Extracted from Yeast-MetaTwin model; external IDs to be filled by mapping phase.
MODEL_CMPD:0003297,snu_93,YMDB01639,,,c,,,,,,Yeast-MetaTwin,snu_93,model,Extracted from Yeast-MetaTwin model; external IDs to be filled by mapping phase.
MODEL_CMPD:0003298,snu_94,YMDB01653,,,e,,,,,,Yeast-MetaTwin,snu_94,model,Extracted from Yeast-MetaTwin model; external IDs to be filled by mapping phase.
MODEL_CMPD:0003299,snu_96,YMDB01653,,,c,,,,,,Yeast-MetaTwin,snu_96,model,Extracted from Yeast-MetaTwin model; external IDs to be filled by mapping phase.
MODEL_CMPD:0003300,snu_97,YMDB01660,,,e,,,,,,Yeast-MetaTwin,snu_97,model,Extracted from Yeast-MetaTwin model; external IDs to be filled by mapping phase.
MODEL_CMPD:0003301,snu_99,YMDB01660,,,c,,,,,,Yeast-MetaTwin,snu_99,model,Extracted from Yeast-MetaTwin model; external IDs to be filled by mapping phase.
