compound_uid,model_metabolite_id,primary_name,formula,previous_structure_status,decision,reason,matched_key,source_database,source_record_id,source_file,method,confidence_level,candidate_count,attempted_key_spaces
MODEL_CMPD:0000001,s_0001,(1->3)-beta-D-glucan,C6H10O5,missing,manual_review,formula_conflict,MNXM6492,,,,,,2,exact_ymdb_id|exact_metanetx_id
MODEL_CMPD:0000002,s_0002,(1->3)-beta-D-glucan,C6H10O5,missing,manual_review,formula_conflict,MNXM6492,,,,,,2,exact_ymdb_id|exact_metanetx_id
MODEL_CMPD:0000003,s_0003,(1->3)-beta-D-glucan,C6H10O5,missing,manual_review,formula_conflict,MNXM6492,,,,,,2,exact_ymdb_id|exact_metanetx_id
MODEL_CMPD:0000004,s_0004,(1->6)-beta-D-glucan,C6H10O5,missing,manual_review,formula_conflict,MNXM9375,,,,,,2,exact_ymdb_id|exact_metanetx_id
MODEL_CMPD:0000062,s_0084,1-acylglycerophosphocholine,C9H20NO7PR,missing,mapped,mapped,CHEBI:11230,ChEBI,CHEBI:11230,C:\biological\Metabolic model prediction\Yeast-MetaTwin-zenodo\Data\database\chebi_id_smiles.csv,exact_chebi_id,high,1,exact_ymdb_id|exact_metanetx_id|exact_chebi_id
MODEL_CMPD:0000065,s_0089,1-phosphatidyl-1D-myo-inositol backbone,C9H15O9P,missing,mapped,mapped,CHEBI:57880,ChEBI,CHEBI:57880,C:\biological\Metabolic model prediction\Yeast-MetaTwin-zenodo\Data\database\chebi_id_smiles.csv,exact_chebi_id,high,1,exact_ymdb_id|exact_metanetx_id|exact_chebi_id
MODEL_CMPD:0000239,s_0330,6-(alpha-D-glucosaminyl)-O-acyl-1-phosphatidyl-1D-myo-inositol,,missing,unresolved,local_key_space_exhausted,,,,,,,0,exact_ymdb_id|exact_metanetx_id|exact_chebi_id|exact_kegg_id|exact_pubchem_cid_via_chebi_sdf|unique_normalized_name
MODEL_CMPD:0000240,s_0331,6-(N-acetyl-alpha-D-glucosaminyl)-1-phosphatidyl-1D-myo-inositol,C19H30NO18PR2,missing,manual_review,formula_conflict,MNXM999,,,,,,1,exact_ymdb_id|exact_metanetx_id
MODEL_CMPD:0000241,s_0332,6-[6-(2-aminoethylphosphoryl)-alpha-mannosyl-(1->6)-2-(2-aminoethylphosphoryl)-alpha-mannosyl-(1->6)-alpha-2-(2-aminoethylphosphoryl)mannosyl-(1->4)-alpha-glucosaminyl]-O-acyl-1-phosphatidyl-1D-myo-inositol,C43H44N9O,missing,unresolved,local_key_space_exhausted,,,,,,,0,exact_ymdb_id|exact_metanetx_id|exact_chebi_id|exact_kegg_id|exact_pubchem_cid_via_chebi_sdf|unique_normalized_name
MODEL_CMPD:0000243,s_0334,6-O-[alpha-D-mannosyl-(1->4)-alpha-D-glucosaminyl]-O-acyl-1-phosphatidyl-1D-myo-inositol,,missing,unresolved,local_key_space_exhausted,,,,,,,0,exact_ymdb_id|exact_metanetx_id|exact_chebi_id|exact_kegg_id|exact_pubchem_cid_via_chebi_sdf|unique_normalized_name
MODEL_CMPD:0000245,s_0337,6-O-{2-O-[(2-aminoethyl)phosphoryl]-alpha-D-mannosyl-(1->4)-alpha-D-glucosaminyl}-O-acyl-1-phosphatidyl-1D-myo-inositol,,missing,unresolved,local_key_space_exhausted,,,,,,,0,exact_ymdb_id|exact_metanetx_id|exact_chebi_id|exact_kegg_id|exact_pubchem_cid_via_chebi_sdf|unique_normalized_name
MODEL_CMPD:0000246,s_0338,6-O-{alpha-D-mannosyl-(1->2)-alpha-D-mannosyl-(1->6)-2-O-[(2-aminoethyl)phosphoryl]-alpha-D-mannosyl-(1->4)-alpha-D-glucosaminyl}-O-acyl-1-phosphatidyl-1D-myo-inositol,,missing,unresolved,local_key_space_exhausted,,,,,,,0,exact_ymdb_id|exact_metanetx_id|exact_chebi_id|exact_kegg_id|exact_pubchem_cid_via_chebi_sdf|unique_normalized_name
MODEL_CMPD:0000247,s_0339,6-O-{alpha-D-mannosyl-(1->6)-2-O-[(2-aminoethyl)phosphoryl]-alpha-D-mannosyl-(1->4)-alpha-D-glucosaminyl}-O-acyl-1-phosphatidyl-1D-myo-inositol,,missing,unresolved,local_key_space_exhausted,,,,,,,0,exact_ymdb_id|exact_metanetx_id|exact_chebi_id|exact_kegg_id|exact_pubchem_cid_via_chebi_sdf|unique_normalized_name
MODEL_CMPD:0000273,s_0372,acetyl-ACP,C2H3OSR,missing,mapped,mapped,CHEBI:17093,ChEBI,CHEBI:17093,C:\biological\Metabolic model prediction\Yeast-MetaTwin-zenodo\Data\database\chebi_id_smiles.csv,exact_chebi_id,high,1,exact_ymdb_id|exact_metanetx_id|exact_chebi_id
MODEL_CMPD:0000295,s_0404,Ala-tRNA(Ala),C3H7NOR,missing,manual_review,formula_conflict,C00886,,,,,,1,exact_ymdb_id|exact_metanetx_id|exact_chebi_id|exact_kegg_id
MODEL_CMPD:0000305,s_0414,alpha-D-mannosyl-beta-D-mannosyldiacetylchitobiosyldiphosphodolichol,C48H84N2O27P2,missing,manual_review,formula_conflict,MNXM41231,,,,,,3,exact_ymdb_id|exact_metanetx_id
MODEL_CMPD:0000318,s_0428,Arg-tRNA(Arg),C6H15N4OR,missing,manual_review,formula_conflict,C02163,,,,,,1,exact_ymdb_id|exact_metanetx_id|exact_chebi_id|exact_kegg_id
MODEL_CMPD:0000319,s_0429,Arg-tRNA(Arg),C6H15N4OR,missing,manual_review,formula_conflict,C02163,,,,,,1,exact_ymdb_id|exact_metanetx_id|exact_chebi_id|exact_kegg_id
MODEL_CMPD:0000320,s_0430,Asn-tRNA(Asn),C4H8N2O2R,missing,manual_review,formula_conflict,C03402,,,,,,1,exact_ymdb_id|exact_metanetx_id|exact_chebi_id|exact_kegg_id
MODEL_CMPD:0000321,s_0431,Asn-tRNA(Asn),C4H8N2O2R,missing,manual_review,formula_conflict,C03402,,,,,,1,exact_ymdb_id|exact_metanetx_id|exact_chebi_id|exact_kegg_id
MODEL_CMPD:0000322,s_0432,Asp-tRNA(Asp),C4H6NO3R,missing,manual_review,formula_conflict,C02984,,,,,,1,exact_ymdb_id|exact_metanetx_id|exact_chebi_id|exact_kegg_id
MODEL_CMPD:0000323,s_0433,Asp-tRNA(Asp),C4H6NO3R,missing,manual_review,formula_conflict,C02984,,,,,,1,exact_ymdb_id|exact_metanetx_id|exact_chebi_id|exact_kegg_id
MODEL_CMPD:0000331,s_0443,beta-D-mannosyldiacetylchitobiosyldiphosphodolichol,C42H72N2O22P2,missing,manual_review,formula_conflict,MNXM1078,,,,,,2,exact_ymdb_id|exact_metanetx_id
MODEL_CMPD:0000332,s_0444,beta-D-mannosyldiacetylchitobiosyldiphosphodolichol,C42H72N2O22P2,missing,manual_review,formula_conflict,MNXM1078,,,,,,2,exact_ymdb_id|exact_metanetx_id
MODEL_CMPD:0000337,s_0450,biomass,,missing,unresolved,local_key_space_exhausted,,,,,,,0,exact_ymdb_id|exact_metanetx_id|exact_chebi_id|exact_kegg_id|exact_pubchem_cid_via_chebi_sdf|unique_normalized_name
MODEL_CMPD:0000349,s_0465,carboxyacetyl-ACP,C3H3O3SR,missing,mapped,mapped,CHEBI:17330,ChEBI,CHEBI:17330,C:\biological\Metabolic model prediction\Yeast-MetaTwin-zenodo\Data\database\chebi_id_smiles.csv,exact_chebi_id,high,1,exact_ymdb_id|exact_metanetx_id|exact_chebi_id
MODEL_CMPD:0000385,s_0509,chitin,C8H13NO5,missing,manual_review,formula_conflict,C00461,,,,,,1,exact_ymdb_id|exact_metanetx_id|exact_chebi_id|exact_kegg_id
MODEL_CMPD:0000386,s_0510,chitosan,C6H11NO4,missing,manual_review,formula_conflict,MNXM2106,,,,,,4,exact_ymdb_id|exact_metanetx_id
MODEL_CMPD:0000409,s_0542,Cys-tRNA(Cys),C3H7NOSR,missing,manual_review,formula_conflict,C03125,,,,,,1,exact_ymdb_id|exact_metanetx_id|exact_chebi_id|exact_kegg_id
MODEL_CMPD:0000475,s_0620,diglyceride backbone,C3H4O,missing,manual_review,formula_conflict,MNXM59,,,,,,1,exact_ymdb_id|exact_metanetx_id
MODEL_CMPD:0000479,s_0628,dihydrolipoylprotein,C8H16NOS2R,missing,mapped,mapped,C02972,KEGG,C02972,C:\biological\Metabolic model prediction\Yeast-MetaTwin-zenodo\Data\database\kegg_compound.txt,exact_kegg_id,high,1,exact_ymdb_id|exact_metanetx_id|exact_chebi_id|exact_kegg_id
MODEL_CMPD:0000491,s_0642,dolichol,C20H36O,missing,manual_review,formula_conflict,MNXM797,,,,,,1,exact_ymdb_id|exact_metanetx_id
MODEL_CMPD:0000492,s_0644,dolichyl D-mannosyl phosphate,C26H47O9P,missing,manual_review,formula_conflict,MNXM296,,,,,,3,exact_ymdb_id|exact_metanetx_id
MODEL_CMPD:0000493,s_0645,dolichyl phosphate,C20H37O4P,missing,manual_review,formula_conflict,MNXM278,,,,,,2,exact_ymdb_id|exact_metanetx_id
MODEL_CMPD:0000494,s_0646,dolichyl phosphate,C20H37O4P,missing,manual_review,formula_conflict,MNXM278,,,,,,2,exact_ymdb_id|exact_metanetx_id
MODEL_CMPD:0000515,s_0672,ergosterol ester backbone,C28H42,missing,mapped,mapped,CHEBI:52320,ChEBI,CHEBI:52320,C:\biological\Metabolic model prediction\Yeast-MetaTwin-zenodo\Data\database\chebi_id_smiles.csv,exact_chebi_id,high,1,exact_ymdb_id|exact_metanetx_id|exact_chebi_id
MODEL_CMPD:0000531,s_0694,fatty acid backbone,,missing,mapped,mapped,MNXM72,MetaNetX,MNXM72->MNXM739607,C:\biological\Metabolic model prediction\Yeast-MetaTwin-zenodo\Data\database\mnx_chem_depr.tsv|C:\biological\Metabolic model prediction\Yeast-MetaTwin-zenodo\Data\database\MNXmetabolite_smile.csv,exact_metanetx_deprecated_redirect,high,1,exact_ymdb_id|exact_metanetx_id
MODEL_CMPD:0000536,s_0709,ferricytochrome c,C42H44FeN8O8S2R4,missing,manual_review,formula_conflict,MNXM5749,,,,,,1,exact_ymdb_id|exact_metanetx_id
MODEL_CMPD:0000537,s_0710,ferrocytochrome c,C42H45FeN8O8S2R4,missing,manual_review,formula_conflict,MNXM746,,,,,,1,exact_ymdb_id|exact_metanetx_id
MODEL_CMPD:0000539,s_0713,fMet-tRNA(fMet),C6H10NO2SR,missing,manual_review,formula_conflict,C03294,,,,,,1,exact_ymdb_id|exact_metanetx_id|exact_chebi_id|exact_kegg_id
MODEL_CMPD:0000564,s_0747,Gln-tRNA(Gln),C5H10N2O2R,missing,manual_review,formula_conflict,C02282,,,,,,1,exact_ymdb_id|exact_metanetx_id|exact_chebi_id|exact_kegg_id
MODEL_CMPD:0000565,s_0748,Glu-tRNA(Glu),C5H8NO3R,missing,manual_review,formula_conflict,C02987,,,,,,1,exact_ymdb_id|exact_metanetx_id|exact_chebi_id|exact_kegg_id
MODEL_CMPD:0000566,s_0749,Glu-tRNA(Glu),C5H8NO3R,missing,manual_review,formula_conflict,C02987,,,,,,1,exact_ymdb_id|exact_metanetx_id|exact_chebi_id|exact_kegg_id
MODEL_CMPD:0000574,s_0757,Gly-tRNA(Gly),C2H5NOR,missing,manual_review,formula_conflict,C02412,,,,,,1,exact_ymdb_id|exact_metanetx_id|exact_chebi_id|exact_kegg_id
MODEL_CMPD:0000582,s_0773,glycogen,C6H10O5,missing,manual_review,formula_conflict,MNXM55375,,,,,,2,exact_ymdb_id|exact_metanetx_id
MODEL_CMPD:0000583,s_0774,glycogen,C6H10O5,missing,manual_review,formula_conflict,MNXM55375,,,,,,2,exact_ymdb_id|exact_metanetx_id
MODEL_CMPD:0000632,s_0832,His-tRNA(His),C6H9N3OR,missing,manual_review,formula_conflict,C02988,,,,,,1,exact_ymdb_id|exact_metanetx_id|exact_chebi_id|exact_kegg_id
MODEL_CMPD:0000633,s_0833,His-tRNA(His),C6H9N3OR,missing,manual_review,formula_conflict,C02988,,,,,,1,exact_ymdb_id|exact_metanetx_id|exact_chebi_id|exact_kegg_id
MODEL_CMPD:0000646,s_0847,Ile-tRNA(Ile),C6H13NOR,missing,manual_review,formula_conflict,C03127,,,,,,1,exact_ymdb_id|exact_metanetx_id|exact_chebi_id|exact_kegg_id
MODEL_CMPD:0000647,s_0848,Ile-tRNA(Ile),C6H13NOR,missing,manual_review,formula_conflict,C03127,,,,,,1,exact_ymdb_id|exact_metanetx_id|exact_chebi_id|exact_kegg_id
MODEL_CMPD:0000657,s_0859,inositol phosphomannosylinositol phosphoceramide backbone,C18H33NO23P2,missing,mapped,mapped,CHEBI:62682,ChEBI,CHEBI:62682,C:\biological\Metabolic model prediction\Yeast-MetaTwin-zenodo\Data\database\chebi_id_smiles.csv,exact_chebi_id,high,1,exact_ymdb_id|exact_metanetx_id|exact_chebi_id
MODEL_CMPD:0000688,s_0892,inositol-P-ceramide backbone,C6H12NO10P,missing,mapped,mapped,CHEBI:60245,ChEBI,CHEBI:60245,C:\biological\Metabolic model prediction\Yeast-MetaTwin-zenodo\Data\database\chebi_id_smiles.csv,exact_chebi_id,high,1,exact_ymdb_id|exact_metanetx_id|exact_chebi_id
MODEL_CMPD:0000857,s_1077,Leu-tRNA(Leu),C6H13NOR,missing,manual_review,formula_conflict,C02047,,,,,,1,exact_ymdb_id|exact_metanetx_id|exact_chebi_id|exact_kegg_id
MODEL_CMPD:0000858,s_1078,Leu-tRNA(Leu),C6H13NOR,missing,manual_review,formula_conflict,C02047,,,,,,1,exact_ymdb_id|exact_metanetx_id|exact_chebi_id|exact_kegg_id
MODEL_CMPD:0000864,s_1096,lipid,,missing,unresolved,local_key_space_exhausted,,,,,,,0,exact_ymdb_id|exact_metanetx_id|exact_chebi_id|exact_kegg_id|exact_pubchem_cid_via_chebi_sdf|unique_normalized_name
MODEL_CMPD:0000866,s_1098,lipoylprotein,C8H14NOS2R,missing,mapped,mapped,C02051,KEGG,C02051,C:\biological\Metabolic model prediction\Yeast-MetaTwin-zenodo\Data\database\kegg_compound.txt,exact_kegg_id,high,1,exact_ymdb_id|exact_metanetx_id|exact_chebi_id|exact_kegg_id
MODEL_CMPD:0000867,s_1099,Lys-tRNA(Lys),C6H15N2OR,missing,manual_review,formula_conflict,C01931,,,,,,1,exact_ymdb_id|exact_metanetx_id|exact_chebi_id|exact_kegg_id
MODEL_CMPD:0000868,s_1100,Lys-tRNA(Lys),C6H15N2OR,missing,manual_review,formula_conflict,C01931,,,,,,1,exact_ymdb_id|exact_metanetx_id|exact_chebi_id|exact_kegg_id
MODEL_CMPD:0000873,s_1107,mannan,C6H10O5,missing,mapped,mapped,mannan,Yeast-GEM,mannan,C:\biological\Metabolic model prediction\Yeast-MetaTwin-zenodo\Data\yeast_gem_smiles.json,unique_normalized_name,medium,1,exact_ymdb_id|exact_metanetx_id|exact_chebi_id|exact_kegg_id|exact_pubchem_cid_via_chebi_sdf|unique_normalized_name
MODEL_CMPD:0000874,s_1108,mannan,C6H10O5,missing,mapped,mapped,mannan,Yeast-GEM,mannan,C:\biological\Metabolic model prediction\Yeast-MetaTwin-zenodo\Data\yeast_gem_smiles.json,unique_normalized_name,medium,1,exact_ymdb_id|exact_metanetx_id|exact_chebi_id|exact_kegg_id|exact_pubchem_cid_via_chebi_sdf|unique_normalized_name
MODEL_CMPD:0000879,s_1114,mannosylinositol phosphorylceramide backbone,C12H22NO15P,missing,manual_review,formula_conflict,MNXM12216,,,,,,2,exact_ymdb_id|exact_metanetx_id
MODEL_CMPD:0000910,s_1148,Met-tRNA(Met),C5H11NOSR,missing,manual_review,formula_conflict,C02430,,,,,,1,exact_ymdb_id|exact_metanetx_id|exact_chebi_id|exact_kegg_id
MODEL_CMPD:0000911,s_1149,Met-tRNA(Met),C5H11NOSR,missing,manual_review,formula_conflict,C02430,,,,,,1,exact_ymdb_id|exact_metanetx_id|exact_chebi_id|exact_kegg_id
MODEL_CMPD:0000929,s_1184,"N,N'-diacetylchitobiosyldiphosphodolichol",C36H62N2O17P2,missing,manual_review,formula_conflict,MNXM63078,,,,,,2,exact_ymdb_id|exact_metanetx_id
MODEL_CMPD:0000988,s_1254,octanoyl-ACP,C8H15OSR,missing,mapped,mapped,CHEBI:7725,ChEBI,CHEBI:7725,C:\biological\Metabolic model prediction\Yeast-MetaTwin-zenodo\Data\database\chebi_id_smiles.csv,exact_chebi_id,high,1,exact_ymdb_id|exact_metanetx_id|exact_chebi_id
MODEL_CMPD:0001022,s_1309,pectin,C6H7O6,missing,manual_review,formula_conflict,MNXM107600,,,,,,1,exact_ymdb_id|exact_metanetx_id
MODEL_CMPD:0001027,s_1314,Phe-tRNA(Phe),C9H11NOR,missing,manual_review,formula_conflict,C03511,,,,,,1,exact_ymdb_id|exact_metanetx_id|exact_chebi_id|exact_kegg_id
MODEL_CMPD:0001028,s_1315,Phe-tRNA(Phe),C9H11NOR,missing,manual_review,formula_conflict,C03511,,,,,,1,exact_ymdb_id|exact_metanetx_id|exact_chebi_id|exact_kegg_id
MODEL_CMPD:0001041,s_1337,phosphatidyl-L-serine backbone,C6H10NO6P,missing,manual_review,formula_conflict,MNXM221,,,,,,1,exact_ymdb_id|exact_metanetx_id
MODEL_CMPD:0001042,s_1346,phosphatidylcholine backbone,C8H16NO3P,missing,mapped,mapped,CHEBI:49183,ChEBI,CHEBI:49183,C:\biological\Metabolic model prediction\Yeast-MetaTwin-zenodo\Data\database\chebi_id_smiles.csv,exact_chebi_id,high,1,exact_ymdb_id|exact_metanetx_id|exact_chebi_id
MODEL_CMPD:0001043,s_1351,phosphatidylethanolamine backbone,C5H10NO4P,missing,mapped,mapped,CHEBI:16038,ChEBI,CHEBI:16038,C:\biological\Metabolic model prediction\Yeast-MetaTwin-zenodo\Data\database\chebi_id_smiles.csv,exact_chebi_id,high,1,exact_ymdb_id|exact_metanetx_id|exact_chebi_id
MODEL_CMPD:0001044,s_1352,phosphatidylethanolamine backbone,C5H10NO4P,missing,mapped,mapped,CHEBI:16038,ChEBI,CHEBI:16038,C:\biological\Metabolic model prediction\Yeast-MetaTwin-zenodo\Data\database\chebi_id_smiles.csv,exact_chebi_id,high,1,exact_ymdb_id|exact_metanetx_id|exact_chebi_id
MODEL_CMPD:0001054,s_1373,potassium,K,parse_failed,mapped,mapped,C00238,KEGG,C00238,C:\biological\Metabolic model prediction\Yeast-MetaTwin-zenodo\Data\database\kegg_compound.txt,exact_kegg_id,high,1,exact_ymdb_id|exact_metanetx_id|exact_chebi_id|exact_kegg_id
MODEL_CMPD:0001055,s_1374,potassium,K,parse_failed,mapped,mapped,C00238,KEGG,C00238,C:\biological\Metabolic model prediction\Yeast-MetaTwin-zenodo\Data\database\kegg_compound.txt,exact_kegg_id,high,1,exact_ymdb_id|exact_metanetx_id|exact_chebi_id|exact_kegg_id
MODEL_CMPD:0001060,s_1379,Pro-tRNA(Pro),C5H9NOR,missing,manual_review,formula_conflict,C02702,,,,,,1,exact_ymdb_id|exact_metanetx_id|exact_chebi_id|exact_kegg_id
MODEL_CMPD:0001088,s_1410,S(8)-aminomethyldihydrolipoylprotein,C9H19N2OS2R,missing,mapped,mapped,C01242,KEGG,C01242,C:\biological\Metabolic model prediction\Yeast-MetaTwin-zenodo\Data\database\kegg_compound.txt,exact_kegg_id,high,1,exact_ymdb_id|exact_metanetx_id|exact_chebi_id|exact_kegg_id
MODEL_CMPD:0001104,s_1428,Ser-tRNA(Ser),C3H7NO2R,missing,manual_review,formula_conflict,C02553,,,,,,1,exact_ymdb_id|exact_metanetx_id|exact_chebi_id|exact_kegg_id
MODEL_CMPD:0001111,s_1437,sodium,Na,missing,mapped,mapped,C01330,KEGG,C01330,C:\biological\Metabolic model prediction\Yeast-MetaTwin-zenodo\Data\database\kegg_compound.txt,exact_kegg_id,high,1,exact_ymdb_id|exact_metanetx_id|exact_chebi_id|exact_kegg_id
MODEL_CMPD:0001112,s_1438,sodium,Na,missing,mapped,mapped,C01330,KEGG,C01330,C:\biological\Metabolic model prediction\Yeast-MetaTwin-zenodo\Data\database\kegg_compound.txt,exact_kegg_id,high,1,exact_ymdb_id|exact_metanetx_id|exact_chebi_id|exact_kegg_id
MODEL_CMPD:0001154,s_1491,Thr-tRNA(Thr),C4H9NO2R,missing,manual_review,formula_conflict,C02992,,,,,,1,exact_ymdb_id|exact_metanetx_id|exact_chebi_id|exact_kegg_id
MODEL_CMPD:0001155,s_1492,Thr-tRNA(Thr),C4H9NO2R,missing,manual_review,formula_conflict,C02992,,,,,,1,exact_ymdb_id|exact_metanetx_id|exact_chebi_id|exact_kegg_id
MODEL_CMPD:0001171,s_1524,triglyceride backbone,C3H2,missing,mapped,mapped,CHEBI:17855,ChEBI,CHEBI:17855,C:\biological\Metabolic model prediction\Yeast-MetaTwin-zenodo\Data\database\chebi_id_smiles.csv,exact_chebi_id,high,1,exact_ymdb_id|exact_metanetx_id|exact_chebi_id
MODEL_CMPD:0001173,s_1527,Trp-tRNA(Trp),C11H12N2OR,missing,manual_review,formula_conflict,C03512,,,,,,1,exact_ymdb_id|exact_metanetx_id|exact_chebi_id|exact_kegg_id
MODEL_CMPD:0001174,s_1528,Trp-tRNA(Trp),C11H12N2OR,missing,manual_review,formula_conflict,C03512,,,,,,1,exact_ymdb_id|exact_metanetx_id|exact_chebi_id|exact_kegg_id
MODEL_CMPD:0001179,s_1533,Tyr-tRNA(Tyr),C9H11NO2R,missing,manual_review,formula_conflict,C02839,,,,,,1,exact_ymdb_id|exact_metanetx_id|exact_chebi_id|exact_kegg_id
MODEL_CMPD:0001180,s_1534,Tyr-tRNA(Tyr),C9H11NO2R,missing,manual_review,formula_conflict,C02839,,,,,,1,exact_ymdb_id|exact_metanetx_id|exact_chebi_id|exact_kegg_id
MODEL_CMPD:0001206,s_1561,Val-tRNA(Val),C5H11NOR,missing,manual_review,formula_conflict,C02554,,,,,,1,exact_ymdb_id|exact_metanetx_id|exact_chebi_id|exact_kegg_id
MODEL_CMPD:0001207,s_1562,Val-tRNA(Val),C5H11NOR,missing,manual_review,formula_conflict,C02554,,,,,,1,exact_ymdb_id|exact_metanetx_id|exact_chebi_id|exact_kegg_id
MODEL_CMPD:0001219,s_1578,zymosterol intermediate 1c,C28H43O3,missing,manual_review,formula_conflict,MNXM89471,,,,,,1,exact_ymdb_id|exact_metanetx_id
MODEL_CMPD:0001221,s_1582,tRNA(Ala),RH,missing,unresolved,local_key_space_exhausted,,,,,,,0,exact_ymdb_id|exact_metanetx_id|exact_chebi_id|exact_kegg_id|exact_pubchem_cid_via_chebi_sdf|unique_normalized_name
MODEL_CMPD:0001222,s_1583,tRNA(Arg),RH,missing,unresolved,local_key_space_exhausted,,,,,,,0,exact_ymdb_id|exact_metanetx_id|exact_chebi_id|exact_kegg_id|exact_pubchem_cid_via_chebi_sdf|unique_normalized_name
MODEL_CMPD:0001223,s_1584,tRNA(Arg),RH,missing,unresolved,local_key_space_exhausted,,,,,,,0,exact_ymdb_id|exact_metanetx_id|exact_chebi_id|exact_kegg_id|exact_pubchem_cid_via_chebi_sdf|unique_normalized_name
MODEL_CMPD:0001224,s_1585,tRNA(Asn),RH,missing,unresolved,local_key_space_exhausted,,,,,,,0,exact_ymdb_id|exact_metanetx_id|exact_chebi_id|exact_kegg_id|exact_pubchem_cid_via_chebi_sdf|unique_normalized_name
MODEL_CMPD:0001225,s_1586,tRNA(Asn),RH,missing,unresolved,local_key_space_exhausted,,,,,,,0,exact_ymdb_id|exact_metanetx_id|exact_chebi_id|exact_kegg_id|exact_pubchem_cid_via_chebi_sdf|unique_normalized_name
MODEL_CMPD:0001226,s_1587,tRNA(Asp),RH,missing,unresolved,local_key_space_exhausted,,,,,,,0,exact_ymdb_id|exact_metanetx_id|exact_chebi_id|exact_kegg_id|exact_pubchem_cid_via_chebi_sdf|unique_normalized_name
MODEL_CMPD:0001227,s_1588,tRNA(Asp),RH,missing,unresolved,local_key_space_exhausted,,,,,,,0,exact_ymdb_id|exact_metanetx_id|exact_chebi_id|exact_kegg_id|exact_pubchem_cid_via_chebi_sdf|unique_normalized_name
MODEL_CMPD:0001228,s_1589,tRNA(Cys),RH,missing,unresolved,local_key_space_exhausted,,,,,,,0,exact_ymdb_id|exact_metanetx_id|exact_chebi_id|exact_kegg_id|exact_pubchem_cid_via_chebi_sdf|unique_normalized_name
MODEL_CMPD:0001229,s_1590,tRNA(Gln),RH,missing,unresolved,local_key_space_exhausted,,,,,,,0,exact_ymdb_id|exact_metanetx_id|exact_chebi_id|exact_kegg_id|exact_pubchem_cid_via_chebi_sdf|unique_normalized_name
MODEL_CMPD:0001230,s_1591,tRNA(Glu),RH,missing,unresolved,local_key_space_exhausted,,,,,,,0,exact_ymdb_id|exact_metanetx_id|exact_chebi_id|exact_kegg_id|exact_pubchem_cid_via_chebi_sdf|unique_normalized_name
MODEL_CMPD:0001231,s_1592,tRNA(Glu),RH,missing,unresolved,local_key_space_exhausted,,,,,,,0,exact_ymdb_id|exact_metanetx_id|exact_chebi_id|exact_kegg_id|exact_pubchem_cid_via_chebi_sdf|unique_normalized_name
MODEL_CMPD:0001232,s_1593,tRNA(Gly),RH,missing,unresolved,local_key_space_exhausted,,,,,,,0,exact_ymdb_id|exact_metanetx_id|exact_chebi_id|exact_kegg_id|exact_pubchem_cid_via_chebi_sdf|unique_normalized_name
MODEL_CMPD:0001233,s_1594,tRNA(His),RH,missing,unresolved,local_key_space_exhausted,,,,,,,0,exact_ymdb_id|exact_metanetx_id|exact_chebi_id|exact_kegg_id|exact_pubchem_cid_via_chebi_sdf|unique_normalized_name
MODEL_CMPD:0001234,s_1595,tRNA(His),RH,missing,unresolved,local_key_space_exhausted,,,,,,,0,exact_ymdb_id|exact_metanetx_id|exact_chebi_id|exact_kegg_id|exact_pubchem_cid_via_chebi_sdf|unique_normalized_name
MODEL_CMPD:0001235,s_1596,tRNA(Ile),RH,missing,unresolved,local_key_space_exhausted,,,,,,,0,exact_ymdb_id|exact_metanetx_id|exact_chebi_id|exact_kegg_id|exact_pubchem_cid_via_chebi_sdf|unique_normalized_name
MODEL_CMPD:0001236,s_1597,tRNA(Ile),RH,missing,unresolved,local_key_space_exhausted,,,,,,,0,exact_ymdb_id|exact_metanetx_id|exact_chebi_id|exact_kegg_id|exact_pubchem_cid_via_chebi_sdf|unique_normalized_name
MODEL_CMPD:0001237,s_1598,tRNA(Leu),RH,missing,unresolved,local_key_space_exhausted,,,,,,,0,exact_ymdb_id|exact_metanetx_id|exact_chebi_id|exact_kegg_id|exact_pubchem_cid_via_chebi_sdf|unique_normalized_name
MODEL_CMPD:0001238,s_1599,tRNA(Leu),RH,missing,unresolved,local_key_space_exhausted,,,,,,,0,exact_ymdb_id|exact_metanetx_id|exact_chebi_id|exact_kegg_id|exact_pubchem_cid_via_chebi_sdf|unique_normalized_name
MODEL_CMPD:0001239,s_1600,tRNA(Lys),RH,missing,unresolved,local_key_space_exhausted,,,,,,,0,exact_ymdb_id|exact_metanetx_id|exact_chebi_id|exact_kegg_id|exact_pubchem_cid_via_chebi_sdf|unique_normalized_name
MODEL_CMPD:0001240,s_1601,tRNA(Lys),RH,missing,unresolved,local_key_space_exhausted,,,,,,,0,exact_ymdb_id|exact_metanetx_id|exact_chebi_id|exact_kegg_id|exact_pubchem_cid_via_chebi_sdf|unique_normalized_name
MODEL_CMPD:0001241,s_1602,tRNA(Met),RH,missing,unresolved,local_key_space_exhausted,,,,,,,0,exact_ymdb_id|exact_metanetx_id|exact_chebi_id|exact_kegg_id|exact_pubchem_cid_via_chebi_sdf|unique_normalized_name
MODEL_CMPD:0001242,s_1603,tRNA(Met),RH,missing,unresolved,local_key_space_exhausted,,,,,,,0,exact_ymdb_id|exact_metanetx_id|exact_chebi_id|exact_kegg_id|exact_pubchem_cid_via_chebi_sdf|unique_normalized_name
MODEL_CMPD:0001243,s_1604,tRNA(Phe),RH,missing,unresolved,local_key_space_exhausted,,,,,,,0,exact_ymdb_id|exact_metanetx_id|exact_chebi_id|exact_kegg_id|exact_pubchem_cid_via_chebi_sdf|unique_normalized_name
MODEL_CMPD:0001244,s_1605,tRNA(Phe),RH,missing,unresolved,local_key_space_exhausted,,,,,,,0,exact_ymdb_id|exact_metanetx_id|exact_chebi_id|exact_kegg_id|exact_pubchem_cid_via_chebi_sdf|unique_normalized_name
MODEL_CMPD:0001245,s_1606,tRNA(Pro),RH,missing,unresolved,local_key_space_exhausted,,,,,,,0,exact_ymdb_id|exact_metanetx_id|exact_chebi_id|exact_kegg_id|exact_pubchem_cid_via_chebi_sdf|unique_normalized_name
MODEL_CMPD:0001246,s_1607,tRNA(Ser),RH,missing,unresolved,local_key_space_exhausted,,,,,,,0,exact_ymdb_id|exact_metanetx_id|exact_chebi_id|exact_kegg_id|exact_pubchem_cid_via_chebi_sdf|unique_normalized_name
MODEL_CMPD:0001247,s_1608,tRNA(Thr),RH,missing,unresolved,local_key_space_exhausted,,,,,,,0,exact_ymdb_id|exact_metanetx_id|exact_chebi_id|exact_kegg_id|exact_pubchem_cid_via_chebi_sdf|unique_normalized_name
MODEL_CMPD:0001248,s_1609,tRNA(Thr),RH,missing,unresolved,local_key_space_exhausted,,,,,,,0,exact_ymdb_id|exact_metanetx_id|exact_chebi_id|exact_kegg_id|exact_pubchem_cid_via_chebi_sdf|unique_normalized_name
MODEL_CMPD:0001249,s_1610,tRNA(Trp),RH,missing,unresolved,local_key_space_exhausted,,,,,,,0,exact_ymdb_id|exact_metanetx_id|exact_chebi_id|exact_kegg_id|exact_pubchem_cid_via_chebi_sdf|unique_normalized_name
MODEL_CMPD:0001250,s_1611,tRNA(Trp),RH,missing,unresolved,local_key_space_exhausted,,,,,,,0,exact_ymdb_id|exact_metanetx_id|exact_chebi_id|exact_kegg_id|exact_pubchem_cid_via_chebi_sdf|unique_normalized_name
MODEL_CMPD:0001251,s_1612,tRNA(Tyr),RH,missing,unresolved,local_key_space_exhausted,,,,,,,0,exact_ymdb_id|exact_metanetx_id|exact_chebi_id|exact_kegg_id|exact_pubchem_cid_via_chebi_sdf|unique_normalized_name
MODEL_CMPD:0001252,s_1613,tRNA(Tyr),RH,missing,unresolved,local_key_space_exhausted,,,,,,,0,exact_ymdb_id|exact_metanetx_id|exact_chebi_id|exact_kegg_id|exact_pubchem_cid_via_chebi_sdf|unique_normalized_name
MODEL_CMPD:0001253,s_1614,tRNA(Val),RH,missing,unresolved,local_key_space_exhausted,,,,,,,0,exact_ymdb_id|exact_metanetx_id|exact_chebi_id|exact_kegg_id|exact_pubchem_cid_via_chebi_sdf|unique_normalized_name
MODEL_CMPD:0001254,s_1615,tRNA(Val),RH,missing,unresolved,local_key_space_exhausted,,,,,,,0,exact_ymdb_id|exact_metanetx_id|exact_chebi_id|exact_kegg_id|exact_pubchem_cid_via_chebi_sdf|unique_normalized_name
MODEL_CMPD:0001255,s_1616,TRX1,C6H10N2O2S2R4,missing,manual_review,formula_conflict,C00342,,,,,,1,exact_ymdb_id|exact_metanetx_id|exact_chebi_id|exact_kegg_id
MODEL_CMPD:0001256,s_1617,TRX1,C6H10N2O2S2R4,missing,manual_review,formula_conflict,C00342,,,,,,1,exact_ymdb_id|exact_metanetx_id|exact_chebi_id|exact_kegg_id
MODEL_CMPD:0001257,s_1618,TRX1,C6H10N2O2S2R4,missing,manual_review,formula_conflict,C00342,,,,,,1,exact_ymdb_id|exact_metanetx_id|exact_chebi_id|exact_kegg_id
MODEL_CMPD:0001258,s_1619,TRX1,C6H10N2O2S2R4,missing,manual_review,formula_conflict,C00342,,,,,,1,exact_ymdb_id|exact_metanetx_id|exact_chebi_id|exact_kegg_id
MODEL_CMPD:0001259,s_1620,TRX1 disulphide,C6H9N2O2S2R4,missing,mapped,mapped,CHEBI:18191,ChEBI,CHEBI:18191,C:\biological\Metabolic model prediction\Yeast-MetaTwin-zenodo\Data\database\chebi_id_smiles.csv,exact_chebi_id,high,1,exact_ymdb_id|exact_metanetx_id|exact_chebi_id
MODEL_CMPD:0001260,s_1621,TRX1 disulphide,C6H9N2O2S2R4,missing,mapped,mapped,CHEBI:18191,ChEBI,CHEBI:18191,C:\biological\Metabolic model prediction\Yeast-MetaTwin-zenodo\Data\database\chebi_id_smiles.csv,exact_chebi_id,high,1,exact_ymdb_id|exact_metanetx_id|exact_chebi_id
MODEL_CMPD:0001261,s_1622,TRX1 disulphide,C6H9N2O2S2R4,missing,mapped,mapped,CHEBI:18191,ChEBI,CHEBI:18191,C:\biological\Metabolic model prediction\Yeast-MetaTwin-zenodo\Data\database\chebi_id_smiles.csv,exact_chebi_id,high,1,exact_ymdb_id|exact_metanetx_id|exact_chebi_id
MODEL_CMPD:0001262,s_1623,TRX1 disulphide,C6H9N2O2S2R4,missing,mapped,mapped,CHEBI:18191,ChEBI,CHEBI:18191,C:\biological\Metabolic model prediction\Yeast-MetaTwin-zenodo\Data\database\chebi_id_smiles.csv,exact_chebi_id,high,1,exact_ymdb_id|exact_metanetx_id|exact_chebi_id
MODEL_CMPD:0001263,s_1845,ACP1,,missing,mapped,mapped,CHEBI:18359,ChEBI,CHEBI:18359,C:\biological\Metabolic model prediction\Yeast-MetaTwin-zenodo\Data\database\chebi_id_smiles.csv,exact_chebi_id,high,1,exact_ymdb_id|exact_metanetx_id|exact_chebi_id
MODEL_CMPD:0001268,s_2770,acetoacetyl-ACP,C4H5O2SR,missing,mapped,mapped,CHEBI:2393,ChEBI,CHEBI:2393,C:\biological\Metabolic model prediction\Yeast-MetaTwin-zenodo\Data\database\chebi_id_smiles.csv,exact_chebi_id,high,1,exact_ymdb_id|exact_metanetx_id|exact_chebi_id
MODEL_CMPD:0001269,s_2771,butanoyl-ACP,C4H7OSR,missing,mapped,mapped,C05745,KEGG,C05745,C:\biological\Metabolic model prediction\Yeast-MetaTwin-zenodo\Data\database\kegg_compound.txt,exact_kegg_id,high,1,exact_ymdb_id|exact_metanetx_id|exact_chebi_id|exact_kegg_id
MODEL_CMPD:0001270,s_2772,3-oxo-hexanoyl-ACP,C6H9O2SR,missing,mapped,mapped,C05746,KEGG,C05746,C:\biological\Metabolic model prediction\Yeast-MetaTwin-zenodo\Data\database\kegg_compound.txt,exact_kegg_id,high,1,exact_ymdb_id|exact_metanetx_id|exact_chebi_id|exact_kegg_id
MODEL_CMPD:0001271,s_2773,hexanoyl-ACP,C6H11OSR,missing,mapped,mapped,C05749,KEGG,C05749,C:\biological\Metabolic model prediction\Yeast-MetaTwin-zenodo\Data\database\kegg_compound.txt,exact_kegg_id,high,1,exact_ymdb_id|exact_metanetx_id|exact_chebi_id|exact_kegg_id
MODEL_CMPD:0001272,s_2774,3-oxo-octanoyl-ACP,C8H13O2SR,missing,mapped,mapped,C05750,KEGG,C05750,C:\biological\Metabolic model prediction\Yeast-MetaTwin-zenodo\Data\database\kegg_compound.txt,exact_kegg_id,high,1,exact_ymdb_id|exact_metanetx_id|exact_chebi_id|exact_kegg_id
MODEL_CMPD:0001273,s_2775,3-hydroxybutanoyl-ACP,C4H7O2SR,missing,mapped,mapped,C04618,KEGG,C04618,C:\biological\Metabolic model prediction\Yeast-MetaTwin-zenodo\Data\database\kegg_compound.txt,exact_kegg_id,high,1,exact_ymdb_id|exact_metanetx_id|exact_chebi_id|exact_kegg_id
MODEL_CMPD:0001274,s_2776,3-hydroxyhexanoyl-ACP,C6H11O2SR,missing,mapped,mapped,C05747,KEGG,C05747,C:\biological\Metabolic model prediction\Yeast-MetaTwin-zenodo\Data\database\kegg_compound.txt,exact_kegg_id,high,1,exact_ymdb_id|exact_metanetx_id|exact_chebi_id|exact_kegg_id
MODEL_CMPD:0001275,s_2777,3-hydroxyoctanoyl-ACP,C8H15O2SR,missing,manual_review,formula_conflict,C16220,,,,,,1,exact_ymdb_id|exact_metanetx_id|exact_chebi_id|exact_kegg_id
MODEL_CMPD:0001276,s_2778,trans-but-2-enoyl-ACP,C4H5OSR,missing,unresolved,local_key_space_exhausted,,,,,,,0,exact_ymdb_id|exact_metanetx_id|exact_chebi_id|exact_kegg_id|exact_pubchem_cid_via_chebi_sdf|unique_normalized_name
MODEL_CMPD:0001277,s_2779,trans-hex-2-enoyl-ACP,C6H9OSR,missing,mapped,mapped,C05748,KEGG,C05748,C:\biological\Metabolic model prediction\Yeast-MetaTwin-zenodo\Data\database\kegg_compound.txt,exact_kegg_id,high,1,exact_ymdb_id|exact_metanetx_id|exact_chebi_id|exact_kegg_id
MODEL_CMPD:0001278,s_2780,trans-oct-2-enoyl-ACP,C8H13OSR,missing,mapped,mapped,C05751,KEGG,C05751,C:\biological\Metabolic model prediction\Yeast-MetaTwin-zenodo\Data\database\kegg_compound.txt,exact_kegg_id,high,1,exact_ymdb_id|exact_metanetx_id|exact_chebi_id|exact_kegg_id
MODEL_CMPD:0001387,s_2893,cis-tetradec-7-enoyl-CoA,C35H60N7O17P3S,missing,unresolved,local_key_space_exhausted,,,,,,,0,exact_ymdb_id|exact_metanetx_id|exact_chebi_id|exact_kegg_id|exact_pubchem_cid_via_chebi_sdf|unique_normalized_name
MODEL_CMPD:0001389,s_2895,cis-dodec-5-enoyl-CoA,C33H56N7O17P3S,missing,unresolved,local_key_space_exhausted,,,,,,,0,exact_ymdb_id|exact_metanetx_id|exact_chebi_id|exact_kegg_id|exact_pubchem_cid_via_chebi_sdf|unique_normalized_name
MODEL_CMPD:0001390,s_2896,"trans-2,cis-5-dodecadienoyl-CoA",C33H54N7O17P3S,missing,unresolved,local_key_space_exhausted,,,,,,,0,exact_ymdb_id|exact_metanetx_id|exact_chebi_id|exact_kegg_id|exact_pubchem_cid_via_chebi_sdf|unique_normalized_name
MODEL_CMPD:0001395,s_2901,"trans-2,cis-5-tetradecadienoyl-CoA",C35H58N7O17P3S,missing,unresolved,local_key_space_exhausted,,,,,,,0,exact_ymdb_id|exact_metanetx_id|exact_chebi_id|exact_kegg_id|exact_pubchem_cid_via_chebi_sdf|unique_normalized_name
MODEL_CMPD:0001402,s_2908,(R)-3-hydroxy-cis-hexadec-9-enoyl-CoA,C37H64N7O18P3S,missing,unresolved,local_key_space_exhausted,,,,,,,0,exact_ymdb_id|exact_metanetx_id|exact_chebi_id|exact_kegg_id|exact_pubchem_cid_via_chebi_sdf|unique_normalized_name
MODEL_CMPD:0001403,s_2909,(R)-3-hydroxy-cis-tetradec-7-enoyl-CoA,C35H60N7O18P3S,missing,unresolved,local_key_space_exhausted,,,,,,,0,exact_ymdb_id|exact_metanetx_id|exact_chebi_id|exact_kegg_id|exact_pubchem_cid_via_chebi_sdf|unique_normalized_name
MODEL_CMPD:0001404,s_2910,(R)-3-hydroxy-cis-dodec-5-enoyl-CoA,C33H56N7O18P3S,missing,unresolved,local_key_space_exhausted,,,,,,,0,exact_ymdb_id|exact_metanetx_id|exact_chebi_id|exact_kegg_id|exact_pubchem_cid_via_chebi_sdf|unique_normalized_name
MODEL_CMPD:0001414,s_2920,3-oxo-cis-hexadec-9-enoyl-CoA,C37H62N7O18P3S,missing,mapped,mapped,CHEBI:53152,ChEBI,CHEBI:53152,C:\biological\Metabolic model prediction\Yeast-MetaTwin-zenodo\Data\database\chebi_id_smiles.csv,exact_chebi_id,high,1,exact_ymdb_id|exact_metanetx_id|exact_chebi_id
MODEL_CMPD:0001415,s_2921,3-oxo-cis-tetradec-7-enoyl-CoA,C35H58N7O18P3S,missing,unresolved,local_key_space_exhausted,,,,,,,0,exact_ymdb_id|exact_metanetx_id|exact_chebi_id|exact_kegg_id|exact_pubchem_cid_via_chebi_sdf|unique_normalized_name
MODEL_CMPD:0001416,s_2922,3-oxo-cis-dodec-5-enoyl-CoA,C33H54N7O18P3S,missing,unresolved,local_key_space_exhausted,,,,,,,0,exact_ymdb_id|exact_metanetx_id|exact_chebi_id|exact_kegg_id|exact_pubchem_cid_via_chebi_sdf|unique_normalized_name
MODEL_CMPD:0001417,s_2923,3-oxo-cis-octadec-9-enoyl-CoA,C39H66N7O18P3S,missing,mapped,mapped,CHEBI:78146,ChEBI,CHEBI:78146,C:\biological\Metabolic model prediction\Yeast-MetaTwin-zenodo\Data\database\chebi_id_smiles.csv,exact_chebi_id,high,1,exact_ymdb_id|exact_metanetx_id|exact_chebi_id
MODEL_CMPD:0001420,s_2926,cis-dec-3-enoyl-CoA,C31H52N7O17P3S,missing,unresolved,local_key_space_exhausted,,,,,,,0,exact_ymdb_id|exact_metanetx_id|exact_chebi_id|exact_kegg_id|exact_pubchem_cid_via_chebi_sdf|unique_normalized_name
MODEL_CMPD:0001423,s_2929,trans-dodec-3-enoyl-CoA,C33H56N7O17P3S,missing,unresolved,local_key_space_exhausted,,,,,,,0,exact_ymdb_id|exact_metanetx_id|exact_chebi_id|exact_kegg_id|exact_pubchem_cid_via_chebi_sdf|unique_normalized_name
MODEL_CMPD:0001435,s_2941,acylglycerone phosphate (16:1),C19H35O7P,missing,unresolved,local_key_space_exhausted,,,,,,,0,exact_ymdb_id|exact_metanetx_id|exact_chebi_id|exact_kegg_id|exact_pubchem_cid_via_chebi_sdf|unique_normalized_name
MODEL_CMPD:0001443,s_2949,acylglycerone phosphate (16:1),C19H35O7P,missing,unresolved,local_key_space_exhausted,,,,,,,0,exact_ymdb_id|exact_metanetx_id|exact_chebi_id|exact_kegg_id|exact_pubchem_cid_via_chebi_sdf|unique_normalized_name
MODEL_CMPD:0001507,s_3013,"triglyceride (1-16:1, 2-16:1, 3-16:0)",C51H94O6,missing,unresolved,local_key_space_exhausted,,,,,,,0,exact_ymdb_id|exact_metanetx_id|exact_chebi_id|exact_kegg_id|exact_pubchem_cid_via_chebi_sdf|unique_normalized_name
MODEL_CMPD:0001508,s_3014,"triglyceride (1-16:1, 2-18:1, 3-16:0)",C53H98O6,missing,unresolved,local_key_space_exhausted,,,,,,,0,exact_ymdb_id|exact_metanetx_id|exact_chebi_id|exact_kegg_id|exact_pubchem_cid_via_chebi_sdf|unique_normalized_name
MODEL_CMPD:0001509,s_3015,"triglyceride (1-18:0, 2-16:1, 3-16:0)",C53H100O6,missing,unresolved,local_key_space_exhausted,,,,,,,0,exact_ymdb_id|exact_metanetx_id|exact_chebi_id|exact_kegg_id|exact_pubchem_cid_via_chebi_sdf|unique_normalized_name
MODEL_CMPD:0001511,s_3017,"triglyceride (1-18:1, 2-16:1, 3-16:0)",C53H98O6,missing,unresolved,local_key_space_exhausted,,,,,,,0,exact_ymdb_id|exact_metanetx_id|exact_chebi_id|exact_kegg_id|exact_pubchem_cid_via_chebi_sdf|unique_normalized_name
MODEL_CMPD:0001514,s_3020,"triglyceride (1-16:0, 2-18:1, 3-16:1)",C53H98O6,missing,unresolved,local_key_space_exhausted,,,,,,,0,exact_ymdb_id|exact_metanetx_id|exact_chebi_id|exact_kegg_id|exact_pubchem_cid_via_chebi_sdf|unique_normalized_name
MODEL_CMPD:0001516,s_3022,"triglyceride (1-16:1, 2-18:1, 3-16:1)",C53H96O6,missing,unresolved,local_key_space_exhausted,,,,,,,0,exact_ymdb_id|exact_metanetx_id|exact_chebi_id|exact_kegg_id|exact_pubchem_cid_via_chebi_sdf|unique_normalized_name
MODEL_CMPD:0001518,s_3024,"triglyceride (1-18:0, 2-18:1, 3-16:1)",C55H102O6,missing,unresolved,local_key_space_exhausted,,,,,,,0,exact_ymdb_id|exact_metanetx_id|exact_chebi_id|exact_kegg_id|exact_pubchem_cid_via_chebi_sdf|unique_normalized_name
MODEL_CMPD:0001519,s_3025,"triglyceride (1-18:1, 2-16:1, 3-16:1)",C53H96O6,missing,unresolved,local_key_space_exhausted,,,,,,,0,exact_ymdb_id|exact_metanetx_id|exact_chebi_id|exact_kegg_id|exact_pubchem_cid_via_chebi_sdf|unique_normalized_name
MODEL_CMPD:0001520,s_3026,"triglyceride (1-18:1, 2-18:1, 3-16:1)",C55H100O6,missing,unresolved,local_key_space_exhausted,,,,,,,0,exact_ymdb_id|exact_metanetx_id|exact_chebi_id|exact_kegg_id|exact_pubchem_cid_via_chebi_sdf|unique_normalized_name
MODEL_CMPD:0001523,s_3029,"triglyceride (1-16:1, 2-16:1, 3-18:0)",C53H98O6,missing,unresolved,local_key_space_exhausted,,,,,,,0,exact_ymdb_id|exact_metanetx_id|exact_chebi_id|exact_kegg_id|exact_pubchem_cid_via_chebi_sdf|unique_normalized_name
MODEL_CMPD:0001524,s_3030,"triglyceride (1-16:1, 2-18:1, 3-18:0)",C55H102O6,missing,unresolved,local_key_space_exhausted,,,,,,,0,exact_ymdb_id|exact_metanetx_id|exact_chebi_id|exact_kegg_id|exact_pubchem_cid_via_chebi_sdf|unique_normalized_name
MODEL_CMPD:0001526,s_3032,"triglyceride (1-18:0, 2-18:1, 3-18:0)",C57H108O6,missing,mapped,mapped,CHEBI:90305,ChEBI,CHEBI:90305,C:\biological\Metabolic model prediction\Yeast-MetaTwin-zenodo\Data\database\chebi_id_smiles.csv,exact_chebi_id,high,1,exact_ymdb_id|exact_metanetx_id|exact_chebi_id
MODEL_CMPD:0001527,s_3033,"triglyceride (1-18:1, 2-16:1, 3-18:0)",C55H102O6,missing,unresolved,local_key_space_exhausted,,,,,,,0,exact_ymdb_id|exact_metanetx_id|exact_chebi_id|exact_kegg_id|exact_pubchem_cid_via_chebi_sdf|unique_normalized_name
MODEL_CMPD:0001528,s_3034,"triglyceride (1-18:1, 2-18:1, 3-18:0)",C57H106O6,missing,unresolved,local_key_space_exhausted,,,,,,,0,exact_ymdb_id|exact_metanetx_id|exact_chebi_id|exact_kegg_id|exact_pubchem_cid_via_chebi_sdf|unique_normalized_name
MODEL_CMPD:0001529,s_3035,"triglyceride (1-16:0, 2-16:1, 3-18:1)",C53H98O6,missing,unresolved,local_key_space_exhausted,,,,,,,0,exact_ymdb_id|exact_metanetx_id|exact_chebi_id|exact_kegg_id|exact_pubchem_cid_via_chebi_sdf|unique_normalized_name
MODEL_CMPD:0001530,s_3036,"triglyceride (1-16:0, 2-18:1, 3-18:1)",C55H102O6,missing,unresolved,local_key_space_exhausted,,,,,,,0,exact_ymdb_id|exact_metanetx_id|exact_chebi_id|exact_kegg_id|exact_pubchem_cid_via_chebi_sdf|unique_normalized_name
MODEL_CMPD:0001533,s_3039,"triglyceride (1-18:0, 2-16:1, 3-18:1)",C55H102O6,missing,unresolved,local_key_space_exhausted,,,,,,,0,exact_ymdb_id|exact_metanetx_id|exact_chebi_id|exact_kegg_id|exact_pubchem_cid_via_chebi_sdf|unique_normalized_name
MODEL_CMPD:0001534,s_3040,"triglyceride (1-18:0, 2-18:1, 3-18:1)",C57H106O6,missing,unresolved,local_key_space_exhausted,,,,,,,0,exact_ymdb_id|exact_metanetx_id|exact_chebi_id|exact_kegg_id|exact_pubchem_cid_via_chebi_sdf|unique_normalized_name
MODEL_CMPD:0001542,s_3048,"triglyceride (1-16:1, 2-16:1, 3-16:0)",C51H94O6,missing,unresolved,local_key_space_exhausted,,,,,,,0,exact_ymdb_id|exact_metanetx_id|exact_chebi_id|exact_kegg_id|exact_pubchem_cid_via_chebi_sdf|unique_normalized_name
MODEL_CMPD:0001544,s_3050,"triglyceride (1-16:1, 2-18:1, 3-16:0)",C53H98O6,missing,unresolved,local_key_space_exhausted,,,,,,,0,exact_ymdb_id|exact_metanetx_id|exact_chebi_id|exact_kegg_id|exact_pubchem_cid_via_chebi_sdf|unique_normalized_name
MODEL_CMPD:0001546,s_3052,"triglyceride (1-18:0, 2-16:1, 3-16:0)",C53H100O6,missing,unresolved,local_key_space_exhausted,,,,,,,0,exact_ymdb_id|exact_metanetx_id|exact_chebi_id|exact_kegg_id|exact_pubchem_cid_via_chebi_sdf|unique_normalized_name
MODEL_CMPD:0001550,s_3056,"triglyceride (1-18:1, 2-16:1, 3-16:0)",C53H98O6,missing,unresolved,local_key_space_exhausted,,,,,,,0,exact_ymdb_id|exact_metanetx_id|exact_chebi_id|exact_kegg_id|exact_pubchem_cid_via_chebi_sdf|unique_normalized_name
MODEL_CMPD:0001554,s_3060,"triglyceride (1-16:0, 2-18:1, 3-16:1)",C53H98O6,missing,unresolved,local_key_space_exhausted,,,,,,,0,exact_ymdb_id|exact_metanetx_id|exact_chebi_id|exact_kegg_id|exact_pubchem_cid_via_chebi_sdf|unique_normalized_name
MODEL_CMPD:0001556,s_3062,"triglyceride (1-16:1, 2-18:1, 3-16:1)",C53H96O6,missing,unresolved,local_key_space_exhausted,,,,,,,0,exact_ymdb_id|exact_metanetx_id|exact_chebi_id|exact_kegg_id|exact_pubchem_cid_via_chebi_sdf|unique_normalized_name
MODEL_CMPD:0001558,s_3064,"triglyceride (1-18:0, 2-18:1, 3-16:1)",C55H102O6,missing,unresolved,local_key_space_exhausted,,,,,,,0,exact_ymdb_id|exact_metanetx_id|exact_chebi_id|exact_kegg_id|exact_pubchem_cid_via_chebi_sdf|unique_normalized_name
MODEL_CMPD:0001559,s_3065,"triglyceride (1-18:1, 2-16:1, 3-16:1)",C53H96O6,missing,unresolved,local_key_space_exhausted,,,,,,,0,exact_ymdb_id|exact_metanetx_id|exact_chebi_id|exact_kegg_id|exact_pubchem_cid_via_chebi_sdf|unique_normalized_name
MODEL_CMPD:0001560,s_3066,"triglyceride (1-18:1, 2-18:1, 3-16:1)",C55H100O6,missing,unresolved,local_key_space_exhausted,,,,,,,0,exact_ymdb_id|exact_metanetx_id|exact_chebi_id|exact_kegg_id|exact_pubchem_cid_via_chebi_sdf|unique_normalized_name
MODEL_CMPD:0001563,s_3069,"triglyceride (1-16:1, 2-16:1, 3-18:0)",C53H98O6,missing,unresolved,local_key_space_exhausted,,,,,,,0,exact_ymdb_id|exact_metanetx_id|exact_chebi_id|exact_kegg_id|exact_pubchem_cid_via_chebi_sdf|unique_normalized_name
MODEL_CMPD:0001564,s_3070,"triglyceride (1-16:1, 2-18:1, 3-18:0)",C55H102O6,missing,unresolved,local_key_space_exhausted,,,,,,,0,exact_ymdb_id|exact_metanetx_id|exact_chebi_id|exact_kegg_id|exact_pubchem_cid_via_chebi_sdf|unique_normalized_name
MODEL_CMPD:0001566,s_3072,"triglyceride (1-18:0, 2-18:1, 3-18:0)",C57H108O6,missing,mapped,mapped,CHEBI:90305,ChEBI,CHEBI:90305,C:\biological\Metabolic model prediction\Yeast-MetaTwin-zenodo\Data\database\chebi_id_smiles.csv,exact_chebi_id,high,1,exact_ymdb_id|exact_metanetx_id|exact_chebi_id
MODEL_CMPD:0001567,s_3073,"triglyceride (1-18:1, 2-16:1, 3-18:0)",C55H102O6,missing,unresolved,local_key_space_exhausted,,,,,,,0,exact_ymdb_id|exact_metanetx_id|exact_chebi_id|exact_kegg_id|exact_pubchem_cid_via_chebi_sdf|unique_normalized_name
MODEL_CMPD:0001568,s_3074,"triglyceride (1-18:1, 2-18:1, 3-18:0)",C57H106O6,missing,unresolved,local_key_space_exhausted,,,,,,,0,exact_ymdb_id|exact_metanetx_id|exact_chebi_id|exact_kegg_id|exact_pubchem_cid_via_chebi_sdf|unique_normalized_name
MODEL_CMPD:0001569,s_3075,"triglyceride (1-16:0, 2-16:1, 3-18:1)",C53H98O6,missing,unresolved,local_key_space_exhausted,,,,,,,0,exact_ymdb_id|exact_metanetx_id|exact_chebi_id|exact_kegg_id|exact_pubchem_cid_via_chebi_sdf|unique_normalized_name
MODEL_CMPD:0001570,s_3076,"triglyceride (1-16:0, 2-18:1, 3-18:1)",C55H102O6,missing,unresolved,local_key_space_exhausted,,,,,,,0,exact_ymdb_id|exact_metanetx_id|exact_chebi_id|exact_kegg_id|exact_pubchem_cid_via_chebi_sdf|unique_normalized_name
MODEL_CMPD:0001573,s_3079,"triglyceride (1-18:0, 2-16:1, 3-18:1)",C55H102O6,missing,unresolved,local_key_space_exhausted,,,,,,,0,exact_ymdb_id|exact_metanetx_id|exact_chebi_id|exact_kegg_id|exact_pubchem_cid_via_chebi_sdf|unique_normalized_name
MODEL_CMPD:0001574,s_3080,"triglyceride (1-18:0, 2-18:1, 3-18:1)",C57H106O6,missing,unresolved,local_key_space_exhausted,,,,,,,0,exact_ymdb_id|exact_metanetx_id|exact_chebi_id|exact_kegg_id|exact_pubchem_cid_via_chebi_sdf|unique_normalized_name
MODEL_CMPD:0001578,s_3084,"CDP-diacylglycerol (1-16:0, 2-16:1)",C44H79N3O15P2,missing,unresolved,local_key_space_exhausted,,,,,,,0,exact_ymdb_id|exact_metanetx_id|exact_chebi_id|exact_kegg_id|exact_pubchem_cid_via_chebi_sdf|unique_normalized_name
MODEL_CMPD:0001580,s_3086,"CDP-diacylglycerol (1-18:0, 2-16:1)",C46H83N3O15P2,missing,unresolved,local_key_space_exhausted,,,,,,,0,exact_ymdb_id|exact_metanetx_id|exact_chebi_id|exact_kegg_id|exact_pubchem_cid_via_chebi_sdf|unique_normalized_name
MODEL_CMPD:0001581,s_3087,"CDP-diacylglycerol (1-18:1, 2-16:1)",C46H81N3O15P2,missing,unresolved,local_key_space_exhausted,,,,,,,0,exact_ymdb_id|exact_metanetx_id|exact_chebi_id|exact_kegg_id|exact_pubchem_cid_via_chebi_sdf|unique_normalized_name
MODEL_CMPD:0001583,s_3089,"CDP-diacylglycerol (1-16:1, 2-18:1)",C46H81N3O15P2,missing,unresolved,local_key_space_exhausted,,,,,,,0,exact_ymdb_id|exact_metanetx_id|exact_chebi_id|exact_kegg_id|exact_pubchem_cid_via_chebi_sdf|unique_normalized_name
MODEL_CMPD:0001584,s_3090,"CDP-diacylglycerol (1-18:0, 2-18:1)",C48H87N3O15P2,missing,unresolved,local_key_space_exhausted,,,,,,,0,exact_ymdb_id|exact_metanetx_id|exact_chebi_id|exact_kegg_id|exact_pubchem_cid_via_chebi_sdf|unique_normalized_name
MODEL_CMPD:0001590,s_3096,"CDP-diacylglycerol (1-16:0, 2-16:1)",C44H79N3O15P2,missing,unresolved,local_key_space_exhausted,,,,,,,0,exact_ymdb_id|exact_metanetx_id|exact_chebi_id|exact_kegg_id|exact_pubchem_cid_via_chebi_sdf|unique_normalized_name
MODEL_CMPD:0001594,s_3100,"CDP-diacylglycerol (1-18:0, 2-16:1)",C46H83N3O15P2,missing,unresolved,local_key_space_exhausted,,,,,,,0,exact_ymdb_id|exact_metanetx_id|exact_chebi_id|exact_kegg_id|exact_pubchem_cid_via_chebi_sdf|unique_normalized_name
MODEL_CMPD:0001596,s_3102,"CDP-diacylglycerol (1-18:1, 2-16:1)",C46H81N3O15P2,missing,unresolved,local_key_space_exhausted,,,,,,,0,exact_ymdb_id|exact_metanetx_id|exact_chebi_id|exact_kegg_id|exact_pubchem_cid_via_chebi_sdf|unique_normalized_name
MODEL_CMPD:0001600,s_3106,"CDP-diacylglycerol (1-16:1, 2-18:1)",C46H81N3O15P2,missing,unresolved,local_key_space_exhausted,,,,,,,0,exact_ymdb_id|exact_metanetx_id|exact_chebi_id|exact_kegg_id|exact_pubchem_cid_via_chebi_sdf|unique_normalized_name
MODEL_CMPD:0001613,s_3119,"1-phosphatidyl-1D-myo-inositol (1-16:1, 2-16:1)",C41H75O13P,missing,unresolved,local_key_space_exhausted,,,,,,,0,exact_ymdb_id|exact_metanetx_id|exact_chebi_id|exact_kegg_id|exact_pubchem_cid_via_chebi_sdf|unique_normalized_name
MODEL_CMPD:0001615,s_3121,"1-phosphatidyl-1D-myo-inositol (1-18:1, 2-16:1)",C43H79O13P,missing,unresolved,local_key_space_exhausted,,,,,,,0,exact_ymdb_id|exact_metanetx_id|exact_chebi_id|exact_kegg_id|exact_pubchem_cid_via_chebi_sdf|unique_normalized_name
MODEL_CMPD:0001617,s_3123,"1-phosphatidyl-1D-myo-inositol (1-16:1, 2-18:1)",C43H79O13P,missing,unresolved,local_key_space_exhausted,,,,,,,0,exact_ymdb_id|exact_metanetx_id|exact_chebi_id|exact_kegg_id|exact_pubchem_cid_via_chebi_sdf|unique_normalized_name
MODEL_CMPD:0001619,s_3125,"1-phosphatidyl-1D-myo-inositol (1-18:1, 2-18:1)",C45H83O13P,missing,unresolved,local_key_space_exhausted,,,,,,,0,exact_ymdb_id|exact_metanetx_id|exact_chebi_id|exact_kegg_id|exact_pubchem_cid_via_chebi_sdf|unique_normalized_name
MODEL_CMPD:0001621,s_3127,sn-2-acyl-1-lysophosphatidylinositol (18:1),C27H51O12P,missing,unresolved,local_key_space_exhausted,,,,,,,0,exact_ymdb_id|exact_metanetx_id|exact_chebi_id|exact_kegg_id|exact_pubchem_cid_via_chebi_sdf|unique_normalized_name
MODEL_CMPD:0001624,s_3130,"phosphatidylethanolamine (1-16:0, 2-16:1)",C37H72NO8P,missing,mapped,mapped,CHEBI:136147,ChEBI,CHEBI:136147,C:\biological\Metabolic model prediction\Yeast-MetaTwin-zenodo\Data\database\chebi_id_smiles.csv,exact_chebi_id,high,1,exact_ymdb_id|exact_metanetx_id|exact_chebi_id
MODEL_CMPD:0001628,s_3134,"phosphatidylethanolamine (1-18:0, 2-16:1)",C39H76NO8P,missing,mapped,mapped,CHEBI:136155,ChEBI,CHEBI:136155,C:\biological\Metabolic model prediction\Yeast-MetaTwin-zenodo\Data\database\chebi_id_smiles.csv,exact_chebi_id,high,1,exact_ymdb_id|exact_metanetx_id|exact_chebi_id
MODEL_CMPD:0001632,s_3138,"phosphatidylethanolamine (1-16:0, 2-18:1)",C39H76NO8P,missing,mapped,mapped,CHEBI:136148,ChEBI,CHEBI:136148,C:\biological\Metabolic model prediction\Yeast-MetaTwin-zenodo\Data\database\chebi_id_smiles.csv,exact_chebi_id,high,1,exact_ymdb_id|exact_metanetx_id|exact_chebi_id
MODEL_CMPD:0001634,s_3140,"phosphatidylethanolamine (1-16:1, 2-18:1)",C39H74NO8P,missing,mapped,mapped,CHEBI:90464,ChEBI,CHEBI:90464,C:\biological\Metabolic model prediction\Yeast-MetaTwin-zenodo\Data\database\chebi_id_smiles.csv,exact_chebi_id,high,1,exact_ymdb_id|exact_metanetx_id|exact_chebi_id
MODEL_CMPD:0001636,s_3142,"phosphatidylethanolamine (1-18:0, 2-18:1)",C41H80NO8P,missing,mapped,mapped,CHEBI:136162,ChEBI,CHEBI:136162,C:\biological\Metabolic model prediction\Yeast-MetaTwin-zenodo\Data\database\chebi_id_smiles.csv,exact_chebi_id,high,1,exact_ymdb_id|exact_metanetx_id|exact_chebi_id
MODEL_CMPD:0001638,s_3144,"phosphatidylethanolamine (1-18:1, 2-18:1)",C41H78NO8P,missing,mapped,mapped,CHEBI:136170,ChEBI,CHEBI:136170,C:\biological\Metabolic model prediction\Yeast-MetaTwin-zenodo\Data\database\chebi_id_smiles.csv,exact_chebi_id,high,1,exact_ymdb_id|exact_metanetx_id|exact_chebi_id
MODEL_CMPD:0001642,s_3148,"phosphatidylethanolamine (1-16:0, 2-16:1)",C37H72NO8P,missing,mapped,mapped,CHEBI:136147,ChEBI,CHEBI:136147,C:\biological\Metabolic model prediction\Yeast-MetaTwin-zenodo\Data\database\chebi_id_smiles.csv,exact_chebi_id,high,1,exact_ymdb_id|exact_metanetx_id|exact_chebi_id
MODEL_CMPD:0001646,s_3152,"phosphatidylethanolamine (1-18:0, 2-16:1)",C39H76NO8P,missing,mapped,mapped,CHEBI:136155,ChEBI,CHEBI:136155,C:\biological\Metabolic model prediction\Yeast-MetaTwin-zenodo\Data\database\chebi_id_smiles.csv,exact_chebi_id,high,1,exact_ymdb_id|exact_metanetx_id|exact_chebi_id
MODEL_CMPD:0001650,s_3156,"phosphatidylethanolamine (1-16:0, 2-18:1)",C39H76NO8P,missing,mapped,mapped,CHEBI:136148,ChEBI,CHEBI:136148,C:\biological\Metabolic model prediction\Yeast-MetaTwin-zenodo\Data\database\chebi_id_smiles.csv,exact_chebi_id,high,1,exact_ymdb_id|exact_metanetx_id|exact_chebi_id
MODEL_CMPD:0001652,s_3158,"phosphatidylethanolamine (1-16:1, 2-18:1)",C39H74NO8P,missing,mapped,mapped,CHEBI:90464,ChEBI,CHEBI:90464,C:\biological\Metabolic model prediction\Yeast-MetaTwin-zenodo\Data\database\chebi_id_smiles.csv,exact_chebi_id,high,1,exact_ymdb_id|exact_metanetx_id|exact_chebi_id
MODEL_CMPD:0001654,s_3160,"phosphatidylethanolamine (1-18:0, 2-18:1)",C41H80NO8P,missing,mapped,mapped,CHEBI:136162,ChEBI,CHEBI:136162,C:\biological\Metabolic model prediction\Yeast-MetaTwin-zenodo\Data\database\chebi_id_smiles.csv,exact_chebi_id,high,1,exact_ymdb_id|exact_metanetx_id|exact_chebi_id
MODEL_CMPD:0001656,s_3162,"phosphatidylethanolamine (1-18:1, 2-18:1)",C41H78NO8P,missing,mapped,mapped,CHEBI:136170,ChEBI,CHEBI:136170,C:\biological\Metabolic model prediction\Yeast-MetaTwin-zenodo\Data\database\chebi_id_smiles.csv,exact_chebi_id,high,1,exact_ymdb_id|exact_metanetx_id|exact_chebi_id
MODEL_CMPD:0001660,s_3166,"phosphatidylethanolamine (1-16:0, 2-16:1)",C37H72NO8P,missing,mapped,mapped,CHEBI:136147,ChEBI,CHEBI:136147,C:\biological\Metabolic model prediction\Yeast-MetaTwin-zenodo\Data\database\chebi_id_smiles.csv,exact_chebi_id,high,1,exact_ymdb_id|exact_metanetx_id|exact_chebi_id
MODEL_CMPD:0001664,s_3170,"phosphatidylethanolamine (1-18:0, 2-16:1)",C39H76NO8P,missing,mapped,mapped,CHEBI:136155,ChEBI,CHEBI:136155,C:\biological\Metabolic model prediction\Yeast-MetaTwin-zenodo\Data\database\chebi_id_smiles.csv,exact_chebi_id,high,1,exact_ymdb_id|exact_metanetx_id|exact_chebi_id
MODEL_CMPD:0001668,s_3174,"phosphatidylethanolamine (1-16:0, 2-18:1)",C39H76NO8P,missing,mapped,mapped,CHEBI:136148,ChEBI,CHEBI:136148,C:\biological\Metabolic model prediction\Yeast-MetaTwin-zenodo\Data\database\chebi_id_smiles.csv,exact_chebi_id,high,1,exact_ymdb_id|exact_metanetx_id|exact_chebi_id
MODEL_CMPD:0001670,s_3176,"phosphatidylethanolamine (1-16:1, 2-18:1)",C39H74NO8P,missing,mapped,mapped,CHEBI:90464,ChEBI,CHEBI:90464,C:\biological\Metabolic model prediction\Yeast-MetaTwin-zenodo\Data\database\chebi_id_smiles.csv,exact_chebi_id,high,1,exact_ymdb_id|exact_metanetx_id|exact_chebi_id
MODEL_CMPD:0001672,s_3178,"phosphatidylethanolamine (1-18:0, 2-18:1)",C41H80NO8P,missing,mapped,mapped,CHEBI:136162,ChEBI,CHEBI:136162,C:\biological\Metabolic model prediction\Yeast-MetaTwin-zenodo\Data\database\chebi_id_smiles.csv,exact_chebi_id,high,1,exact_ymdb_id|exact_metanetx_id|exact_chebi_id
MODEL_CMPD:0001674,s_3180,"phosphatidylethanolamine (1-18:1, 2-18:1)",C41H78NO8P,missing,mapped,mapped,CHEBI:136170,ChEBI,CHEBI:136170,C:\biological\Metabolic model prediction\Yeast-MetaTwin-zenodo\Data\database\chebi_id_smiles.csv,exact_chebi_id,high,1,exact_ymdb_id|exact_metanetx_id|exact_chebi_id
MODEL_CMPD:0001675,s_3181,"phosphatidylethanolamine (1-16:0, 2-16:1)",C37H72NO8P,missing,mapped,mapped,CHEBI:136147,ChEBI,CHEBI:136147,C:\biological\Metabolic model prediction\Yeast-MetaTwin-zenodo\Data\database\chebi_id_smiles.csv,exact_chebi_id,high,1,exact_ymdb_id|exact_metanetx_id|exact_chebi_id
MODEL_CMPD:0001678,s_3184,"phosphatidyl-N-methylethanolamine (1-16:0, 2-16:1)",C38H74NO8P,missing,unresolved,local_key_space_exhausted,,,,,,,0,exact_ymdb_id|exact_metanetx_id|exact_chebi_id|exact_kegg_id|exact_pubchem_cid_via_chebi_sdf|unique_normalized_name
MODEL_CMPD:0001680,s_3186,"phosphatidyl-N-methylethanolamine (1-16:1, 2-16:1)",C38H72NO8P,missing,unresolved,local_key_space_exhausted,,,,,,,0,exact_ymdb_id|exact_metanetx_id|exact_chebi_id|exact_kegg_id|exact_pubchem_cid_via_chebi_sdf|unique_normalized_name
MODEL_CMPD:0001681,s_3187,"phosphatidylethanolamine (1-18:0, 2-16:1)",C39H76NO8P,missing,mapped,mapped,CHEBI:136155,ChEBI,CHEBI:136155,C:\biological\Metabolic model prediction\Yeast-MetaTwin-zenodo\Data\database\chebi_id_smiles.csv,exact_chebi_id,high,1,exact_ymdb_id|exact_metanetx_id|exact_chebi_id
MODEL_CMPD:0001682,s_3188,"phosphatidyl-N-methylethanolamine (1-18:0, 2-16:1)",C40H78NO8P,missing,unresolved,local_key_space_exhausted,,,,,,,0,exact_ymdb_id|exact_metanetx_id|exact_chebi_id|exact_kegg_id|exact_pubchem_cid_via_chebi_sdf|unique_normalized_name
MODEL_CMPD:0001684,s_3190,"phosphatidyl-N-methylethanolamine (1-18:1, 2-16:1)",C40H76NO8P,missing,unresolved,local_key_space_exhausted,,,,,,,0,exact_ymdb_id|exact_metanetx_id|exact_chebi_id|exact_kegg_id|exact_pubchem_cid_via_chebi_sdf|unique_normalized_name
MODEL_CMPD:0001685,s_3191,"phosphatidylethanolamine (1-16:0, 2-18:1)",C39H76NO8P,missing,mapped,mapped,CHEBI:136148,ChEBI,CHEBI:136148,C:\biological\Metabolic model prediction\Yeast-MetaTwin-zenodo\Data\database\chebi_id_smiles.csv,exact_chebi_id,high,1,exact_ymdb_id|exact_metanetx_id|exact_chebi_id
MODEL_CMPD:0001686,s_3192,"phosphatidyl-N-methylethanolamine (1-16:0, 2-18:1)",C40H78NO8P,missing,unresolved,local_key_space_exhausted,,,,,,,0,exact_ymdb_id|exact_metanetx_id|exact_chebi_id|exact_kegg_id|exact_pubchem_cid_via_chebi_sdf|unique_normalized_name
MODEL_CMPD:0001687,s_3193,"phosphatidylethanolamine (1-16:1, 2-18:1)",C39H74NO8P,missing,mapped,mapped,CHEBI:90464,ChEBI,CHEBI:90464,C:\biological\Metabolic model prediction\Yeast-MetaTwin-zenodo\Data\database\chebi_id_smiles.csv,exact_chebi_id,high,1,exact_ymdb_id|exact_metanetx_id|exact_chebi_id
MODEL_CMPD:0001688,s_3194,"phosphatidyl-N-methylethanolamine (1-16:1, 2-18:1)",C40H76NO8P,missing,unresolved,local_key_space_exhausted,,,,,,,0,exact_ymdb_id|exact_metanetx_id|exact_chebi_id|exact_kegg_id|exact_pubchem_cid_via_chebi_sdf|unique_normalized_name
MODEL_CMPD:0001689,s_3195,"phosphatidylethanolamine (1-18:0, 2-18:1)",C41H80NO8P,missing,mapped,mapped,CHEBI:136162,ChEBI,CHEBI:136162,C:\biological\Metabolic model prediction\Yeast-MetaTwin-zenodo\Data\database\chebi_id_smiles.csv,exact_chebi_id,high,1,exact_ymdb_id|exact_metanetx_id|exact_chebi_id
MODEL_CMPD:0001690,s_3196,"phosphatidyl-N-methylethanolamine (1-18:0, 2-18:1)",C42H82NO8P,missing,unresolved,local_key_space_exhausted,,,,,,,0,exact_ymdb_id|exact_metanetx_id|exact_chebi_id|exact_kegg_id|exact_pubchem_cid_via_chebi_sdf|unique_normalized_name
MODEL_CMPD:0001691,s_3197,"phosphatidylethanolamine (1-18:1, 2-18:1)",C41H78NO8P,missing,mapped,mapped,CHEBI:136170,ChEBI,CHEBI:136170,C:\biological\Metabolic model prediction\Yeast-MetaTwin-zenodo\Data\database\chebi_id_smiles.csv,exact_chebi_id,high,1,exact_ymdb_id|exact_metanetx_id|exact_chebi_id
MODEL_CMPD:0001693,s_3199,"phosphatidyl-N,N-dimethylethanolamine (1-16:0, 2-16:1)",C39H76NO8P,missing,unresolved,local_key_space_exhausted,,,,,,,0,exact_ymdb_id|exact_metanetx_id|exact_chebi_id|exact_kegg_id|exact_pubchem_cid_via_chebi_sdf|unique_normalized_name
MODEL_CMPD:0001694,s_3200,"phosphatidyl-N,N-dimethylethanolamine (1-16:1, 2-16:1)",C39H74NO8P,missing,unresolved,local_key_space_exhausted,,,,,,,0,exact_ymdb_id|exact_metanetx_id|exact_chebi_id|exact_kegg_id|exact_pubchem_cid_via_chebi_sdf|unique_normalized_name
MODEL_CMPD:0001695,s_3201,"phosphatidyl-N,N-dimethylethanolamine (1-18:0, 2-16:1)",C41H80NO8P,missing,unresolved,local_key_space_exhausted,,,,,,,0,exact_ymdb_id|exact_metanetx_id|exact_chebi_id|exact_kegg_id|exact_pubchem_cid_via_chebi_sdf|unique_normalized_name
MODEL_CMPD:0001696,s_3202,"phosphatidyl-N,N-dimethylethanolamine (1-18:1, 2-16:1)",C41H78NO8P,missing,unresolved,local_key_space_exhausted,,,,,,,0,exact_ymdb_id|exact_metanetx_id|exact_chebi_id|exact_kegg_id|exact_pubchem_cid_via_chebi_sdf|unique_normalized_name
MODEL_CMPD:0001697,s_3203,"phosphatidyl-N,N-dimethylethanolamine (1-16:0, 2-18:1)",C41H80NO8P,missing,unresolved,local_key_space_exhausted,,,,,,,0,exact_ymdb_id|exact_metanetx_id|exact_chebi_id|exact_kegg_id|exact_pubchem_cid_via_chebi_sdf|unique_normalized_name
MODEL_CMPD:0001698,s_3204,"phosphatidyl-N,N-dimethylethanolamine (1-16:1, 2-18:1)",C41H78NO8P,missing,unresolved,local_key_space_exhausted,,,,,,,0,exact_ymdb_id|exact_metanetx_id|exact_chebi_id|exact_kegg_id|exact_pubchem_cid_via_chebi_sdf|unique_normalized_name
MODEL_CMPD:0001699,s_3205,"phosphatidyl-N,N-dimethylethanolamine (1-18:0, 2-18:1)",C43H84NO8P,missing,unresolved,local_key_space_exhausted,,,,,,,0,exact_ymdb_id|exact_metanetx_id|exact_chebi_id|exact_kegg_id|exact_pubchem_cid_via_chebi_sdf|unique_normalized_name
MODEL_CMPD:0001701,s_3207,"phosphatidylcholine (1-16:0, 2-16:1)",C40H78NO8P,missing,mapped,mapped,CHEBI:134592,ChEBI,CHEBI:134592,C:\biological\Metabolic model prediction\Yeast-MetaTwin-zenodo\Data\database\chebi_id_smiles.csv,exact_chebi_id,high,1,exact_ymdb_id|exact_metanetx_id|exact_chebi_id
MODEL_CMPD:0001705,s_3211,"phosphatidylcholine (1-16:0, 2-18:1)",C42H82NO8P,missing,mapped,mapped,CHEBI:134594,ChEBI,CHEBI:134594,C:\biological\Metabolic model prediction\Yeast-MetaTwin-zenodo\Data\database\chebi_id_smiles.csv,exact_chebi_id,high,1,exact_ymdb_id|exact_metanetx_id|exact_chebi_id
MODEL_CMPD:0001714,s_3220,"3-(3-sn-phosphatidyl)-sn-glycerol 1-phosphate (1-16:0, 2-16:1)",C38H74O13P2,missing,unresolved,local_key_space_exhausted,,,,,,,0,exact_ymdb_id|exact_metanetx_id|exact_chebi_id|exact_kegg_id|exact_pubchem_cid_via_chebi_sdf|unique_normalized_name
MODEL_CMPD:0001715,s_3221,"3-(3-sn-phosphatidyl)-sn-glycerol 1-phosphate (1-16:1, 2-16:1)",C38H72O13P2,missing,unresolved,local_key_space_exhausted,,,,,,,0,exact_ymdb_id|exact_metanetx_id|exact_chebi_id|exact_kegg_id|exact_pubchem_cid_via_chebi_sdf|unique_normalized_name
MODEL_CMPD:0001716,s_3222,"3-(3-sn-phosphatidyl)-sn-glycerol 1-phosphate (1-18:0, 2-16:1)",C40H78O13P2,missing,unresolved,local_key_space_exhausted,,,,,,,0,exact_ymdb_id|exact_metanetx_id|exact_chebi_id|exact_kegg_id|exact_pubchem_cid_via_chebi_sdf|unique_normalized_name
MODEL_CMPD:0001717,s_3223,"3-(3-sn-phosphatidyl)-sn-glycerol 1-phosphate (1-18:1, 2-16:1)",C40H76O13P2,missing,unresolved,local_key_space_exhausted,,,,,,,0,exact_ymdb_id|exact_metanetx_id|exact_chebi_id|exact_kegg_id|exact_pubchem_cid_via_chebi_sdf|unique_normalized_name
MODEL_CMPD:0001719,s_3225,"3-(3-sn-phosphatidyl)-sn-glycerol 1-phosphate (1-16:1, 2-18:1)",C40H76O13P2,missing,unresolved,local_key_space_exhausted,,,,,,,0,exact_ymdb_id|exact_metanetx_id|exact_chebi_id|exact_kegg_id|exact_pubchem_cid_via_chebi_sdf|unique_normalized_name
MODEL_CMPD:0001721,s_3227,"phosphatidylglycerol (1-16:0, 2-16:1)",C38H73O10P,missing,mapped,mapped,CHEBI:136224,ChEBI,CHEBI:136224,C:\biological\Metabolic model prediction\Yeast-MetaTwin-zenodo\Data\database\chebi_id_smiles.csv,exact_chebi_id,high,1,exact_ymdb_id|exact_metanetx_id|exact_chebi_id
MODEL_CMPD:0001723,s_3229,"phosphatidylglycerol (1-16:1, 2-16:1)",C38H71O10P,missing,unresolved,local_key_space_exhausted,,,,,,,0,exact_ymdb_id|exact_metanetx_id|exact_chebi_id|exact_kegg_id|exact_pubchem_cid_via_chebi_sdf|unique_normalized_name
MODEL_CMPD:0001724,s_3230,"phosphatidylglycerol (1-18:0, 2-16:1)",C40H77O10P,missing,unresolved,local_key_space_exhausted,,,,,,,0,exact_ymdb_id|exact_metanetx_id|exact_chebi_id|exact_kegg_id|exact_pubchem_cid_via_chebi_sdf|unique_normalized_name
MODEL_CMPD:0001725,s_3231,"phosphatidylglycerol (1-18:1, 2-16:1)",C40H75O10P,missing,unresolved,local_key_space_exhausted,,,,,,,0,exact_ymdb_id|exact_metanetx_id|exact_chebi_id|exact_kegg_id|exact_pubchem_cid_via_chebi_sdf|unique_normalized_name
MODEL_CMPD:0001727,s_3233,"phosphatidylglycerol (1-16:1, 2-18:1)",C40H75O10P,missing,unresolved,local_key_space_exhausted,,,,,,,0,exact_ymdb_id|exact_metanetx_id|exact_chebi_id|exact_kegg_id|exact_pubchem_cid_via_chebi_sdf|unique_normalized_name
MODEL_CMPD:0001734,s_3240,"cardiolipin (1-16:1, 2-16:1, 3-16:0, 4-16:1)",C73H136O17P2,missing,unresolved,local_key_space_exhausted,,,,,,,0,exact_ymdb_id|exact_metanetx_id|exact_chebi_id|exact_kegg_id|exact_pubchem_cid_via_chebi_sdf|unique_normalized_name
MODEL_CMPD:0001736,s_3242,"cardiolipin (1-16:1, 2-16:1, 3-18:0, 4-16:1)",C75H140O17P2,missing,unresolved,local_key_space_exhausted,,,,,,,0,exact_ymdb_id|exact_metanetx_id|exact_chebi_id|exact_kegg_id|exact_pubchem_cid_via_chebi_sdf|unique_normalized_name
MODEL_CMPD:0001738,s_3244,"cardiolipin (1-16:1, 2-16:1, 3-16:0, 4-18:1)",C75H140O17P2,missing,unresolved,local_key_space_exhausted,,,,,,,0,exact_ymdb_id|exact_metanetx_id|exact_chebi_id|exact_kegg_id|exact_pubchem_cid_via_chebi_sdf|unique_normalized_name
MODEL_CMPD:0001740,s_3246,"cardiolipin (1-18:0, 2-16:1, 3-16:0, 4-16:1)",C75H142O17P2,missing,unresolved,local_key_space_exhausted,,,,,,,0,exact_ymdb_id|exact_metanetx_id|exact_chebi_id|exact_kegg_id|exact_pubchem_cid_via_chebi_sdf|unique_normalized_name
MODEL_CMPD:0001741,s_3247,"cardiolipin (1-18:0, 2-16:1, 3-16:1, 4-16:1)",C75H140O17P2,missing,unresolved,local_key_space_exhausted,,,,,,,0,exact_ymdb_id|exact_metanetx_id|exact_chebi_id|exact_kegg_id|exact_pubchem_cid_via_chebi_sdf|unique_normalized_name
MODEL_CMPD:0001742,s_3248,"cardiolipin (1-18:0, 2-16:1, 3-18:0, 4-16:1)",C77H146O17P2,missing,unresolved,local_key_space_exhausted,,,,,,,0,exact_ymdb_id|exact_metanetx_id|exact_chebi_id|exact_kegg_id|exact_pubchem_cid_via_chebi_sdf|unique_normalized_name
MODEL_CMPD:0001743,s_3249,"cardiolipin (1-18:0, 2-16:1, 3-18:1, 4-16:1)",C77H144O17P2,missing,unresolved,local_key_space_exhausted,,,,,,,0,exact_ymdb_id|exact_metanetx_id|exact_chebi_id|exact_kegg_id|exact_pubchem_cid_via_chebi_sdf|unique_normalized_name
MODEL_CMPD:0001744,s_3250,"cardiolipin (1-18:0, 2-16:1, 3-16:0, 4-18:1)",C77H146O17P2,missing,unresolved,local_key_space_exhausted,,,,,,,0,exact_ymdb_id|exact_metanetx_id|exact_chebi_id|exact_kegg_id|exact_pubchem_cid_via_chebi_sdf|unique_normalized_name
MODEL_CMPD:0001745,s_3251,"cardiolipin (1-18:0, 2-16:1, 3-16:1, 4-18:1)",C77H144O17P2,missing,unresolved,local_key_space_exhausted,,,,,,,0,exact_ymdb_id|exact_metanetx_id|exact_chebi_id|exact_kegg_id|exact_pubchem_cid_via_chebi_sdf|unique_normalized_name
MODEL_CMPD:0001746,s_3252,"cardiolipin (1-18:1, 2-16:1, 3-16:0, 4-16:1)",C75H140O17P2,missing,unresolved,local_key_space_exhausted,,,,,,,0,exact_ymdb_id|exact_metanetx_id|exact_chebi_id|exact_kegg_id|exact_pubchem_cid_via_chebi_sdf|unique_normalized_name
MODEL_CMPD:0001747,s_3253,"cardiolipin (1-18:1, 2-16:1, 3-16:1, 4-16:1)",C75H138O17P2,missing,unresolved,local_key_space_exhausted,,,,,,,0,exact_ymdb_id|exact_metanetx_id|exact_chebi_id|exact_kegg_id|exact_pubchem_cid_via_chebi_sdf|unique_normalized_name
MODEL_CMPD:0001748,s_3254,"cardiolipin (1-18:1, 2-16:1, 3-18:0, 4-16:1)",C77H144O17P2,missing,unresolved,local_key_space_exhausted,,,,,,,0,exact_ymdb_id|exact_metanetx_id|exact_chebi_id|exact_kegg_id|exact_pubchem_cid_via_chebi_sdf|unique_normalized_name
MODEL_CMPD:0001749,s_3255,"cardiolipin (1-18:1, 2-16:1, 3-18:1, 4-16:1)",C77H142O17P2,missing,unresolved,local_key_space_exhausted,,,,,,,0,exact_ymdb_id|exact_metanetx_id|exact_chebi_id|exact_kegg_id|exact_pubchem_cid_via_chebi_sdf|unique_normalized_name
MODEL_CMPD:0001750,s_3256,"cardiolipin (1-18:1, 2-16:1, 3-16:0, 4-18:1)",C77H144O17P2,missing,unresolved,local_key_space_exhausted,,,,,,,0,exact_ymdb_id|exact_metanetx_id|exact_chebi_id|exact_kegg_id|exact_pubchem_cid_via_chebi_sdf|unique_normalized_name
MODEL_CMPD:0001751,s_3257,"cardiolipin (1-18:1, 2-16:1, 3-16:1, 4-18:1)",C77H142O17P2,missing,unresolved,local_key_space_exhausted,,,,,,,0,exact_ymdb_id|exact_metanetx_id|exact_chebi_id|exact_kegg_id|exact_pubchem_cid_via_chebi_sdf|unique_normalized_name
MODEL_CMPD:0001752,s_3258,"cardiolipin (1-16:0, 2-18:1, 3-16:0, 4-16:1)",C75H142O17P2,missing,unresolved,local_key_space_exhausted,,,,,,,0,exact_ymdb_id|exact_metanetx_id|exact_chebi_id|exact_kegg_id|exact_pubchem_cid_via_chebi_sdf|unique_normalized_name
MODEL_CMPD:0001754,s_3260,"cardiolipin (1-16:0, 2-18:1, 3-18:0, 4-16:1)",C77H146O17P2,missing,unresolved,local_key_space_exhausted,,,,,,,0,exact_ymdb_id|exact_metanetx_id|exact_chebi_id|exact_kegg_id|exact_pubchem_cid_via_chebi_sdf|unique_normalized_name
MODEL_CMPD:0001756,s_3262,"cardiolipin (1-16:0, 2-18:1, 3-16:0, 4-18:1)",C77H146O17P2,missing,unresolved,local_key_space_exhausted,,,,,,,0,exact_ymdb_id|exact_metanetx_id|exact_chebi_id|exact_kegg_id|exact_pubchem_cid_via_chebi_sdf|unique_normalized_name
MODEL_CMPD:0001758,s_3264,"cardiolipin (1-16:1, 2-18:1, 3-16:0, 4-16:1)",C75H140O17P2,missing,unresolved,local_key_space_exhausted,,,,,,,0,exact_ymdb_id|exact_metanetx_id|exact_chebi_id|exact_kegg_id|exact_pubchem_cid_via_chebi_sdf|unique_normalized_name
MODEL_CMPD:0001759,s_3265,"cardiolipin (1-16:1, 2-18:1, 3-16:1, 4-16:1)",C75H138O17P2,missing,unresolved,local_key_space_exhausted,,,,,,,0,exact_ymdb_id|exact_metanetx_id|exact_chebi_id|exact_kegg_id|exact_pubchem_cid_via_chebi_sdf|unique_normalized_name
MODEL_CMPD:0001760,s_3266,"cardiolipin (1-16:1, 2-18:1, 3-18:0, 4-16:1)",C77H144O17P2,missing,unresolved,local_key_space_exhausted,,,,,,,0,exact_ymdb_id|exact_metanetx_id|exact_chebi_id|exact_kegg_id|exact_pubchem_cid_via_chebi_sdf|unique_normalized_name
MODEL_CMPD:0001761,s_3267,"cardiolipin (1-16:1, 2-18:1, 3-18:1, 4-16:1)",C77H142O17P2,missing,unresolved,local_key_space_exhausted,,,,,,,0,exact_ymdb_id|exact_metanetx_id|exact_chebi_id|exact_kegg_id|exact_pubchem_cid_via_chebi_sdf|unique_normalized_name
MODEL_CMPD:0001762,s_3268,"cardiolipin (1-16:1, 2-18:1, 3-16:0, 4-18:1)",C77H144O17P2,missing,unresolved,local_key_space_exhausted,,,,,,,0,exact_ymdb_id|exact_metanetx_id|exact_chebi_id|exact_kegg_id|exact_pubchem_cid_via_chebi_sdf|unique_normalized_name
MODEL_CMPD:0001763,s_3269,"cardiolipin (1-16:1, 2-18:1, 3-16:1, 4-18:1)",C77H142O17P2,missing,unresolved,local_key_space_exhausted,,,,,,,0,exact_ymdb_id|exact_metanetx_id|exact_chebi_id|exact_kegg_id|exact_pubchem_cid_via_chebi_sdf|unique_normalized_name
MODEL_CMPD:0001764,s_3270,"monolysocardiolipin (2-16:1, 3-16:0, 4-16:1)",C57H108O16P2,missing,unresolved,local_key_space_exhausted,,,,,,,0,exact_ymdb_id|exact_metanetx_id|exact_chebi_id|exact_kegg_id|exact_pubchem_cid_via_chebi_sdf|unique_normalized_name
MODEL_CMPD:0001766,s_3272,"monolysocardiolipin (2-16:1, 3-16:1, 4-16:1)",C57H106O16P2,missing,unresolved,local_key_space_exhausted,,,,,,,0,exact_ymdb_id|exact_metanetx_id|exact_chebi_id|exact_kegg_id|exact_pubchem_cid_via_chebi_sdf|unique_normalized_name
MODEL_CMPD:0001767,s_3273,"monolysocardiolipin (2-16:1, 3-18:0, 4-16:1)",C59H112O16P2,missing,unresolved,local_key_space_exhausted,,,,,,,0,exact_ymdb_id|exact_metanetx_id|exact_chebi_id|exact_kegg_id|exact_pubchem_cid_via_chebi_sdf|unique_normalized_name
MODEL_CMPD:0001768,s_3274,"monolysocardiolipin (2-16:1, 3-18:1, 4-16:1)",C59H110O16P2,missing,unresolved,local_key_space_exhausted,,,,,,,0,exact_ymdb_id|exact_metanetx_id|exact_chebi_id|exact_kegg_id|exact_pubchem_cid_via_chebi_sdf|unique_normalized_name
MODEL_CMPD:0001769,s_3275,"monolysocardiolipin (2-16:1, 3-16:0, 4-18:1)",C59H112O16P2,missing,unresolved,local_key_space_exhausted,,,,,,,0,exact_ymdb_id|exact_metanetx_id|exact_chebi_id|exact_kegg_id|exact_pubchem_cid_via_chebi_sdf|unique_normalized_name
MODEL_CMPD:0001770,s_3276,"monolysocardiolipin (2-16:1, 3-16:1, 4-18:1)",C59H110O16P2,missing,unresolved,local_key_space_exhausted,,,,,,,0,exact_ymdb_id|exact_metanetx_id|exact_chebi_id|exact_kegg_id|exact_pubchem_cid_via_chebi_sdf|unique_normalized_name
MODEL_CMPD:0001772,s_3278,"monolysocardiolipin (2-18:1, 3-16:0, 4-16:1)",C59H112O16P2,missing,unresolved,local_key_space_exhausted,,,,,,,0,exact_ymdb_id|exact_metanetx_id|exact_chebi_id|exact_kegg_id|exact_pubchem_cid_via_chebi_sdf|unique_normalized_name
MODEL_CMPD:0001773,s_3279,"monolysocardiolipin (2-18:1, 3-16:1, 4-16:1)",C59H110O16P2,missing,unresolved,local_key_space_exhausted,,,,,,,0,exact_ymdb_id|exact_metanetx_id|exact_chebi_id|exact_kegg_id|exact_pubchem_cid_via_chebi_sdf|unique_normalized_name
MODEL_CMPD:0001774,s_3280,"monolysocardiolipin (2-18:1, 3-18:0, 4-16:1)",C61H116O16P2,missing,unresolved,local_key_space_exhausted,,,,,,,0,exact_ymdb_id|exact_metanetx_id|exact_chebi_id|exact_kegg_id|exact_pubchem_cid_via_chebi_sdf|unique_normalized_name
MODEL_CMPD:0001775,s_3281,"monolysocardiolipin (2-18:1, 3-18:1, 4-16:1)",C61H114O16P2,missing,unresolved,local_key_space_exhausted,,,,,,,0,exact_ymdb_id|exact_metanetx_id|exact_chebi_id|exact_kegg_id|exact_pubchem_cid_via_chebi_sdf|unique_normalized_name
MODEL_CMPD:0001776,s_3282,"monolysocardiolipin (2-18:1, 3-16:0, 4-18:1)",C61H116O16P2,missing,unresolved,local_key_space_exhausted,,,,,,,0,exact_ymdb_id|exact_metanetx_id|exact_chebi_id|exact_kegg_id|exact_pubchem_cid_via_chebi_sdf|unique_normalized_name
MODEL_CMPD:0001777,s_3283,"monolysocardiolipin (2-18:1, 3-16:1, 4-18:1)",C61H114O16P2,missing,unresolved,local_key_space_exhausted,,,,,,,0,exact_ymdb_id|exact_metanetx_id|exact_chebi_id|exact_kegg_id|exact_pubchem_cid_via_chebi_sdf|unique_normalized_name
MODEL_CMPD:0001778,s_3284,"monolysocardiolipin (1-16:0, 2-16:1, 4-16:1)",C57H108O16P2,missing,unresolved,local_key_space_exhausted,,,,,,,0,exact_ymdb_id|exact_metanetx_id|exact_chebi_id|exact_kegg_id|exact_pubchem_cid_via_chebi_sdf|unique_normalized_name
MODEL_CMPD:0001779,s_3285,"monolysocardiolipin (1-16:0, 2-16:1, 4-18:1)",C59H112O16P2,missing,unresolved,local_key_space_exhausted,,,,,,,0,exact_ymdb_id|exact_metanetx_id|exact_chebi_id|exact_kegg_id|exact_pubchem_cid_via_chebi_sdf|unique_normalized_name
MODEL_CMPD:0001780,s_3286,"monolysocardiolipin (1-16:1, 2-16:1, 4-16:1)",C57H106O16P2,missing,unresolved,local_key_space_exhausted,,,,,,,0,exact_ymdb_id|exact_metanetx_id|exact_chebi_id|exact_kegg_id|exact_pubchem_cid_via_chebi_sdf|unique_normalized_name
MODEL_CMPD:0001781,s_3287,"monolysocardiolipin (1-16:1, 2-16:1, 4-18:1)",C59H110O16P2,missing,unresolved,local_key_space_exhausted,,,,,,,0,exact_ymdb_id|exact_metanetx_id|exact_chebi_id|exact_kegg_id|exact_pubchem_cid_via_chebi_sdf|unique_normalized_name
MODEL_CMPD:0001782,s_3288,"monolysocardiolipin (1-18:0, 2-16:1, 4-16:1)",C59H112O16P2,missing,unresolved,local_key_space_exhausted,,,,,,,0,exact_ymdb_id|exact_metanetx_id|exact_chebi_id|exact_kegg_id|exact_pubchem_cid_via_chebi_sdf|unique_normalized_name
MODEL_CMPD:0001783,s_3289,"monolysocardiolipin (1-18:0, 2-16:1, 4-18:1)",C61H116O16P2,missing,unresolved,local_key_space_exhausted,,,,,,,0,exact_ymdb_id|exact_metanetx_id|exact_chebi_id|exact_kegg_id|exact_pubchem_cid_via_chebi_sdf|unique_normalized_name
MODEL_CMPD:0001784,s_3290,"monolysocardiolipin (1-18:1, 2-16:1, 4-16:1)",C59H110O16P2,missing,unresolved,local_key_space_exhausted,,,,,,,0,exact_ymdb_id|exact_metanetx_id|exact_chebi_id|exact_kegg_id|exact_pubchem_cid_via_chebi_sdf|unique_normalized_name
MODEL_CMPD:0001785,s_3291,"monolysocardiolipin (1-18:1, 2-16:1, 4-18:1)",C61H114O16P2,missing,unresolved,local_key_space_exhausted,,,,,,,0,exact_ymdb_id|exact_metanetx_id|exact_chebi_id|exact_kegg_id|exact_pubchem_cid_via_chebi_sdf|unique_normalized_name
MODEL_CMPD:0001786,s_3292,"monolysocardiolipin (1-16:0, 2-18:1, 4-16:1)",C59H112O16P2,missing,unresolved,local_key_space_exhausted,,,,,,,0,exact_ymdb_id|exact_metanetx_id|exact_chebi_id|exact_kegg_id|exact_pubchem_cid_via_chebi_sdf|unique_normalized_name
MODEL_CMPD:0001787,s_3293,"monolysocardiolipin (1-16:0, 2-18:1, 4-18:1)",C61H116O16P2,missing,unresolved,local_key_space_exhausted,,,,,,,0,exact_ymdb_id|exact_metanetx_id|exact_chebi_id|exact_kegg_id|exact_pubchem_cid_via_chebi_sdf|unique_normalized_name
MODEL_CMPD:0001788,s_3294,"monolysocardiolipin (1-16:1, 2-18:1, 4-16:1)",C59H110O16P2,missing,unresolved,local_key_space_exhausted,,,,,,,0,exact_ymdb_id|exact_metanetx_id|exact_chebi_id|exact_kegg_id|exact_pubchem_cid_via_chebi_sdf|unique_normalized_name
MODEL_CMPD:0001789,s_3295,"monolysocardiolipin (1-16:1, 2-18:1, 4-18:1)",C61H114O16P2,missing,unresolved,local_key_space_exhausted,,,,,,,0,exact_ymdb_id|exact_metanetx_id|exact_chebi_id|exact_kegg_id|exact_pubchem_cid_via_chebi_sdf|unique_normalized_name
MODEL_CMPD:0001790,s_3296,"phosphatidylcholine (1-16:0, 2-16:1)",C40H78NO8P,missing,mapped,mapped,CHEBI:134592,ChEBI,CHEBI:134592,C:\biological\Metabolic model prediction\Yeast-MetaTwin-zenodo\Data\database\chebi_id_smiles.csv,exact_chebi_id,high,1,exact_ymdb_id|exact_metanetx_id|exact_chebi_id
MODEL_CMPD:0001798,s_3304,"phosphatidylcholine (1-16:0, 2-18:1)",C42H82NO8P,missing,mapped,mapped,CHEBI:134594,ChEBI,CHEBI:134594,C:\biological\Metabolic model prediction\Yeast-MetaTwin-zenodo\Data\database\chebi_id_smiles.csv,exact_chebi_id,high,1,exact_ymdb_id|exact_metanetx_id|exact_chebi_id
MODEL_CMPD:0001802,s_3308,"cardiolipin (1-18:1, 2-18:1, 3-16:0, 4-16:1)",C77H144O17P2,missing,unresolved,local_key_space_exhausted,,,,,,,0,exact_ymdb_id|exact_metanetx_id|exact_chebi_id|exact_kegg_id|exact_pubchem_cid_via_chebi_sdf|unique_normalized_name
MODEL_CMPD:0001803,s_3309,"cardiolipin (1-18:1, 2-18:1, 3-16:1, 4-16:1)",C77H142O17P2,missing,unresolved,local_key_space_exhausted,,,,,,,0,exact_ymdb_id|exact_metanetx_id|exact_chebi_id|exact_kegg_id|exact_pubchem_cid_via_chebi_sdf|unique_normalized_name
MODEL_CMPD:0001804,s_3310,"cardiolipin (1-18:1, 2-18:1, 3-18:0, 4-16:1)",C79H148O17P2,missing,unresolved,local_key_space_exhausted,,,,,,,0,exact_ymdb_id|exact_metanetx_id|exact_chebi_id|exact_kegg_id|exact_pubchem_cid_via_chebi_sdf|unique_normalized_name
MODEL_CMPD:0001805,s_3311,"cardiolipin (1-18:1, 2-18:1, 3-18:1, 4-16:1)",C79H146O17P2,missing,unresolved,local_key_space_exhausted,,,,,,,0,exact_ymdb_id|exact_metanetx_id|exact_chebi_id|exact_kegg_id|exact_pubchem_cid_via_chebi_sdf|unique_normalized_name
MODEL_CMPD:0001806,s_3312,"cardiolipin (1-18:1, 2-18:1, 3-16:0, 4-18:1)",C79H148O17P2,missing,unresolved,local_key_space_exhausted,,,,,,,0,exact_ymdb_id|exact_metanetx_id|exact_chebi_id|exact_kegg_id|exact_pubchem_cid_via_chebi_sdf|unique_normalized_name
MODEL_CMPD:0001807,s_3313,"cardiolipin (1-18:1, 2-18:1, 3-16:1, 4-18:1)",C79H146O17P2,missing,unresolved,local_key_space_exhausted,,,,,,,0,exact_ymdb_id|exact_metanetx_id|exact_chebi_id|exact_kegg_id|exact_pubchem_cid_via_chebi_sdf|unique_normalized_name
MODEL_CMPD:0001808,s_3314,"cardiolipin (1-16:0, 2-16:1, 3-18:1, 4-18:1)",C77H144O17P2,missing,unresolved,local_key_space_exhausted,,,,,,,0,exact_ymdb_id|exact_metanetx_id|exact_chebi_id|exact_kegg_id|exact_pubchem_cid_via_chebi_sdf|unique_normalized_name
MODEL_CMPD:0001809,s_3315,"cardiolipin (1-16:1, 2-16:1, 3-18:1, 4-18:1)",C77H142O17P2,missing,unresolved,local_key_space_exhausted,,,,,,,0,exact_ymdb_id|exact_metanetx_id|exact_chebi_id|exact_kegg_id|exact_pubchem_cid_via_chebi_sdf|unique_normalized_name
MODEL_CMPD:0001810,s_3316,"cardiolipin (1-18:0, 2-16:1, 3-18:1, 4-18:1)",C79H148O17P2,missing,unresolved,local_key_space_exhausted,,,,,,,0,exact_ymdb_id|exact_metanetx_id|exact_chebi_id|exact_kegg_id|exact_pubchem_cid_via_chebi_sdf|unique_normalized_name
MODEL_CMPD:0001811,s_3317,"cardiolipin (1-18:1, 2-16:1, 3-18:1, 4-18:1)",C79H146O17P2,missing,unresolved,local_key_space_exhausted,,,,,,,0,exact_ymdb_id|exact_metanetx_id|exact_chebi_id|exact_kegg_id|exact_pubchem_cid_via_chebi_sdf|unique_normalized_name
MODEL_CMPD:0001812,s_3318,"cardiolipin (1-16:0, 2-18:1, 3-18:1, 4-18:1)",C79H148O17P2,missing,unresolved,local_key_space_exhausted,,,,,,,0,exact_ymdb_id|exact_metanetx_id|exact_chebi_id|exact_kegg_id|exact_pubchem_cid_via_chebi_sdf|unique_normalized_name
MODEL_CMPD:0001813,s_3319,"cardiolipin (1-16:1, 2-18:1, 3-18:1, 4-18:1)",C79H146O17P2,missing,unresolved,local_key_space_exhausted,,,,,,,0,exact_ymdb_id|exact_metanetx_id|exact_chebi_id|exact_kegg_id|exact_pubchem_cid_via_chebi_sdf|unique_normalized_name
MODEL_CMPD:0001819,s_3325,"1-phosphatidyl-1D-myo-inositol 4-phosphate (1-16:0, 2-16:1)",C41H78O16P2,missing,unresolved,local_key_space_exhausted,,,,,,,0,exact_ymdb_id|exact_metanetx_id|exact_chebi_id|exact_kegg_id|exact_pubchem_cid_via_chebi_sdf|unique_normalized_name
MODEL_CMPD:0001820,s_3326,"1-phosphatidyl-1D-myo-inositol (1-16:1, 2-16:1)",C41H75O13P,missing,unresolved,local_key_space_exhausted,,,,,,,0,exact_ymdb_id|exact_metanetx_id|exact_chebi_id|exact_kegg_id|exact_pubchem_cid_via_chebi_sdf|unique_normalized_name
MODEL_CMPD:0001821,s_3327,"1-phosphatidyl-1D-myo-inositol 4-phosphate (1-16:1, 2-16:1)",C41H76O16P2,missing,unresolved,local_key_space_exhausted,,,,,,,0,exact_ymdb_id|exact_metanetx_id|exact_chebi_id|exact_kegg_id|exact_pubchem_cid_via_chebi_sdf|unique_normalized_name
MODEL_CMPD:0001823,s_3329,"1-phosphatidyl-1D-myo-inositol 4-phosphate (1-18:0, 2-16:1)",C43H82O16P2,missing,unresolved,local_key_space_exhausted,,,,,,,0,exact_ymdb_id|exact_metanetx_id|exact_chebi_id|exact_kegg_id|exact_pubchem_cid_via_chebi_sdf|unique_normalized_name
MODEL_CMPD:0001824,s_3330,"1-phosphatidyl-1D-myo-inositol (1-18:1, 2-16:1)",C43H79O13P,missing,unresolved,local_key_space_exhausted,,,,,,,0,exact_ymdb_id|exact_metanetx_id|exact_chebi_id|exact_kegg_id|exact_pubchem_cid_via_chebi_sdf|unique_normalized_name
MODEL_CMPD:0001825,s_3331,"1-phosphatidyl-1D-myo-inositol 4-phosphate (1-18:1, 2-16:1)",C43H80O16P2,missing,unresolved,local_key_space_exhausted,,,,,,,0,exact_ymdb_id|exact_metanetx_id|exact_chebi_id|exact_kegg_id|exact_pubchem_cid_via_chebi_sdf|unique_normalized_name
MODEL_CMPD:0001827,s_3333,"1-phosphatidyl-1D-myo-inositol 4-phosphate (1-16:0, 2-18:1)",C43H82O16P2,missing,unresolved,local_key_space_exhausted,,,,,,,0,exact_ymdb_id|exact_metanetx_id|exact_chebi_id|exact_kegg_id|exact_pubchem_cid_via_chebi_sdf|unique_normalized_name
MODEL_CMPD:0001828,s_3334,"1-phosphatidyl-1D-myo-inositol (1-16:1, 2-18:1)",C43H79O13P,missing,unresolved,local_key_space_exhausted,,,,,,,0,exact_ymdb_id|exact_metanetx_id|exact_chebi_id|exact_kegg_id|exact_pubchem_cid_via_chebi_sdf|unique_normalized_name
MODEL_CMPD:0001829,s_3335,"1-phosphatidyl-1D-myo-inositol 4-phosphate (1-16:1, 2-18:1)",C43H80O16P2,missing,unresolved,local_key_space_exhausted,,,,,,,0,exact_ymdb_id|exact_metanetx_id|exact_chebi_id|exact_kegg_id|exact_pubchem_cid_via_chebi_sdf|unique_normalized_name
MODEL_CMPD:0001832,s_3338,"1-phosphatidyl-1D-myo-inositol (1-18:1, 2-18:1)",C45H83O13P,missing,unresolved,local_key_space_exhausted,,,,,,,0,exact_ymdb_id|exact_metanetx_id|exact_chebi_id|exact_kegg_id|exact_pubchem_cid_via_chebi_sdf|unique_normalized_name
MODEL_CMPD:0001833,s_3339,"1-phosphatidyl-1D-myo-inositol 4-phosphate (1-18:1, 2-18:1)",C45H84O16P2,missing,unresolved,local_key_space_exhausted,,,,,,,0,exact_ymdb_id|exact_metanetx_id|exact_chebi_id|exact_kegg_id|exact_pubchem_cid_via_chebi_sdf|unique_normalized_name
MODEL_CMPD:0001837,s_3343,"1-phosphatidyl-1D-myo-inositol 4-phosphate (1-16:0, 2-16:1)",C41H78O16P2,missing,unresolved,local_key_space_exhausted,,,,,,,0,exact_ymdb_id|exact_metanetx_id|exact_chebi_id|exact_kegg_id|exact_pubchem_cid_via_chebi_sdf|unique_normalized_name
MODEL_CMPD:0001838,s_3344,"1-phosphatidyl-1D-myo-inositol (1-16:1, 2-16:1)",C41H75O13P,missing,unresolved,local_key_space_exhausted,,,,,,,0,exact_ymdb_id|exact_metanetx_id|exact_chebi_id|exact_kegg_id|exact_pubchem_cid_via_chebi_sdf|unique_normalized_name
MODEL_CMPD:0001839,s_3345,"1-phosphatidyl-1D-myo-inositol 4-phosphate (1-16:1, 2-16:1)",C41H76O16P2,missing,unresolved,local_key_space_exhausted,,,,,,,0,exact_ymdb_id|exact_metanetx_id|exact_chebi_id|exact_kegg_id|exact_pubchem_cid_via_chebi_sdf|unique_normalized_name
MODEL_CMPD:0001841,s_3347,"1-phosphatidyl-1D-myo-inositol 4-phosphate (1-18:0, 2-16:1)",C43H82O16P2,missing,unresolved,local_key_space_exhausted,,,,,,,0,exact_ymdb_id|exact_metanetx_id|exact_chebi_id|exact_kegg_id|exact_pubchem_cid_via_chebi_sdf|unique_normalized_name
MODEL_CMPD:0001842,s_3348,"1-phosphatidyl-1D-myo-inositol (1-18:1, 2-16:1)",C43H79O13P,missing,unresolved,local_key_space_exhausted,,,,,,,0,exact_ymdb_id|exact_metanetx_id|exact_chebi_id|exact_kegg_id|exact_pubchem_cid_via_chebi_sdf|unique_normalized_name
MODEL_CMPD:0001843,s_3349,"1-phosphatidyl-1D-myo-inositol 4-phosphate (1-18:1, 2-16:1)",C43H80O16P2,missing,unresolved,local_key_space_exhausted,,,,,,,0,exact_ymdb_id|exact_metanetx_id|exact_chebi_id|exact_kegg_id|exact_pubchem_cid_via_chebi_sdf|unique_normalized_name
MODEL_CMPD:0001845,s_3351,"1-phosphatidyl-1D-myo-inositol 4-phosphate (1-16:0, 2-18:1)",C43H82O16P2,missing,unresolved,local_key_space_exhausted,,,,,,,0,exact_ymdb_id|exact_metanetx_id|exact_chebi_id|exact_kegg_id|exact_pubchem_cid_via_chebi_sdf|unique_normalized_name
MODEL_CMPD:0001846,s_3352,"1-phosphatidyl-1D-myo-inositol (1-16:1, 2-18:1)",C43H79O13P,missing,unresolved,local_key_space_exhausted,,,,,,,0,exact_ymdb_id|exact_metanetx_id|exact_chebi_id|exact_kegg_id|exact_pubchem_cid_via_chebi_sdf|unique_normalized_name
MODEL_CMPD:0001847,s_3353,"1-phosphatidyl-1D-myo-inositol 4-phosphate (1-16:1, 2-18:1)",C43H80O16P2,missing,unresolved,local_key_space_exhausted,,,,,,,0,exact_ymdb_id|exact_metanetx_id|exact_chebi_id|exact_kegg_id|exact_pubchem_cid_via_chebi_sdf|unique_normalized_name
MODEL_CMPD:0001850,s_3356,"1-phosphatidyl-1D-myo-inositol (1-18:1, 2-18:1)",C45H83O13P,missing,unresolved,local_key_space_exhausted,,,,,,,0,exact_ymdb_id|exact_metanetx_id|exact_chebi_id|exact_kegg_id|exact_pubchem_cid_via_chebi_sdf|unique_normalized_name
MODEL_CMPD:0001851,s_3357,"1-phosphatidyl-1D-myo-inositol 4-phosphate (1-18:1, 2-18:1)",C45H84O16P2,missing,unresolved,local_key_space_exhausted,,,,,,,0,exact_ymdb_id|exact_metanetx_id|exact_chebi_id|exact_kegg_id|exact_pubchem_cid_via_chebi_sdf|unique_normalized_name
MODEL_CMPD:0001855,s_3361,"1-phosphatidyl-1D-myo-inositol 4-phosphate (1-16:0, 2-16:1)",C41H78O16P2,missing,unresolved,local_key_space_exhausted,,,,,,,0,exact_ymdb_id|exact_metanetx_id|exact_chebi_id|exact_kegg_id|exact_pubchem_cid_via_chebi_sdf|unique_normalized_name
MODEL_CMPD:0001856,s_3362,"1-phosphatidyl-1D-myo-inositol (1-16:1, 2-16:1)",C41H75O13P,missing,unresolved,local_key_space_exhausted,,,,,,,0,exact_ymdb_id|exact_metanetx_id|exact_chebi_id|exact_kegg_id|exact_pubchem_cid_via_chebi_sdf|unique_normalized_name
MODEL_CMPD:0001857,s_3363,"1-phosphatidyl-1D-myo-inositol 4-phosphate (1-16:1, 2-16:1)",C41H76O16P2,missing,unresolved,local_key_space_exhausted,,,,,,,0,exact_ymdb_id|exact_metanetx_id|exact_chebi_id|exact_kegg_id|exact_pubchem_cid_via_chebi_sdf|unique_normalized_name
MODEL_CMPD:0001859,s_3365,"1-phosphatidyl-1D-myo-inositol 4-phosphate (1-18:0, 2-16:1)",C43H82O16P2,missing,unresolved,local_key_space_exhausted,,,,,,,0,exact_ymdb_id|exact_metanetx_id|exact_chebi_id|exact_kegg_id|exact_pubchem_cid_via_chebi_sdf|unique_normalized_name
MODEL_CMPD:0001860,s_3366,"1-phosphatidyl-1D-myo-inositol (1-18:1, 2-16:1)",C43H79O13P,missing,unresolved,local_key_space_exhausted,,,,,,,0,exact_ymdb_id|exact_metanetx_id|exact_chebi_id|exact_kegg_id|exact_pubchem_cid_via_chebi_sdf|unique_normalized_name
MODEL_CMPD:0001861,s_3367,"1-phosphatidyl-1D-myo-inositol 4-phosphate (1-18:1, 2-16:1)",C43H80O16P2,missing,unresolved,local_key_space_exhausted,,,,,,,0,exact_ymdb_id|exact_metanetx_id|exact_chebi_id|exact_kegg_id|exact_pubchem_cid_via_chebi_sdf|unique_normalized_name
MODEL_CMPD:0001863,s_3369,"1-phosphatidyl-1D-myo-inositol 4-phosphate (1-16:0, 2-18:1)",C43H82O16P2,missing,unresolved,local_key_space_exhausted,,,,,,,0,exact_ymdb_id|exact_metanetx_id|exact_chebi_id|exact_kegg_id|exact_pubchem_cid_via_chebi_sdf|unique_normalized_name
MODEL_CMPD:0001864,s_3370,"1-phosphatidyl-1D-myo-inositol (1-16:1, 2-18:1)",C43H79O13P,missing,unresolved,local_key_space_exhausted,,,,,,,0,exact_ymdb_id|exact_metanetx_id|exact_chebi_id|exact_kegg_id|exact_pubchem_cid_via_chebi_sdf|unique_normalized_name
MODEL_CMPD:0001865,s_3371,"1-phosphatidyl-1D-myo-inositol 4-phosphate (1-16:1, 2-18:1)",C43H80O16P2,missing,unresolved,local_key_space_exhausted,,,,,,,0,exact_ymdb_id|exact_metanetx_id|exact_chebi_id|exact_kegg_id|exact_pubchem_cid_via_chebi_sdf|unique_normalized_name
MODEL_CMPD:0001868,s_3374,"1-phosphatidyl-1D-myo-inositol (1-18:1, 2-18:1)",C45H83O13P,missing,unresolved,local_key_space_exhausted,,,,,,,0,exact_ymdb_id|exact_metanetx_id|exact_chebi_id|exact_kegg_id|exact_pubchem_cid_via_chebi_sdf|unique_normalized_name
MODEL_CMPD:0001869,s_3375,"1-phosphatidyl-1D-myo-inositol 4-phosphate (1-18:1, 2-18:1)",C45H84O16P2,missing,unresolved,local_key_space_exhausted,,,,,,,0,exact_ymdb_id|exact_metanetx_id|exact_chebi_id|exact_kegg_id|exact_pubchem_cid_via_chebi_sdf|unique_normalized_name
MODEL_CMPD:0001871,s_3377,"1-phosphatidyl-1D-myo-inositol 4-phosphate (1-16:0, 2-16:1)",C41H78O16P2,missing,unresolved,local_key_space_exhausted,,,,,,,0,exact_ymdb_id|exact_metanetx_id|exact_chebi_id|exact_kegg_id|exact_pubchem_cid_via_chebi_sdf|unique_normalized_name
MODEL_CMPD:0001872,s_3378,"1-phosphatidyl-1D-myo-inositol (1-16:1, 2-16:1)",C41H75O13P,missing,unresolved,local_key_space_exhausted,,,,,,,0,exact_ymdb_id|exact_metanetx_id|exact_chebi_id|exact_kegg_id|exact_pubchem_cid_via_chebi_sdf|unique_normalized_name
MODEL_CMPD:0001873,s_3379,"1-phosphatidyl-1D-myo-inositol 4-phosphate (1-16:1, 2-16:1)",C41H76O16P2,missing,unresolved,local_key_space_exhausted,,,,,,,0,exact_ymdb_id|exact_metanetx_id|exact_chebi_id|exact_kegg_id|exact_pubchem_cid_via_chebi_sdf|unique_normalized_name
MODEL_CMPD:0001875,s_3381,"1-phosphatidyl-1D-myo-inositol 4-phosphate (1-18:0, 2-16:1)",C43H82O16P2,missing,unresolved,local_key_space_exhausted,,,,,,,0,exact_ymdb_id|exact_metanetx_id|exact_chebi_id|exact_kegg_id|exact_pubchem_cid_via_chebi_sdf|unique_normalized_name
MODEL_CMPD:0001876,s_3382,"1-phosphatidyl-1D-myo-inositol (1-18:1, 2-16:1)",C43H79O13P,missing,unresolved,local_key_space_exhausted,,,,,,,0,exact_ymdb_id|exact_metanetx_id|exact_chebi_id|exact_kegg_id|exact_pubchem_cid_via_chebi_sdf|unique_normalized_name
MODEL_CMPD:0001877,s_3383,"1-phosphatidyl-1D-myo-inositol 4-phosphate (1-18:1, 2-16:1)",C43H80O16P2,missing,unresolved,local_key_space_exhausted,,,,,,,0,exact_ymdb_id|exact_metanetx_id|exact_chebi_id|exact_kegg_id|exact_pubchem_cid_via_chebi_sdf|unique_normalized_name
MODEL_CMPD:0001879,s_3385,"1-phosphatidyl-1D-myo-inositol 4-phosphate (1-16:0, 2-18:1)",C43H82O16P2,missing,unresolved,local_key_space_exhausted,,,,,,,0,exact_ymdb_id|exact_metanetx_id|exact_chebi_id|exact_kegg_id|exact_pubchem_cid_via_chebi_sdf|unique_normalized_name
MODEL_CMPD:0001880,s_3386,"1-phosphatidyl-1D-myo-inositol (1-16:1, 2-18:1)",C43H79O13P,missing,unresolved,local_key_space_exhausted,,,,,,,0,exact_ymdb_id|exact_metanetx_id|exact_chebi_id|exact_kegg_id|exact_pubchem_cid_via_chebi_sdf|unique_normalized_name
MODEL_CMPD:0001881,s_3387,"1-phosphatidyl-1D-myo-inositol 4-phosphate (1-16:1, 2-18:1)",C43H80O16P2,missing,unresolved,local_key_space_exhausted,,,,,,,0,exact_ymdb_id|exact_metanetx_id|exact_chebi_id|exact_kegg_id|exact_pubchem_cid_via_chebi_sdf|unique_normalized_name
MODEL_CMPD:0001884,s_3390,"1-phosphatidyl-1D-myo-inositol (1-18:1, 2-18:1)",C45H83O13P,missing,unresolved,local_key_space_exhausted,,,,,,,0,exact_ymdb_id|exact_metanetx_id|exact_chebi_id|exact_kegg_id|exact_pubchem_cid_via_chebi_sdf|unique_normalized_name
MODEL_CMPD:0001885,s_3391,"1-phosphatidyl-1D-myo-inositol 4-phosphate (1-18:1, 2-18:1)",C45H84O16P2,missing,unresolved,local_key_space_exhausted,,,,,,,0,exact_ymdb_id|exact_metanetx_id|exact_chebi_id|exact_kegg_id|exact_pubchem_cid_via_chebi_sdf|unique_normalized_name
MODEL_CMPD:0001886,s_3392,"1-phosphatidyl-1D-myo-inositol 3-phosphate (1-16:0, 2-16:1)",C41H78O16P2,missing,unresolved,local_key_space_exhausted,,,,,,,0,exact_ymdb_id|exact_metanetx_id|exact_chebi_id|exact_kegg_id|exact_pubchem_cid_via_chebi_sdf|unique_normalized_name
MODEL_CMPD:0001887,s_3393,"1-phosphatidyl-1D-myo-inositol 3-phosphate (1-16:1, 2-16:1)",C41H76O16P2,missing,unresolved,local_key_space_exhausted,,,,,,,0,exact_ymdb_id|exact_metanetx_id|exact_chebi_id|exact_kegg_id|exact_pubchem_cid_via_chebi_sdf|unique_normalized_name
MODEL_CMPD:0001888,s_3394,"1-phosphatidyl-1D-myo-inositol 3-phosphate (1-18:0, 2-16:1)",C43H82O16P2,missing,unresolved,local_key_space_exhausted,,,,,,,0,exact_ymdb_id|exact_metanetx_id|exact_chebi_id|exact_kegg_id|exact_pubchem_cid_via_chebi_sdf|unique_normalized_name
MODEL_CMPD:0001889,s_3395,"1-phosphatidyl-1D-myo-inositol 3-phosphate (1-18:1, 2-16:1)",C43H80O16P2,missing,unresolved,local_key_space_exhausted,,,,,,,0,exact_ymdb_id|exact_metanetx_id|exact_chebi_id|exact_kegg_id|exact_pubchem_cid_via_chebi_sdf|unique_normalized_name
MODEL_CMPD:0001890,s_3396,"1-phosphatidyl-1D-myo-inositol 3-phosphate (1-16:0, 2-18:1)",C43H82O16P2,missing,unresolved,local_key_space_exhausted,,,,,,,0,exact_ymdb_id|exact_metanetx_id|exact_chebi_id|exact_kegg_id|exact_pubchem_cid_via_chebi_sdf|unique_normalized_name
MODEL_CMPD:0001891,s_3397,"1-phosphatidyl-1D-myo-inositol 3-phosphate (1-16:1, 2-18:1)",C43H80O16P2,missing,unresolved,local_key_space_exhausted,,,,,,,0,exact_ymdb_id|exact_metanetx_id|exact_chebi_id|exact_kegg_id|exact_pubchem_cid_via_chebi_sdf|unique_normalized_name
MODEL_CMPD:0001894,s_3400,"1-phosphatidyl-1D-myo-inositol 4,5-bisphosphate (1-16:0, 2-16:1)",C41H79O19P3,missing,unresolved,local_key_space_exhausted,,,,,,,0,exact_ymdb_id|exact_metanetx_id|exact_chebi_id|exact_kegg_id|exact_pubchem_cid_via_chebi_sdf|unique_normalized_name
MODEL_CMPD:0001895,s_3401,"1-phosphatidyl-1D-myo-inositol 4,5-bisphosphate (1-16:1, 2-16:1)",C41H77O19P3,missing,unresolved,local_key_space_exhausted,,,,,,,0,exact_ymdb_id|exact_metanetx_id|exact_chebi_id|exact_kegg_id|exact_pubchem_cid_via_chebi_sdf|unique_normalized_name
MODEL_CMPD:0001896,s_3402,"1-phosphatidyl-1D-myo-inositol 4,5-bisphosphate (1-18:0, 2-16:1)",C43H83O19P3,missing,unresolved,local_key_space_exhausted,,,,,,,0,exact_ymdb_id|exact_metanetx_id|exact_chebi_id|exact_kegg_id|exact_pubchem_cid_via_chebi_sdf|unique_normalized_name
MODEL_CMPD:0001897,s_3403,"1-phosphatidyl-1D-myo-inositol 4,5-bisphosphate (1-18:1, 2-16:1)",C43H81O19P3,missing,unresolved,local_key_space_exhausted,,,,,,,0,exact_ymdb_id|exact_metanetx_id|exact_chebi_id|exact_kegg_id|exact_pubchem_cid_via_chebi_sdf|unique_normalized_name
MODEL_CMPD:0001898,s_3404,"1-phosphatidyl-1D-myo-inositol 4,5-bisphosphate (1-16:0, 2-18:1)",C43H83O19P3,missing,unresolved,local_key_space_exhausted,,,,,,,0,exact_ymdb_id|exact_metanetx_id|exact_chebi_id|exact_kegg_id|exact_pubchem_cid_via_chebi_sdf|unique_normalized_name
MODEL_CMPD:0001899,s_3405,"1-phosphatidyl-1D-myo-inositol 4,5-bisphosphate (1-16:1, 2-18:1)",C43H81O19P3,missing,unresolved,local_key_space_exhausted,,,,,,,0,exact_ymdb_id|exact_metanetx_id|exact_chebi_id|exact_kegg_id|exact_pubchem_cid_via_chebi_sdf|unique_normalized_name
MODEL_CMPD:0001901,s_3407,"1-phosphatidyl-1D-myo-inositol 4,5-bisphosphate (1-18:1, 2-18:1)",C45H85O19P3,missing,unresolved,local_key_space_exhausted,,,,,,,0,exact_ymdb_id|exact_metanetx_id|exact_chebi_id|exact_kegg_id|exact_pubchem_cid_via_chebi_sdf|unique_normalized_name
MODEL_CMPD:0001902,s_3408,"1-phosphatidyl-1D-myo-inositol 4,5-bisphosphate (1-16:0, 2-16:1)",C41H79O19P3,missing,unresolved,local_key_space_exhausted,,,,,,,0,exact_ymdb_id|exact_metanetx_id|exact_chebi_id|exact_kegg_id|exact_pubchem_cid_via_chebi_sdf|unique_normalized_name
MODEL_CMPD:0001903,s_3409,"1-phosphatidyl-1D-myo-inositol 4,5-bisphosphate (1-16:1, 2-16:1)",C41H77O19P3,missing,unresolved,local_key_space_exhausted,,,,,,,0,exact_ymdb_id|exact_metanetx_id|exact_chebi_id|exact_kegg_id|exact_pubchem_cid_via_chebi_sdf|unique_normalized_name
MODEL_CMPD:0001904,s_3410,"1-phosphatidyl-1D-myo-inositol 4,5-bisphosphate (1-18:0, 2-16:1)",C43H83O19P3,missing,unresolved,local_key_space_exhausted,,,,,,,0,exact_ymdb_id|exact_metanetx_id|exact_chebi_id|exact_kegg_id|exact_pubchem_cid_via_chebi_sdf|unique_normalized_name
MODEL_CMPD:0001905,s_3411,"1-phosphatidyl-1D-myo-inositol 4,5-bisphosphate (1-18:1, 2-16:1)",C43H81O19P3,missing,unresolved,local_key_space_exhausted,,,,,,,0,exact_ymdb_id|exact_metanetx_id|exact_chebi_id|exact_kegg_id|exact_pubchem_cid_via_chebi_sdf|unique_normalized_name
MODEL_CMPD:0001906,s_3412,"1-phosphatidyl-1D-myo-inositol 4,5-bisphosphate (1-16:0, 2-18:1)",C43H83O19P3,missing,unresolved,local_key_space_exhausted,,,,,,,0,exact_ymdb_id|exact_metanetx_id|exact_chebi_id|exact_kegg_id|exact_pubchem_cid_via_chebi_sdf|unique_normalized_name
MODEL_CMPD:0001907,s_3413,"1-phosphatidyl-1D-myo-inositol 4,5-bisphosphate (1-16:1, 2-18:1)",C43H81O19P3,missing,unresolved,local_key_space_exhausted,,,,,,,0,exact_ymdb_id|exact_metanetx_id|exact_chebi_id|exact_kegg_id|exact_pubchem_cid_via_chebi_sdf|unique_normalized_name
MODEL_CMPD:0001909,s_3415,"1-phosphatidyl-1D-myo-inositol 4,5-bisphosphate (1-18:1, 2-18:1)",C45H85O19P3,missing,unresolved,local_key_space_exhausted,,,,,,,0,exact_ymdb_id|exact_metanetx_id|exact_chebi_id|exact_kegg_id|exact_pubchem_cid_via_chebi_sdf|unique_normalized_name
MODEL_CMPD:0001910,s_3416,"1-phosphatidyl-1D-myo-inositol 3,5-bisphosphate (1-16:0, 2-16:1)",C41H79O19P3,missing,unresolved,local_key_space_exhausted,,,,,,,0,exact_ymdb_id|exact_metanetx_id|exact_chebi_id|exact_kegg_id|exact_pubchem_cid_via_chebi_sdf|unique_normalized_name
MODEL_CMPD:0001911,s_3417,"1-phosphatidyl-1D-myo-inositol 3,5-bisphosphate (1-16:1, 2-16:1)",C41H77O19P3,missing,unresolved,local_key_space_exhausted,,,,,,,0,exact_ymdb_id|exact_metanetx_id|exact_chebi_id|exact_kegg_id|exact_pubchem_cid_via_chebi_sdf|unique_normalized_name
MODEL_CMPD:0001912,s_3418,"1-phosphatidyl-1D-myo-inositol 3,5-bisphosphate (1-18:0, 2-16:1)",C43H83O19P3,missing,unresolved,local_key_space_exhausted,,,,,,,0,exact_ymdb_id|exact_metanetx_id|exact_chebi_id|exact_kegg_id|exact_pubchem_cid_via_chebi_sdf|unique_normalized_name
MODEL_CMPD:0001913,s_3419,"1-phosphatidyl-1D-myo-inositol 3,5-bisphosphate (1-18:1, 2-16:1)",C43H81O19P3,missing,unresolved,local_key_space_exhausted,,,,,,,0,exact_ymdb_id|exact_metanetx_id|exact_chebi_id|exact_kegg_id|exact_pubchem_cid_via_chebi_sdf|unique_normalized_name
MODEL_CMPD:0001914,s_3420,"1-phosphatidyl-1D-myo-inositol 3,5-bisphosphate (1-16:0, 2-18:1)",C43H83O19P3,missing,unresolved,local_key_space_exhausted,,,,,,,0,exact_ymdb_id|exact_metanetx_id|exact_chebi_id|exact_kegg_id|exact_pubchem_cid_via_chebi_sdf|unique_normalized_name
MODEL_CMPD:0001915,s_3421,"1-phosphatidyl-1D-myo-inositol 3,5-bisphosphate (1-16:1, 2-18:1)",C43H81O19P3,missing,unresolved,local_key_space_exhausted,,,,,,,0,exact_ymdb_id|exact_metanetx_id|exact_chebi_id|exact_kegg_id|exact_pubchem_cid_via_chebi_sdf|unique_normalized_name
MODEL_CMPD:0001916,s_3422,"1-phosphatidyl-1D-myo-inositol 3,5-bisphosphate (1-18:0, 2-18:1)",C45H87O19P3,missing,unresolved,local_key_space_exhausted,,,,,,,0,exact_ymdb_id|exact_metanetx_id|exact_chebi_id|exact_kegg_id|exact_pubchem_cid_via_chebi_sdf|unique_normalized_name
MODEL_CMPD:0001917,s_3423,"1-phosphatidyl-1D-myo-inositol 3,5-bisphosphate (1-18:1, 2-18:1)",C45H85O19P3,missing,unresolved,local_key_space_exhausted,,,,,,,0,exact_ymdb_id|exact_metanetx_id|exact_chebi_id|exact_kegg_id|exact_pubchem_cid_via_chebi_sdf|unique_normalized_name
MODEL_CMPD:0001918,s_3424,1-acylglycerophosphoethanolamine (16:0),C21H44NO7P,missing,mapped,mapped,CHEBI:90452,ChEBI,CHEBI:90452,C:\biological\Metabolic model prediction\Yeast-MetaTwin-zenodo\Data\database\chebi_id_smiles.csv,exact_chebi_id,high,1,exact_ymdb_id|exact_metanetx_id|exact_chebi_id
MODEL_CMPD:0001919,s_3425,1-acylglycerophosphoethanolamine (16:1),C21H42NO7P,missing,unresolved,local_key_space_exhausted,,,,,,,0,exact_ymdb_id|exact_metanetx_id|exact_chebi_id|exact_kegg_id|exact_pubchem_cid_via_chebi_sdf|unique_normalized_name
MODEL_CMPD:0001920,s_3426,1-acylglycerophosphoethanolamine (18:0),C23H48NO7P,missing,mapped,mapped,CHEBI:64576,ChEBI,CHEBI:64576,C:\biological\Metabolic model prediction\Yeast-MetaTwin-zenodo\Data\database\chebi_id_smiles.csv,exact_chebi_id,high,1,exact_ymdb_id|exact_metanetx_id|exact_chebi_id
MODEL_CMPD:0001921,s_3427,1-acylglycerophosphoethanolamine (18:1),C23H46NO7P,missing,mapped,mapped,CHEBI:64575,ChEBI,CHEBI:64575,C:\biological\Metabolic model prediction\Yeast-MetaTwin-zenodo\Data\database\chebi_id_smiles.csv,exact_chebi_id,high,1,exact_ymdb_id|exact_metanetx_id|exact_chebi_id
MODEL_CMPD:0001942,s_3448,"phosphatidylcholine (1-16:0, 2-16:1)",C40H78NO8P,missing,mapped,mapped,CHEBI:134592,ChEBI,CHEBI:134592,C:\biological\Metabolic model prediction\Yeast-MetaTwin-zenodo\Data\database\chebi_id_smiles.csv,exact_chebi_id,high,1,exact_ymdb_id|exact_metanetx_id|exact_chebi_id
MODEL_CMPD:0001952,s_3458,"phosphatidylcholine (1-16:0, 2-18:1)",C42H82NO8P,missing,mapped,mapped,CHEBI:134594,ChEBI,CHEBI:134594,C:\biological\Metabolic model prediction\Yeast-MetaTwin-zenodo\Data\database\chebi_id_smiles.csv,exact_chebi_id,high,1,exact_ymdb_id|exact_metanetx_id|exact_chebi_id
MODEL_CMPD:0001959,s_3465,"phosphatidylethanolamine (1-16:0, 2-16:1)",C37H72NO8P,missing,mapped,mapped,CHEBI:136147,ChEBI,CHEBI:136147,C:\biological\Metabolic model prediction\Yeast-MetaTwin-zenodo\Data\database\chebi_id_smiles.csv,exact_chebi_id,high,1,exact_ymdb_id|exact_metanetx_id|exact_chebi_id
MODEL_CMPD:0001960,s_3466,1-acylglycerophosphoethanolamine (16:0),C21H44NO7P,missing,mapped,mapped,CHEBI:90452,ChEBI,CHEBI:90452,C:\biological\Metabolic model prediction\Yeast-MetaTwin-zenodo\Data\database\chebi_id_smiles.csv,exact_chebi_id,high,1,exact_ymdb_id|exact_metanetx_id|exact_chebi_id
MODEL_CMPD:0001962,s_3468,1-acylglycerophosphoethanolamine (16:1),C21H42NO7P,missing,unresolved,local_key_space_exhausted,,,,,,,0,exact_ymdb_id|exact_metanetx_id|exact_chebi_id|exact_kegg_id|exact_pubchem_cid_via_chebi_sdf|unique_normalized_name
MODEL_CMPD:0001963,s_3469,"phosphatidylethanolamine (1-18:0, 2-16:1)",C39H76NO8P,missing,mapped,mapped,CHEBI:136155,ChEBI,CHEBI:136155,C:\biological\Metabolic model prediction\Yeast-MetaTwin-zenodo\Data\database\chebi_id_smiles.csv,exact_chebi_id,high,1,exact_ymdb_id|exact_metanetx_id|exact_chebi_id
MODEL_CMPD:0001964,s_3470,1-acylglycerophosphoethanolamine (18:0),C23H48NO7P,missing,mapped,mapped,CHEBI:64576,ChEBI,CHEBI:64576,C:\biological\Metabolic model prediction\Yeast-MetaTwin-zenodo\Data\database\chebi_id_smiles.csv,exact_chebi_id,high,1,exact_ymdb_id|exact_metanetx_id|exact_chebi_id
MODEL_CMPD:0001966,s_3472,1-acylglycerophosphoethanolamine (18:1),C23H46NO7P,missing,mapped,mapped,CHEBI:64575,ChEBI,CHEBI:64575,C:\biological\Metabolic model prediction\Yeast-MetaTwin-zenodo\Data\database\chebi_id_smiles.csv,exact_chebi_id,high,1,exact_ymdb_id|exact_metanetx_id|exact_chebi_id
MODEL_CMPD:0001967,s_3473,"phosphatidylethanolamine (1-16:0, 2-18:1)",C39H76NO8P,missing,mapped,mapped,CHEBI:136148,ChEBI,CHEBI:136148,C:\biological\Metabolic model prediction\Yeast-MetaTwin-zenodo\Data\database\chebi_id_smiles.csv,exact_chebi_id,high,1,exact_ymdb_id|exact_metanetx_id|exact_chebi_id
MODEL_CMPD:0001968,s_3474,"phosphatidylethanolamine (1-16:1, 2-18:1)",C39H74NO8P,missing,mapped,mapped,CHEBI:90464,ChEBI,CHEBI:90464,C:\biological\Metabolic model prediction\Yeast-MetaTwin-zenodo\Data\database\chebi_id_smiles.csv,exact_chebi_id,high,1,exact_ymdb_id|exact_metanetx_id|exact_chebi_id
MODEL_CMPD:0001969,s_3475,"phosphatidylethanolamine (1-18:0, 2-18:1)",C41H80NO8P,missing,mapped,mapped,CHEBI:136162,ChEBI,CHEBI:136162,C:\biological\Metabolic model prediction\Yeast-MetaTwin-zenodo\Data\database\chebi_id_smiles.csv,exact_chebi_id,high,1,exact_ymdb_id|exact_metanetx_id|exact_chebi_id
MODEL_CMPD:0001970,s_3476,"phosphatidylethanolamine (1-18:1, 2-18:1)",C41H78NO8P,missing,mapped,mapped,CHEBI:136170,ChEBI,CHEBI:136170,C:\biological\Metabolic model prediction\Yeast-MetaTwin-zenodo\Data\database\chebi_id_smiles.csv,exact_chebi_id,high,1,exact_ymdb_id|exact_metanetx_id|exact_chebi_id
MODEL_CMPD:0001990,s_3496,"1-phosphatidyl-1D-myo-inositol 4,5-bisphosphate (1-16:0, 2-16:1)",C41H79O19P3,missing,unresolved,local_key_space_exhausted,,,,,,,0,exact_ymdb_id|exact_metanetx_id|exact_chebi_id|exact_kegg_id|exact_pubchem_cid_via_chebi_sdf|unique_normalized_name
MODEL_CMPD:0001993,s_3499,"1-phosphatidyl-1D-myo-inositol 4,5-bisphosphate (1-16:1, 2-16:1)",C41H77O19P3,missing,unresolved,local_key_space_exhausted,,,,,,,0,exact_ymdb_id|exact_metanetx_id|exact_chebi_id|exact_kegg_id|exact_pubchem_cid_via_chebi_sdf|unique_normalized_name
MODEL_CMPD:0001995,s_3501,"1-phosphatidyl-1D-myo-inositol 4,5-bisphosphate (1-18:0, 2-16:1)",C43H83O19P3,missing,unresolved,local_key_space_exhausted,,,,,,,0,exact_ymdb_id|exact_metanetx_id|exact_chebi_id|exact_kegg_id|exact_pubchem_cid_via_chebi_sdf|unique_normalized_name
MODEL_CMPD:0001997,s_3503,"1-phosphatidyl-1D-myo-inositol 4,5-bisphosphate (1-18:1, 2-16:1)",C43H81O19P3,missing,unresolved,local_key_space_exhausted,,,,,,,0,exact_ymdb_id|exact_metanetx_id|exact_chebi_id|exact_kegg_id|exact_pubchem_cid_via_chebi_sdf|unique_normalized_name
MODEL_CMPD:0001999,s_3505,"1-phosphatidyl-1D-myo-inositol 4,5-bisphosphate (1-16:0, 2-18:1)",C43H83O19P3,missing,unresolved,local_key_space_exhausted,,,,,,,0,exact_ymdb_id|exact_metanetx_id|exact_chebi_id|exact_kegg_id|exact_pubchem_cid_via_chebi_sdf|unique_normalized_name
MODEL_CMPD:0002001,s_3507,"1-phosphatidyl-1D-myo-inositol 4,5-bisphosphate (1-16:1, 2-18:1)",C43H81O19P3,missing,unresolved,local_key_space_exhausted,,,,,,,0,exact_ymdb_id|exact_metanetx_id|exact_chebi_id|exact_kegg_id|exact_pubchem_cid_via_chebi_sdf|unique_normalized_name
MODEL_CMPD:0002005,s_3511,"1-phosphatidyl-1D-myo-inositol 4,5-bisphosphate (1-18:1, 2-18:1)",C45H85O19P3,missing,unresolved,local_key_space_exhausted,,,,,,,0,exact_ymdb_id|exact_metanetx_id|exact_chebi_id|exact_kegg_id|exact_pubchem_cid_via_chebi_sdf|unique_normalized_name
MODEL_CMPD:0002029,s_3535,"1-phosphatidyl-1D-myo-inositol 3-phosphate (1-16:0, 2-16:1)",C41H78O16P2,missing,unresolved,local_key_space_exhausted,,,,,,,0,exact_ymdb_id|exact_metanetx_id|exact_chebi_id|exact_kegg_id|exact_pubchem_cid_via_chebi_sdf|unique_normalized_name
MODEL_CMPD:0002031,s_3537,"1-phosphatidyl-1D-myo-inositol 3-phosphate (1-16:1, 2-16:1)",C41H76O16P2,missing,unresolved,local_key_space_exhausted,,,,,,,0,exact_ymdb_id|exact_metanetx_id|exact_chebi_id|exact_kegg_id|exact_pubchem_cid_via_chebi_sdf|unique_normalized_name
MODEL_CMPD:0002032,s_3538,"1-phosphatidyl-1D-myo-inositol 3-phosphate (1-18:0, 2-16:1)",C43H82O16P2,missing,unresolved,local_key_space_exhausted,,,,,,,0,exact_ymdb_id|exact_metanetx_id|exact_chebi_id|exact_kegg_id|exact_pubchem_cid_via_chebi_sdf|unique_normalized_name
MODEL_CMPD:0002033,s_3539,"1-phosphatidyl-1D-myo-inositol 3-phosphate (1-18:1, 2-16:1)",C43H80O16P2,missing,unresolved,local_key_space_exhausted,,,,,,,0,exact_ymdb_id|exact_metanetx_id|exact_chebi_id|exact_kegg_id|exact_pubchem_cid_via_chebi_sdf|unique_normalized_name
MODEL_CMPD:0002034,s_3540,"1-phosphatidyl-1D-myo-inositol 3-phosphate (1-16:0, 2-18:1)",C43H82O16P2,missing,unresolved,local_key_space_exhausted,,,,,,,0,exact_ymdb_id|exact_metanetx_id|exact_chebi_id|exact_kegg_id|exact_pubchem_cid_via_chebi_sdf|unique_normalized_name
MODEL_CMPD:0002035,s_3541,"1-phosphatidyl-1D-myo-inositol 3-phosphate (1-16:1, 2-18:1)",C43H80O16P2,missing,unresolved,local_key_space_exhausted,,,,,,,0,exact_ymdb_id|exact_metanetx_id|exact_chebi_id|exact_kegg_id|exact_pubchem_cid_via_chebi_sdf|unique_normalized_name
MODEL_CMPD:0002038,s_3544,"1-phosphatidyl-1D-myo-inositol 3-phosphate (1-16:0, 2-16:1)",C41H78O16P2,missing,unresolved,local_key_space_exhausted,,,,,,,0,exact_ymdb_id|exact_metanetx_id|exact_chebi_id|exact_kegg_id|exact_pubchem_cid_via_chebi_sdf|unique_normalized_name
MODEL_CMPD:0002040,s_3546,"1-phosphatidyl-1D-myo-inositol 3-phosphate (1-16:1, 2-16:1)",C41H76O16P2,missing,unresolved,local_key_space_exhausted,,,,,,,0,exact_ymdb_id|exact_metanetx_id|exact_chebi_id|exact_kegg_id|exact_pubchem_cid_via_chebi_sdf|unique_normalized_name
MODEL_CMPD:0002041,s_3547,"1-phosphatidyl-1D-myo-inositol (1-16:1, 2-16:1)",C41H75O13P,missing,unresolved,local_key_space_exhausted,,,,,,,0,exact_ymdb_id|exact_metanetx_id|exact_chebi_id|exact_kegg_id|exact_pubchem_cid_via_chebi_sdf|unique_normalized_name
MODEL_CMPD:0002042,s_3548,"1-phosphatidyl-1D-myo-inositol 3-phosphate (1-18:0, 2-16:1)",C43H82O16P2,missing,unresolved,local_key_space_exhausted,,,,,,,0,exact_ymdb_id|exact_metanetx_id|exact_chebi_id|exact_kegg_id|exact_pubchem_cid_via_chebi_sdf|unique_normalized_name
MODEL_CMPD:0002044,s_3550,"1-phosphatidyl-1D-myo-inositol 3-phosphate (1-18:1, 2-16:1)",C43H80O16P2,missing,unresolved,local_key_space_exhausted,,,,,,,0,exact_ymdb_id|exact_metanetx_id|exact_chebi_id|exact_kegg_id|exact_pubchem_cid_via_chebi_sdf|unique_normalized_name
MODEL_CMPD:0002045,s_3551,"1-phosphatidyl-1D-myo-inositol (1-18:1, 2-16:1)",C43H79O13P,missing,unresolved,local_key_space_exhausted,,,,,,,0,exact_ymdb_id|exact_metanetx_id|exact_chebi_id|exact_kegg_id|exact_pubchem_cid_via_chebi_sdf|unique_normalized_name
MODEL_CMPD:0002046,s_3552,"1-phosphatidyl-1D-myo-inositol 3-phosphate (1-16:0, 2-18:1)",C43H82O16P2,missing,unresolved,local_key_space_exhausted,,,,,,,0,exact_ymdb_id|exact_metanetx_id|exact_chebi_id|exact_kegg_id|exact_pubchem_cid_via_chebi_sdf|unique_normalized_name
MODEL_CMPD:0002048,s_3554,"1-phosphatidyl-1D-myo-inositol 3-phosphate (1-16:1, 2-18:1)",C43H80O16P2,missing,unresolved,local_key_space_exhausted,,,,,,,0,exact_ymdb_id|exact_metanetx_id|exact_chebi_id|exact_kegg_id|exact_pubchem_cid_via_chebi_sdf|unique_normalized_name
MODEL_CMPD:0002049,s_3555,"1-phosphatidyl-1D-myo-inositol (1-16:1, 2-18:1)",C43H79O13P,missing,unresolved,local_key_space_exhausted,,,,,,,0,exact_ymdb_id|exact_metanetx_id|exact_chebi_id|exact_kegg_id|exact_pubchem_cid_via_chebi_sdf|unique_normalized_name
MODEL_CMPD:0002053,s_3559,"1-phosphatidyl-1D-myo-inositol (1-18:1, 2-18:1)",C45H83O13P,missing,unresolved,local_key_space_exhausted,,,,,,,0,exact_ymdb_id|exact_metanetx_id|exact_chebi_id|exact_kegg_id|exact_pubchem_cid_via_chebi_sdf|unique_normalized_name
MODEL_CMPD:0002054,s_3560,"1-phosphatidyl-1D-myo-inositol 3-phosphate (1-16:0, 2-16:1)",C41H78O16P2,missing,unresolved,local_key_space_exhausted,,,,,,,0,exact_ymdb_id|exact_metanetx_id|exact_chebi_id|exact_kegg_id|exact_pubchem_cid_via_chebi_sdf|unique_normalized_name
MODEL_CMPD:0002055,s_3561,"1-phosphatidyl-1D-myo-inositol 3-phosphate (1-16:1, 2-16:1)",C41H76O16P2,missing,unresolved,local_key_space_exhausted,,,,,,,0,exact_ymdb_id|exact_metanetx_id|exact_chebi_id|exact_kegg_id|exact_pubchem_cid_via_chebi_sdf|unique_normalized_name
MODEL_CMPD:0002056,s_3562,"1-phosphatidyl-1D-myo-inositol 3-phosphate (1-18:0, 2-16:1)",C43H82O16P2,missing,unresolved,local_key_space_exhausted,,,,,,,0,exact_ymdb_id|exact_metanetx_id|exact_chebi_id|exact_kegg_id|exact_pubchem_cid_via_chebi_sdf|unique_normalized_name
MODEL_CMPD:0002057,s_3563,"1-phosphatidyl-1D-myo-inositol 3-phosphate (1-18:1, 2-16:1)",C43H80O16P2,missing,unresolved,local_key_space_exhausted,,,,,,,0,exact_ymdb_id|exact_metanetx_id|exact_chebi_id|exact_kegg_id|exact_pubchem_cid_via_chebi_sdf|unique_normalized_name
MODEL_CMPD:0002058,s_3564,"1-phosphatidyl-1D-myo-inositol 3-phosphate (1-16:0, 2-18:1)",C43H82O16P2,missing,unresolved,local_key_space_exhausted,,,,,,,0,exact_ymdb_id|exact_metanetx_id|exact_chebi_id|exact_kegg_id|exact_pubchem_cid_via_chebi_sdf|unique_normalized_name
MODEL_CMPD:0002059,s_3565,"1-phosphatidyl-1D-myo-inositol 3-phosphate (1-16:1, 2-18:1)",C43H80O16P2,missing,unresolved,local_key_space_exhausted,,,,,,,0,exact_ymdb_id|exact_metanetx_id|exact_chebi_id|exact_kegg_id|exact_pubchem_cid_via_chebi_sdf|unique_normalized_name
MODEL_CMPD:0002062,s_3568,"1-phosphatidyl-1D-myo-inositol 3-phosphate (1-16:0, 2-16:1)",C41H78O16P2,missing,unresolved,local_key_space_exhausted,,,,,,,0,exact_ymdb_id|exact_metanetx_id|exact_chebi_id|exact_kegg_id|exact_pubchem_cid_via_chebi_sdf|unique_normalized_name
MODEL_CMPD:0002063,s_3569,"1-phosphatidyl-1D-myo-inositol 3-phosphate (1-16:1, 2-16:1)",C41H76O16P2,missing,unresolved,local_key_space_exhausted,,,,,,,0,exact_ymdb_id|exact_metanetx_id|exact_chebi_id|exact_kegg_id|exact_pubchem_cid_via_chebi_sdf|unique_normalized_name
MODEL_CMPD:0002064,s_3570,"1-phosphatidyl-1D-myo-inositol 3-phosphate (1-18:0, 2-16:1)",C43H82O16P2,missing,unresolved,local_key_space_exhausted,,,,,,,0,exact_ymdb_id|exact_metanetx_id|exact_chebi_id|exact_kegg_id|exact_pubchem_cid_via_chebi_sdf|unique_normalized_name
MODEL_CMPD:0002065,s_3571,"1-phosphatidyl-1D-myo-inositol 3-phosphate (1-18:1, 2-16:1)",C43H80O16P2,missing,unresolved,local_key_space_exhausted,,,,,,,0,exact_ymdb_id|exact_metanetx_id|exact_chebi_id|exact_kegg_id|exact_pubchem_cid_via_chebi_sdf|unique_normalized_name
MODEL_CMPD:0002066,s_3572,"1-phosphatidyl-1D-myo-inositol 3-phosphate (1-16:0, 2-18:1)",C43H82O16P2,missing,unresolved,local_key_space_exhausted,,,,,,,0,exact_ymdb_id|exact_metanetx_id|exact_chebi_id|exact_kegg_id|exact_pubchem_cid_via_chebi_sdf|unique_normalized_name
MODEL_CMPD:0002067,s_3573,"1-phosphatidyl-1D-myo-inositol 3-phosphate (1-16:1, 2-18:1)",C43H80O16P2,missing,unresolved,local_key_space_exhausted,,,,,,,0,exact_ymdb_id|exact_metanetx_id|exact_chebi_id|exact_kegg_id|exact_pubchem_cid_via_chebi_sdf|unique_normalized_name
MODEL_CMPD:0002070,s_3576,"1-phosphatidyl-1D-myo-inositol 4-phosphate (1-16:0, 2-16:1)",C41H78O16P2,missing,unresolved,local_key_space_exhausted,,,,,,,0,exact_ymdb_id|exact_metanetx_id|exact_chebi_id|exact_kegg_id|exact_pubchem_cid_via_chebi_sdf|unique_normalized_name
MODEL_CMPD:0002071,s_3577,"1-phosphatidyl-1D-myo-inositol 4-phosphate (1-16:1, 2-16:1)",C41H76O16P2,missing,unresolved,local_key_space_exhausted,,,,,,,0,exact_ymdb_id|exact_metanetx_id|exact_chebi_id|exact_kegg_id|exact_pubchem_cid_via_chebi_sdf|unique_normalized_name
MODEL_CMPD:0002072,s_3578,"1-phosphatidyl-1D-myo-inositol 4-phosphate (1-18:0, 2-16:1)",C43H82O16P2,missing,unresolved,local_key_space_exhausted,,,,,,,0,exact_ymdb_id|exact_metanetx_id|exact_chebi_id|exact_kegg_id|exact_pubchem_cid_via_chebi_sdf|unique_normalized_name
MODEL_CMPD:0002073,s_3579,"1-phosphatidyl-1D-myo-inositol 4-phosphate (1-18:1, 2-16:1)",C43H80O16P2,missing,unresolved,local_key_space_exhausted,,,,,,,0,exact_ymdb_id|exact_metanetx_id|exact_chebi_id|exact_kegg_id|exact_pubchem_cid_via_chebi_sdf|unique_normalized_name
MODEL_CMPD:0002074,s_3580,"1-phosphatidyl-1D-myo-inositol 4-phosphate (1-16:0, 2-18:1)",C43H82O16P2,missing,unresolved,local_key_space_exhausted,,,,,,,0,exact_ymdb_id|exact_metanetx_id|exact_chebi_id|exact_kegg_id|exact_pubchem_cid_via_chebi_sdf|unique_normalized_name
MODEL_CMPD:0002075,s_3581,"1-phosphatidyl-1D-myo-inositol 4-phosphate (1-16:1, 2-18:1)",C43H80O16P2,missing,unresolved,local_key_space_exhausted,,,,,,,0,exact_ymdb_id|exact_metanetx_id|exact_chebi_id|exact_kegg_id|exact_pubchem_cid_via_chebi_sdf|unique_normalized_name
MODEL_CMPD:0002077,s_3583,"1-phosphatidyl-1D-myo-inositol 4-phosphate (1-18:1, 2-18:1)",C45H84O16P2,missing,unresolved,local_key_space_exhausted,,,,,,,0,exact_ymdb_id|exact_metanetx_id|exact_chebi_id|exact_kegg_id|exact_pubchem_cid_via_chebi_sdf|unique_normalized_name
MODEL_CMPD:0002078,s_3584,"1-phosphatidyl-1D-myo-inositol 4-phosphate (1-16:0, 2-16:1)",C41H78O16P2,missing,unresolved,local_key_space_exhausted,,,,,,,0,exact_ymdb_id|exact_metanetx_id|exact_chebi_id|exact_kegg_id|exact_pubchem_cid_via_chebi_sdf|unique_normalized_name
MODEL_CMPD:0002079,s_3585,"1-phosphatidyl-1D-myo-inositol 4-phosphate (1-16:1, 2-16:1)",C41H76O16P2,missing,unresolved,local_key_space_exhausted,,,,,,,0,exact_ymdb_id|exact_metanetx_id|exact_chebi_id|exact_kegg_id|exact_pubchem_cid_via_chebi_sdf|unique_normalized_name
MODEL_CMPD:0002080,s_3586,"1-phosphatidyl-1D-myo-inositol 4-phosphate (1-18:0, 2-16:1)",C43H82O16P2,missing,unresolved,local_key_space_exhausted,,,,,,,0,exact_ymdb_id|exact_metanetx_id|exact_chebi_id|exact_kegg_id|exact_pubchem_cid_via_chebi_sdf|unique_normalized_name
MODEL_CMPD:0002081,s_3587,"1-phosphatidyl-1D-myo-inositol 4-phosphate (1-18:1, 2-16:1)",C43H80O16P2,missing,unresolved,local_key_space_exhausted,,,,,,,0,exact_ymdb_id|exact_metanetx_id|exact_chebi_id|exact_kegg_id|exact_pubchem_cid_via_chebi_sdf|unique_normalized_name
MODEL_CMPD:0002082,s_3588,"1-phosphatidyl-1D-myo-inositol 4-phosphate (1-16:0, 2-18:1)",C43H82O16P2,missing,unresolved,local_key_space_exhausted,,,,,,,0,exact_ymdb_id|exact_metanetx_id|exact_chebi_id|exact_kegg_id|exact_pubchem_cid_via_chebi_sdf|unique_normalized_name
MODEL_CMPD:0002083,s_3589,"1-phosphatidyl-1D-myo-inositol 4-phosphate (1-16:1, 2-18:1)",C43H80O16P2,missing,unresolved,local_key_space_exhausted,,,,,,,0,exact_ymdb_id|exact_metanetx_id|exact_chebi_id|exact_kegg_id|exact_pubchem_cid_via_chebi_sdf|unique_normalized_name
MODEL_CMPD:0002085,s_3591,"1-phosphatidyl-1D-myo-inositol 4-phosphate (1-18:1, 2-18:1)",C45H84O16P2,missing,unresolved,local_key_space_exhausted,,,,,,,0,exact_ymdb_id|exact_metanetx_id|exact_chebi_id|exact_kegg_id|exact_pubchem_cid_via_chebi_sdf|unique_normalized_name
MODEL_CMPD:0002086,s_3592,"1-phosphatidyl-1D-myo-inositol 3,5-bisphosphate (1-16:0, 2-16:1)",C41H79O19P3,missing,unresolved,local_key_space_exhausted,,,,,,,0,exact_ymdb_id|exact_metanetx_id|exact_chebi_id|exact_kegg_id|exact_pubchem_cid_via_chebi_sdf|unique_normalized_name
MODEL_CMPD:0002087,s_3593,"1-phosphatidyl-1D-myo-inositol 3,5-bisphosphate (1-16:1, 2-16:1)",C41H77O19P3,missing,unresolved,local_key_space_exhausted,,,,,,,0,exact_ymdb_id|exact_metanetx_id|exact_chebi_id|exact_kegg_id|exact_pubchem_cid_via_chebi_sdf|unique_normalized_name
MODEL_CMPD:0002088,s_3594,"1-phosphatidyl-1D-myo-inositol 3,5-bisphosphate (1-18:0, 2-16:1)",C43H83O19P3,missing,unresolved,local_key_space_exhausted,,,,,,,0,exact_ymdb_id|exact_metanetx_id|exact_chebi_id|exact_kegg_id|exact_pubchem_cid_via_chebi_sdf|unique_normalized_name
MODEL_CMPD:0002089,s_3595,"1-phosphatidyl-1D-myo-inositol 3,5-bisphosphate (1-18:1, 2-16:1)",C43H81O19P3,missing,unresolved,local_key_space_exhausted,,,,,,,0,exact_ymdb_id|exact_metanetx_id|exact_chebi_id|exact_kegg_id|exact_pubchem_cid_via_chebi_sdf|unique_normalized_name
MODEL_CMPD:0002090,s_3596,"1-phosphatidyl-1D-myo-inositol 3,5-bisphosphate (1-16:0, 2-18:1)",C43H83O19P3,missing,unresolved,local_key_space_exhausted,,,,,,,0,exact_ymdb_id|exact_metanetx_id|exact_chebi_id|exact_kegg_id|exact_pubchem_cid_via_chebi_sdf|unique_normalized_name
MODEL_CMPD:0002091,s_3597,"1-phosphatidyl-1D-myo-inositol 3,5-bisphosphate (1-16:1, 2-18:1)",C43H81O19P3,missing,unresolved,local_key_space_exhausted,,,,,,,0,exact_ymdb_id|exact_metanetx_id|exact_chebi_id|exact_kegg_id|exact_pubchem_cid_via_chebi_sdf|unique_normalized_name
MODEL_CMPD:0002092,s_3598,"1-phosphatidyl-1D-myo-inositol 3,5-bisphosphate (1-18:0, 2-18:1)",C45H87O19P3,missing,unresolved,local_key_space_exhausted,,,,,,,0,exact_ymdb_id|exact_metanetx_id|exact_chebi_id|exact_kegg_id|exact_pubchem_cid_via_chebi_sdf|unique_normalized_name
MODEL_CMPD:0002093,s_3599,"1-phosphatidyl-1D-myo-inositol 3,5-bisphosphate (1-18:1, 2-18:1)",C45H85O19P3,missing,unresolved,local_key_space_exhausted,,,,,,,0,exact_ymdb_id|exact_metanetx_id|exact_chebi_id|exact_kegg_id|exact_pubchem_cid_via_chebi_sdf|unique_normalized_name
MODEL_CMPD:0002094,s_3600,"1-phosphatidyl-1D-myo-inositol 3,5-bisphosphate (1-16:0, 2-16:1)",C41H79O19P3,missing,unresolved,local_key_space_exhausted,,,,,,,0,exact_ymdb_id|exact_metanetx_id|exact_chebi_id|exact_kegg_id|exact_pubchem_cid_via_chebi_sdf|unique_normalized_name
MODEL_CMPD:0002095,s_3601,"1-phosphatidyl-1D-myo-inositol 3,5-bisphosphate (1-16:1, 2-16:1)",C41H77O19P3,missing,unresolved,local_key_space_exhausted,,,,,,,0,exact_ymdb_id|exact_metanetx_id|exact_chebi_id|exact_kegg_id|exact_pubchem_cid_via_chebi_sdf|unique_normalized_name
MODEL_CMPD:0002096,s_3602,"1-phosphatidyl-1D-myo-inositol 3,5-bisphosphate (1-18:0, 2-16:1)",C43H83O19P3,missing,unresolved,local_key_space_exhausted,,,,,,,0,exact_ymdb_id|exact_metanetx_id|exact_chebi_id|exact_kegg_id|exact_pubchem_cid_via_chebi_sdf|unique_normalized_name
MODEL_CMPD:0002097,s_3603,"1-phosphatidyl-1D-myo-inositol 3,5-bisphosphate (1-18:1, 2-16:1)",C43H81O19P3,missing,unresolved,local_key_space_exhausted,,,,,,,0,exact_ymdb_id|exact_metanetx_id|exact_chebi_id|exact_kegg_id|exact_pubchem_cid_via_chebi_sdf|unique_normalized_name
MODEL_CMPD:0002098,s_3604,"1-phosphatidyl-1D-myo-inositol 3,5-bisphosphate (1-16:0, 2-18:1)",C43H83O19P3,missing,unresolved,local_key_space_exhausted,,,,,,,0,exact_ymdb_id|exact_metanetx_id|exact_chebi_id|exact_kegg_id|exact_pubchem_cid_via_chebi_sdf|unique_normalized_name
MODEL_CMPD:0002099,s_3605,"1-phosphatidyl-1D-myo-inositol 3,5-bisphosphate (1-16:1, 2-18:1)",C43H81O19P3,missing,unresolved,local_key_space_exhausted,,,,,,,0,exact_ymdb_id|exact_metanetx_id|exact_chebi_id|exact_kegg_id|exact_pubchem_cid_via_chebi_sdf|unique_normalized_name
MODEL_CMPD:0002100,s_3606,"1-phosphatidyl-1D-myo-inositol 3,5-bisphosphate (1-18:0, 2-18:1)",C45H87O19P3,missing,unresolved,local_key_space_exhausted,,,,,,,0,exact_ymdb_id|exact_metanetx_id|exact_chebi_id|exact_kegg_id|exact_pubchem_cid_via_chebi_sdf|unique_normalized_name
MODEL_CMPD:0002101,s_3607,"1-phosphatidyl-1D-myo-inositol 3,5-bisphosphate (1-18:1, 2-18:1)",C45H85O19P3,missing,unresolved,local_key_space_exhausted,,,,,,,0,exact_ymdb_id|exact_metanetx_id|exact_chebi_id|exact_kegg_id|exact_pubchem_cid_via_chebi_sdf|unique_normalized_name
MODEL_CMPD:0002102,s_3608,"1-phosphatidyl-1D-myo-inositol 4,5-bisphosphate (1-16:0, 2-16:1)",C41H79O19P3,missing,unresolved,local_key_space_exhausted,,,,,,,0,exact_ymdb_id|exact_metanetx_id|exact_chebi_id|exact_kegg_id|exact_pubchem_cid_via_chebi_sdf|unique_normalized_name
MODEL_CMPD:0002103,s_3609,"1-phosphatidyl-1D-myo-inositol 4,5-bisphosphate (1-16:1, 2-16:1)",C41H77O19P3,missing,unresolved,local_key_space_exhausted,,,,,,,0,exact_ymdb_id|exact_metanetx_id|exact_chebi_id|exact_kegg_id|exact_pubchem_cid_via_chebi_sdf|unique_normalized_name
MODEL_CMPD:0002104,s_3610,"1-phosphatidyl-1D-myo-inositol 4,5-bisphosphate (1-18:0, 2-16:1)",C43H83O19P3,missing,unresolved,local_key_space_exhausted,,,,,,,0,exact_ymdb_id|exact_metanetx_id|exact_chebi_id|exact_kegg_id|exact_pubchem_cid_via_chebi_sdf|unique_normalized_name
MODEL_CMPD:0002105,s_3611,"1-phosphatidyl-1D-myo-inositol 4,5-bisphosphate (1-18:1, 2-16:1)",C43H81O19P3,missing,unresolved,local_key_space_exhausted,,,,,,,0,exact_ymdb_id|exact_metanetx_id|exact_chebi_id|exact_kegg_id|exact_pubchem_cid_via_chebi_sdf|unique_normalized_name
MODEL_CMPD:0002106,s_3612,"1-phosphatidyl-1D-myo-inositol 4,5-bisphosphate (1-16:0, 2-18:1)",C43H83O19P3,missing,unresolved,local_key_space_exhausted,,,,,,,0,exact_ymdb_id|exact_metanetx_id|exact_chebi_id|exact_kegg_id|exact_pubchem_cid_via_chebi_sdf|unique_normalized_name
MODEL_CMPD:0002107,s_3613,"1-phosphatidyl-1D-myo-inositol 4,5-bisphosphate (1-16:1, 2-18:1)",C43H81O19P3,missing,unresolved,local_key_space_exhausted,,,,,,,0,exact_ymdb_id|exact_metanetx_id|exact_chebi_id|exact_kegg_id|exact_pubchem_cid_via_chebi_sdf|unique_normalized_name
MODEL_CMPD:0002109,s_3615,"1-phosphatidyl-1D-myo-inositol 4,5-bisphosphate (1-18:1, 2-18:1)",C45H85O19P3,missing,unresolved,local_key_space_exhausted,,,,,,,0,exact_ymdb_id|exact_metanetx_id|exact_chebi_id|exact_kegg_id|exact_pubchem_cid_via_chebi_sdf|unique_normalized_name
MODEL_CMPD:0002110,s_3616,"1,2-diacylglycerol 3-diphosphate (1-16:0, 2-16:1)",C35H68O11P2,missing,unresolved,local_key_space_exhausted,,,,,,,0,exact_ymdb_id|exact_metanetx_id|exact_chebi_id|exact_kegg_id|exact_pubchem_cid_via_chebi_sdf|unique_normalized_name
MODEL_CMPD:0002111,s_3617,"1,2-diacylglycerol 3-diphosphate (1-16:1, 2-16:1)",C35H66O11P2,missing,unresolved,local_key_space_exhausted,,,,,,,0,exact_ymdb_id|exact_metanetx_id|exact_chebi_id|exact_kegg_id|exact_pubchem_cid_via_chebi_sdf|unique_normalized_name
MODEL_CMPD:0002112,s_3618,"1,2-diacylglycerol 3-diphosphate (1-18:0, 2-16:1)",C37H72O11P2,missing,unresolved,local_key_space_exhausted,,,,,,,0,exact_ymdb_id|exact_metanetx_id|exact_chebi_id|exact_kegg_id|exact_pubchem_cid_via_chebi_sdf|unique_normalized_name
MODEL_CMPD:0002113,s_3619,"1,2-diacylglycerol 3-diphosphate (1-18:1, 2-16:1)",C37H70O11P2,missing,unresolved,local_key_space_exhausted,,,,,,,0,exact_ymdb_id|exact_metanetx_id|exact_chebi_id|exact_kegg_id|exact_pubchem_cid_via_chebi_sdf|unique_normalized_name
MODEL_CMPD:0002115,s_3621,"1,2-diacylglycerol 3-diphosphate (1-16:1, 2-18:1)",C37H70O11P2,missing,unresolved,local_key_space_exhausted,,,,,,,0,exact_ymdb_id|exact_metanetx_id|exact_chebi_id|exact_kegg_id|exact_pubchem_cid_via_chebi_sdf|unique_normalized_name
MODEL_CMPD:0002116,s_3622,"1,2-diacylglycerol 3-diphosphate (1-18:0, 2-18:1)",C39H76O11P2,missing,unresolved,local_key_space_exhausted,,,,,,,0,exact_ymdb_id|exact_metanetx_id|exact_chebi_id|exact_kegg_id|exact_pubchem_cid_via_chebi_sdf|unique_normalized_name
MODEL_CMPD:0002117,s_3623,"1,2-diacylglycerol 3-diphosphate (1-18:1, 2-18:1)",C39H74O11P2,missing,unresolved,local_key_space_exhausted,,,,,,,0,exact_ymdb_id|exact_metanetx_id|exact_chebi_id|exact_kegg_id|exact_pubchem_cid_via_chebi_sdf|unique_normalized_name
MODEL_CMPD:0002118,s_3624,"1,2-diacylglycerol 3-diphosphate (1-16:0, 2-16:1)",C35H68O11P2,missing,unresolved,local_key_space_exhausted,,,,,,,0,exact_ymdb_id|exact_metanetx_id|exact_chebi_id|exact_kegg_id|exact_pubchem_cid_via_chebi_sdf|unique_normalized_name
MODEL_CMPD:0002119,s_3625,"1,2-diacylglycerol 3-diphosphate (1-16:1, 2-16:1)",C35H66O11P2,missing,unresolved,local_key_space_exhausted,,,,,,,0,exact_ymdb_id|exact_metanetx_id|exact_chebi_id|exact_kegg_id|exact_pubchem_cid_via_chebi_sdf|unique_normalized_name
MODEL_CMPD:0002120,s_3626,"1,2-diacylglycerol 3-diphosphate (1-18:0, 2-16:1)",C37H72O11P2,missing,unresolved,local_key_space_exhausted,,,,,,,0,exact_ymdb_id|exact_metanetx_id|exact_chebi_id|exact_kegg_id|exact_pubchem_cid_via_chebi_sdf|unique_normalized_name
MODEL_CMPD:0002121,s_3627,"1,2-diacylglycerol 3-diphosphate (1-18:1, 2-16:1)",C37H70O11P2,missing,unresolved,local_key_space_exhausted,,,,,,,0,exact_ymdb_id|exact_metanetx_id|exact_chebi_id|exact_kegg_id|exact_pubchem_cid_via_chebi_sdf|unique_normalized_name
MODEL_CMPD:0002123,s_3629,"1,2-diacylglycerol 3-diphosphate (1-16:1, 2-18:1)",C37H70O11P2,missing,unresolved,local_key_space_exhausted,,,,,,,0,exact_ymdb_id|exact_metanetx_id|exact_chebi_id|exact_kegg_id|exact_pubchem_cid_via_chebi_sdf|unique_normalized_name
MODEL_CMPD:0002124,s_3630,"1,2-diacylglycerol 3-diphosphate (1-18:0, 2-18:1)",C39H76O11P2,missing,unresolved,local_key_space_exhausted,,,,,,,0,exact_ymdb_id|exact_metanetx_id|exact_chebi_id|exact_kegg_id|exact_pubchem_cid_via_chebi_sdf|unique_normalized_name
MODEL_CMPD:0002125,s_3631,"1,2-diacylglycerol 3-diphosphate (1-18:1, 2-18:1)",C39H74O11P2,missing,unresolved,local_key_space_exhausted,,,,,,,0,exact_ymdb_id|exact_metanetx_id|exact_chebi_id|exact_kegg_id|exact_pubchem_cid_via_chebi_sdf|unique_normalized_name
MODEL_CMPD:0002127,s_3633,1-monoglyceride (16:0),C19H38O4,missing,mapped,mapped,CHEBI:134127,ChEBI,CHEBI:134127,C:\biological\Metabolic model prediction\Yeast-MetaTwin-zenodo\Data\database\chebi_id_smiles.csv,exact_chebi_id,high,1,exact_ymdb_id|exact_metanetx_id|exact_chebi_id
MODEL_CMPD:0002129,s_3635,1-monoglyceride (16:1),C19H36O4,missing,mapped,mapped,CHEBI:134128,ChEBI,CHEBI:134128,C:\biological\Metabolic model prediction\Yeast-MetaTwin-zenodo\Data\database\chebi_id_smiles.csv,exact_chebi_id,high,1,exact_ymdb_id|exact_metanetx_id|exact_chebi_id
MODEL_CMPD:0002131,s_3637,1-monoglyceride (18:0),C21H42O4,missing,mapped,mapped,CHEBI:134129,ChEBI,CHEBI:134129,C:\biological\Metabolic model prediction\Yeast-MetaTwin-zenodo\Data\database\chebi_id_smiles.csv,exact_chebi_id,high,1,exact_ymdb_id|exact_metanetx_id|exact_chebi_id
MODEL_CMPD:0002133,s_3639,1-monoglyceride (18:1),C21H40O4,missing,mapped,mapped,CHEBI:134130,ChEBI,CHEBI:134130,C:\biological\Metabolic model prediction\Yeast-MetaTwin-zenodo\Data\database\chebi_id_smiles.csv,exact_chebi_id,high,1,exact_ymdb_id|exact_metanetx_id|exact_chebi_id
MODEL_CMPD:0002135,s_3641,1-monoglyceride (16:0),C19H38O4,missing,mapped,mapped,CHEBI:134127,ChEBI,CHEBI:134127,C:\biological\Metabolic model prediction\Yeast-MetaTwin-zenodo\Data\database\chebi_id_smiles.csv,exact_chebi_id,high,1,exact_ymdb_id|exact_metanetx_id|exact_chebi_id
MODEL_CMPD:0002137,s_3643,1-monoglyceride (16:1),C19H36O4,missing,mapped,mapped,CHEBI:134128,ChEBI,CHEBI:134128,C:\biological\Metabolic model prediction\Yeast-MetaTwin-zenodo\Data\database\chebi_id_smiles.csv,exact_chebi_id,high,1,exact_ymdb_id|exact_metanetx_id|exact_chebi_id
MODEL_CMPD:0002139,s_3645,1-monoglyceride (18:0),C21H42O4,missing,mapped,mapped,CHEBI:134129,ChEBI,CHEBI:134129,C:\biological\Metabolic model prediction\Yeast-MetaTwin-zenodo\Data\database\chebi_id_smiles.csv,exact_chebi_id,high,1,exact_ymdb_id|exact_metanetx_id|exact_chebi_id
MODEL_CMPD:0002141,s_3647,1-monoglyceride (18:1),C21H40O4,missing,mapped,mapped,CHEBI:134130,ChEBI,CHEBI:134130,C:\biological\Metabolic model prediction\Yeast-MetaTwin-zenodo\Data\database\chebi_id_smiles.csv,exact_chebi_id,high,1,exact_ymdb_id|exact_metanetx_id|exact_chebi_id
MODEL_CMPD:0002143,s_3649,1-monoglyceride (16:0),C19H38O4,missing,mapped,mapped,CHEBI:134127,ChEBI,CHEBI:134127,C:\biological\Metabolic model prediction\Yeast-MetaTwin-zenodo\Data\database\chebi_id_smiles.csv,exact_chebi_id,high,1,exact_ymdb_id|exact_metanetx_id|exact_chebi_id
MODEL_CMPD:0002145,s_3651,1-monoglyceride (16:1),C19H36O4,missing,mapped,mapped,CHEBI:134128,ChEBI,CHEBI:134128,C:\biological\Metabolic model prediction\Yeast-MetaTwin-zenodo\Data\database\chebi_id_smiles.csv,exact_chebi_id,high,1,exact_ymdb_id|exact_metanetx_id|exact_chebi_id
MODEL_CMPD:0002147,s_3653,1-monoglyceride (18:0),C21H42O4,missing,mapped,mapped,CHEBI:134129,ChEBI,CHEBI:134129,C:\biological\Metabolic model prediction\Yeast-MetaTwin-zenodo\Data\database\chebi_id_smiles.csv,exact_chebi_id,high,1,exact_ymdb_id|exact_metanetx_id|exact_chebi_id
MODEL_CMPD:0002149,s_3655,1-monoglyceride (18:1),C21H40O4,missing,mapped,mapped,CHEBI:134130,ChEBI,CHEBI:134130,C:\biological\Metabolic model prediction\Yeast-MetaTwin-zenodo\Data\database\chebi_id_smiles.csv,exact_chebi_id,high,1,exact_ymdb_id|exact_metanetx_id|exact_chebi_id
MODEL_CMPD:0002165,s_3671,1-monoglyceride (16:0),C19H38O4,missing,mapped,mapped,CHEBI:134127,ChEBI,CHEBI:134127,C:\biological\Metabolic model prediction\Yeast-MetaTwin-zenodo\Data\database\chebi_id_smiles.csv,exact_chebi_id,high,1,exact_ymdb_id|exact_metanetx_id|exact_chebi_id
MODEL_CMPD:0002166,s_3672,1-monoglyceride (16:1),C19H36O4,missing,mapped,mapped,CHEBI:134128,ChEBI,CHEBI:134128,C:\biological\Metabolic model prediction\Yeast-MetaTwin-zenodo\Data\database\chebi_id_smiles.csv,exact_chebi_id,high,1,exact_ymdb_id|exact_metanetx_id|exact_chebi_id
MODEL_CMPD:0002167,s_3673,1-monoglyceride (18:0),C21H42O4,missing,mapped,mapped,CHEBI:134129,ChEBI,CHEBI:134129,C:\biological\Metabolic model prediction\Yeast-MetaTwin-zenodo\Data\database\chebi_id_smiles.csv,exact_chebi_id,high,1,exact_ymdb_id|exact_metanetx_id|exact_chebi_id
MODEL_CMPD:0002168,s_3674,1-monoglyceride (18:1),C21H40O4,missing,mapped,mapped,CHEBI:134130,ChEBI,CHEBI:134130,C:\biological\Metabolic model prediction\Yeast-MetaTwin-zenodo\Data\database\chebi_id_smiles.csv,exact_chebi_id,high,1,exact_ymdb_id|exact_metanetx_id|exact_chebi_id
MODEL_CMPD:0002170,s_3676,1-monoglyceride (16:0),C19H38O4,missing,mapped,mapped,CHEBI:134127,ChEBI,CHEBI:134127,C:\biological\Metabolic model prediction\Yeast-MetaTwin-zenodo\Data\database\chebi_id_smiles.csv,exact_chebi_id,high,1,exact_ymdb_id|exact_metanetx_id|exact_chebi_id
MODEL_CMPD:0002173,s_3679,1-monoglyceride (16:1),C19H36O4,missing,mapped,mapped,CHEBI:134128,ChEBI,CHEBI:134128,C:\biological\Metabolic model prediction\Yeast-MetaTwin-zenodo\Data\database\chebi_id_smiles.csv,exact_chebi_id,high,1,exact_ymdb_id|exact_metanetx_id|exact_chebi_id
MODEL_CMPD:0002175,s_3681,1-monoglyceride (18:0),C21H42O4,missing,mapped,mapped,CHEBI:134129,ChEBI,CHEBI:134129,C:\biological\Metabolic model prediction\Yeast-MetaTwin-zenodo\Data\database\chebi_id_smiles.csv,exact_chebi_id,high,1,exact_ymdb_id|exact_metanetx_id|exact_chebi_id
MODEL_CMPD:0002177,s_3683,1-monoglyceride (18:1),C21H40O4,missing,mapped,mapped,CHEBI:134130,ChEBI,CHEBI:134130,C:\biological\Metabolic model prediction\Yeast-MetaTwin-zenodo\Data\database\chebi_id_smiles.csv,exact_chebi_id,high,1,exact_ymdb_id|exact_metanetx_id|exact_chebi_id
MODEL_CMPD:0002179,s_3685,1-acylglycerophosphoethanolamine (16:0),C21H44NO7P,missing,mapped,mapped,CHEBI:90452,ChEBI,CHEBI:90452,C:\biological\Metabolic model prediction\Yeast-MetaTwin-zenodo\Data\database\chebi_id_smiles.csv,exact_chebi_id,high,1,exact_ymdb_id|exact_metanetx_id|exact_chebi_id
MODEL_CMPD:0002180,s_3686,"phosphatidylethanolamine (1-16:0, 2-18:1)",C39H76NO8P,missing,mapped,mapped,CHEBI:136148,ChEBI,CHEBI:136148,C:\biological\Metabolic model prediction\Yeast-MetaTwin-zenodo\Data\database\chebi_id_smiles.csv,exact_chebi_id,high,1,exact_ymdb_id|exact_metanetx_id|exact_chebi_id
MODEL_CMPD:0002181,s_3687,1-acylglycerophosphoethanolamine (16:1),C21H42NO7P,missing,unresolved,local_key_space_exhausted,,,,,,,0,exact_ymdb_id|exact_metanetx_id|exact_chebi_id|exact_kegg_id|exact_pubchem_cid_via_chebi_sdf|unique_normalized_name
MODEL_CMPD:0002182,s_3688,"phosphatidylethanolamine (1-16:1, 2-18:1)",C39H74NO8P,missing,mapped,mapped,CHEBI:90464,ChEBI,CHEBI:90464,C:\biological\Metabolic model prediction\Yeast-MetaTwin-zenodo\Data\database\chebi_id_smiles.csv,exact_chebi_id,high,1,exact_ymdb_id|exact_metanetx_id|exact_chebi_id
MODEL_CMPD:0002183,s_3689,1-acylglycerophosphoethanolamine (18:0),C23H48NO7P,missing,mapped,mapped,CHEBI:64576,ChEBI,CHEBI:64576,C:\biological\Metabolic model prediction\Yeast-MetaTwin-zenodo\Data\database\chebi_id_smiles.csv,exact_chebi_id,high,1,exact_ymdb_id|exact_metanetx_id|exact_chebi_id
MODEL_CMPD:0002184,s_3690,"phosphatidylethanolamine (1-18:0, 2-18:1)",C41H80NO8P,missing,mapped,mapped,CHEBI:136162,ChEBI,CHEBI:136162,C:\biological\Metabolic model prediction\Yeast-MetaTwin-zenodo\Data\database\chebi_id_smiles.csv,exact_chebi_id,high,1,exact_ymdb_id|exact_metanetx_id|exact_chebi_id
MODEL_CMPD:0002185,s_3691,1-acylglycerophosphoethanolamine (18:1),C23H46NO7P,missing,mapped,mapped,CHEBI:64575,ChEBI,CHEBI:64575,C:\biological\Metabolic model prediction\Yeast-MetaTwin-zenodo\Data\database\chebi_id_smiles.csv,exact_chebi_id,high,1,exact_ymdb_id|exact_metanetx_id|exact_chebi_id
MODEL_CMPD:0002186,s_3692,"phosphatidylethanolamine (1-18:1, 2-18:1)",C41H78NO8P,missing,mapped,mapped,CHEBI:136170,ChEBI,CHEBI:136170,C:\biological\Metabolic model prediction\Yeast-MetaTwin-zenodo\Data\database\chebi_id_smiles.csv,exact_chebi_id,high,1,exact_ymdb_id|exact_metanetx_id|exact_chebi_id
MODEL_CMPD:0002187,s_3693,"phosphatidylcholine (1-16:0, 2-16:1)",C40H78NO8P,missing,mapped,mapped,CHEBI:134592,ChEBI,CHEBI:134592,C:\biological\Metabolic model prediction\Yeast-MetaTwin-zenodo\Data\database\chebi_id_smiles.csv,exact_chebi_id,high,1,exact_ymdb_id|exact_metanetx_id|exact_chebi_id
MODEL_CMPD:0002195,s_3701,"phosphatidylcholine (1-16:0, 2-18:1)",C42H82NO8P,missing,mapped,mapped,CHEBI:134594,ChEBI,CHEBI:134594,C:\biological\Metabolic model prediction\Yeast-MetaTwin-zenodo\Data\database\chebi_id_smiles.csv,exact_chebi_id,high,1,exact_ymdb_id|exact_metanetx_id|exact_chebi_id
MODEL_CMPD:0002199,s_3705,"phosphatidylethanolamine (1-16:0, 2-16:1)",C37H72NO8P,missing,mapped,mapped,CHEBI:136147,ChEBI,CHEBI:136147,C:\biological\Metabolic model prediction\Yeast-MetaTwin-zenodo\Data\database\chebi_id_smiles.csv,exact_chebi_id,high,1,exact_ymdb_id|exact_metanetx_id|exact_chebi_id
MODEL_CMPD:0002201,s_3707,"phosphatidylethanolamine (1-18:0, 2-16:1)",C39H76NO8P,missing,mapped,mapped,CHEBI:136155,ChEBI,CHEBI:136155,C:\biological\Metabolic model prediction\Yeast-MetaTwin-zenodo\Data\database\chebi_id_smiles.csv,exact_chebi_id,high,1,exact_ymdb_id|exact_metanetx_id|exact_chebi_id
MODEL_CMPD:0002203,s_3709,ergosterol ester backbone,C28H42,missing,unresolved,local_key_space_exhausted,,,,,,,0,exact_ymdb_id|exact_metanetx_id|exact_chebi_id|exact_kegg_id|exact_pubchem_cid_via_chebi_sdf|unique_normalized_name
MODEL_CMPD:0002204,s_3710,phosphatidyl-L-serine backbone,C6H10NO6P,missing,manual_review,formula_conflict,MNXM221,,,,,,1,exact_ymdb_id|exact_metanetx_id
MODEL_CMPD:0002205,s_3711,phosphatidylcholine backbone,C8H16NO3P,missing,manual_review,formula_conflict,C00157,,,,,,1,exact_ymdb_id|exact_metanetx_id|exact_chebi_id|exact_kegg_id
MODEL_CMPD:0002206,s_3712,phosphatidylethanolamine backbone,C5H10NO4P,missing,manual_review,formula_conflict,C00350,,,,,,1,exact_ymdb_id|exact_metanetx_id|exact_chebi_id|exact_kegg_id
MODEL_CMPD:0002207,s_3713,triglyceride backbone,C3H2,missing,manual_review,formula_conflict,C00422,,,,,,1,exact_ymdb_id|exact_metanetx_id|exact_chebi_id|exact_kegg_id
MODEL_CMPD:0002211,s_3717,protein,,missing,mapped,mapped,C00492,KEGG,C00492,C:\biological\Metabolic model prediction\Yeast-MetaTwin-zenodo\Data\database\kegg_compound.txt,exact_kegg_id,high,1,exact_ymdb_id|exact_metanetx_id|exact_chebi_id|exact_kegg_id
MODEL_CMPD:0002212,s_3718,carbohydrate,,missing,manual_review,multiple_structures_for_key,MNXM1434,,,,,,3,exact_ymdb_id|exact_metanetx_id
MODEL_CMPD:0002213,s_3719,RNA,,missing,unresolved,local_key_space_exhausted,,,,,,,0,exact_ymdb_id|exact_metanetx_id|exact_chebi_id|exact_kegg_id|exact_pubchem_cid_via_chebi_sdf|unique_normalized_name
MODEL_CMPD:0002214,s_3720,DNA,,missing,unresolved,local_key_space_exhausted,,,,,,,0,exact_ymdb_id|exact_metanetx_id|exact_chebi_id|exact_kegg_id|exact_pubchem_cid_via_chebi_sdf|unique_normalized_name
MODEL_CMPD:0002215,s_3721,ceramide backbone,HNO2,missing,unresolved,local_key_space_exhausted,,,,,,,0,exact_ymdb_id|exact_metanetx_id|exact_chebi_id|exact_kegg_id|exact_pubchem_cid_via_chebi_sdf|unique_normalized_name
MODEL_CMPD:0002216,s_3722,ceramide backbone,HNO2,missing,unresolved,local_key_space_exhausted,,,,,,,0,exact_ymdb_id|exact_metanetx_id|exact_chebi_id|exact_kegg_id|exact_pubchem_cid_via_chebi_sdf|unique_normalized_name
MODEL_CMPD:0002217,s_3723,inositol phosphomannosylinositol phosphoceramide backbone,C18H33NO23P2,missing,unresolved,local_key_space_exhausted,,,,,,,0,exact_ymdb_id|exact_metanetx_id|exact_chebi_id|exact_kegg_id|exact_pubchem_cid_via_chebi_sdf|unique_normalized_name
MODEL_CMPD:0002218,s_3724,inositol-P-ceramide backbone,C6H12NO10P,missing,unresolved,local_key_space_exhausted,,,,,,,0,exact_ymdb_id|exact_metanetx_id|exact_chebi_id|exact_kegg_id|exact_pubchem_cid_via_chebi_sdf|unique_normalized_name
MODEL_CMPD:0002219,s_3725,mannosylinositol phosphorylceramide backbone,C12H22NO15P,missing,unresolved,local_key_space_exhausted,,,,,,,0,exact_ymdb_id|exact_metanetx_id|exact_chebi_id|exact_kegg_id|exact_pubchem_cid_via_chebi_sdf|unique_normalized_name
MODEL_CMPD:0002220,s_3726,long-chain base backbone,H4N,missing,unresolved,local_key_space_exhausted,,,,,,,0,exact_ymdb_id|exact_metanetx_id|exact_chebi_id|exact_kegg_id|exact_pubchem_cid_via_chebi_sdf|unique_normalized_name
MODEL_CMPD:0002221,s_3727,long-chain base backbone,H4N,missing,unresolved,local_key_space_exhausted,,,,,,,0,exact_ymdb_id|exact_metanetx_id|exact_chebi_id|exact_kegg_id|exact_pubchem_cid_via_chebi_sdf|unique_normalized_name
MODEL_CMPD:0002222,s_3728,long-chain base phosphate backbone,H3NO3P,missing,unresolved,local_key_space_exhausted,,,,,,,0,exact_ymdb_id|exact_metanetx_id|exact_chebi_id|exact_kegg_id|exact_pubchem_cid_via_chebi_sdf|unique_normalized_name
MODEL_CMPD:0002223,s_3729,long-chain base phosphate backbone,H3NO3P,missing,unresolved,local_key_space_exhausted,,,,,,,0,exact_ymdb_id|exact_metanetx_id|exact_chebi_id|exact_kegg_id|exact_pubchem_cid_via_chebi_sdf|unique_normalized_name
MODEL_CMPD:0002224,s_3730,phosphatidate backbone,C3H5O4P,missing,unresolved,local_key_space_exhausted,,,,,,,0,exact_ymdb_id|exact_metanetx_id|exact_chebi_id|exact_kegg_id|exact_pubchem_cid_via_chebi_sdf|unique_normalized_name
MODEL_CMPD:0002225,s_3731,phosphatidate backbone,C3H5O4P,missing,unresolved,local_key_space_exhausted,,,,,,,0,exact_ymdb_id|exact_metanetx_id|exact_chebi_id|exact_kegg_id|exact_pubchem_cid_via_chebi_sdf|unique_normalized_name
MODEL_CMPD:0002226,s_3732,diglyceride backbone,C3H4O,missing,unresolved,local_key_space_exhausted,,,,,,,0,exact_ymdb_id|exact_metanetx_id|exact_chebi_id|exact_kegg_id|exact_pubchem_cid_via_chebi_sdf|unique_normalized_name
MODEL_CMPD:0002227,s_3733,diglyceride backbone,C3H4O,missing,unresolved,local_key_space_exhausted,,,,,,,0,exact_ymdb_id|exact_metanetx_id|exact_chebi_id|exact_kegg_id|exact_pubchem_cid_via_chebi_sdf|unique_normalized_name
MODEL_CMPD:0002228,s_3734,sn-2-acyl-1-lysophosphatidylinositol backbone,C9H11O10P,missing,unresolved,local_key_space_exhausted,,,,,,,0,exact_ymdb_id|exact_metanetx_id|exact_chebi_id|exact_kegg_id|exact_pubchem_cid_via_chebi_sdf|unique_normalized_name
MODEL_CMPD:0002229,s_3735,sn-2-acyl-1-lysophosphatidylinositol backbone,C9H11O10P,missing,unresolved,local_key_space_exhausted,,,,,,,0,exact_ymdb_id|exact_metanetx_id|exact_chebi_id|exact_kegg_id|exact_pubchem_cid_via_chebi_sdf|unique_normalized_name
MODEL_CMPD:0002230,s_3736,phosphatidylglycerol backbone,C6H11O6P,missing,unresolved,local_key_space_exhausted,,,,,,,0,exact_ymdb_id|exact_metanetx_id|exact_chebi_id|exact_kegg_id|exact_pubchem_cid_via_chebi_sdf|unique_normalized_name
MODEL_CMPD:0002231,s_3737,phosphatidylglycerol backbone,C6H11O6P,missing,unresolved,local_key_space_exhausted,,,,,,,0,exact_ymdb_id|exact_metanetx_id|exact_chebi_id|exact_kegg_id|exact_pubchem_cid_via_chebi_sdf|unique_normalized_name
MODEL_CMPD:0002232,s_3738,cardiolipin backbone,C9H14O9P2,missing,unresolved,local_key_space_exhausted,,,,,,,0,exact_ymdb_id|exact_metanetx_id|exact_chebi_id|exact_kegg_id|exact_pubchem_cid_via_chebi_sdf|unique_normalized_name
MODEL_CMPD:0002233,s_3739,cardiolipin backbone,C9H14O9P2,missing,unresolved,local_key_space_exhausted,,,,,,,0,exact_ymdb_id|exact_metanetx_id|exact_chebi_id|exact_kegg_id|exact_pubchem_cid_via_chebi_sdf|unique_normalized_name
MODEL_CMPD:0002234,s_3740,C16:0 chain,C16H32O2,missing,unresolved,local_key_space_exhausted,,,,,,,0,exact_ymdb_id|exact_metanetx_id|exact_chebi_id|exact_kegg_id|exact_pubchem_cid_via_chebi_sdf|unique_normalized_name
MODEL_CMPD:0002235,s_3741,C16:1 chain,C16H30O2,missing,unresolved,local_key_space_exhausted,,,,,,,0,exact_ymdb_id|exact_metanetx_id|exact_chebi_id|exact_kegg_id|exact_pubchem_cid_via_chebi_sdf|unique_normalized_name
MODEL_CMPD:0002236,s_3742,C18:0 chain,C18H36O2,missing,unresolved,local_key_space_exhausted,,,,,,,0,exact_ymdb_id|exact_metanetx_id|exact_chebi_id|exact_kegg_id|exact_pubchem_cid_via_chebi_sdf|unique_normalized_name
MODEL_CMPD:0002237,s_3743,C18:1 chain,C18H34O2,missing,unresolved,local_key_space_exhausted,,,,,,,0,exact_ymdb_id|exact_metanetx_id|exact_chebi_id|exact_kegg_id|exact_pubchem_cid_via_chebi_sdf|unique_normalized_name
MODEL_CMPD:0002238,s_3744,C24:0 chain,C24H48O2,missing,unresolved,local_key_space_exhausted,,,,,,,0,exact_ymdb_id|exact_metanetx_id|exact_chebi_id|exact_kegg_id|exact_pubchem_cid_via_chebi_sdf|unique_normalized_name
MODEL_CMPD:0002239,s_3745,C26:0 chain,C26H52O2,missing,unresolved,local_key_space_exhausted,,,,,,,0,exact_ymdb_id|exact_metanetx_id|exact_chebi_id|exact_kegg_id|exact_pubchem_cid_via_chebi_sdf|unique_normalized_name
MODEL_CMPD:0002240,s_3746,lipid backbone,,missing,unresolved,local_key_space_exhausted,,,,,,,0,exact_ymdb_id|exact_metanetx_id|exact_chebi_id|exact_kegg_id|exact_pubchem_cid_via_chebi_sdf|unique_normalized_name
MODEL_CMPD:0002241,s_3747,lipid chain,,missing,unresolved,local_key_space_exhausted,,,,,,,0,exact_ymdb_id|exact_metanetx_id|exact_chebi_id|exact_kegg_id|exact_pubchem_cid_via_chebi_sdf|unique_normalized_name
MODEL_CMPD:0002242,s_3748,Cytochrome c,C40H40FeN6O6S2,missing,mapped,mapped,CHEBI:83739,ChEBI,CHEBI:83739,C:\biological\Metabolic model prediction\Yeast-MetaTwin-zenodo\Data\database\chebi_id_smiles.csv,exact_chebi_id,high,1,exact_ymdb_id|exact_metanetx_id|exact_chebi_id
MODEL_CMPD:0002243,s_3749,Apocytochrome c,C6H10N2O2S2,missing,manual_review,formula_conflict,C02248,,,,,,1,exact_ymdb_id|exact_metanetx_id|exact_chebi_id|exact_kegg_id
MODEL_CMPD:0002248,s_3754,L-glutamyl-tRNA(Gln),C5H8NO3R,missing,manual_review,formula_conflict,C06112,,,,,,1,exact_ymdb_id|exact_metanetx_id|exact_chebi_id|exact_kegg_id
MODEL_CMPD:0002250,s_3756,Gln-tRNA(Gln),C5H10N2O2R,missing,manual_review,formula_conflict,C02282,,,,,,1,exact_ymdb_id|exact_metanetx_id|exact_chebi_id|exact_kegg_id
MODEL_CMPD:0002257,s_3763,"1,4-benzosemiquinone",C6H5O2,parse_failed,unresolved,no_parseable_local_structure,"1,4-benzosemiquinone",,,,,,0,exact_ymdb_id|exact_metanetx_id|exact_chebi_id|exact_kegg_id|exact_pubchem_cid_via_chebi_sdf|unique_normalized_name
MODEL_CMPD:0002259,s_3765,N-Acetyl-D-glucosaminyldiphosphodolichol,C28H51NO12P2R,missing,manual_review,formula_conflict,MNXM818,,,,,,3,exact_ymdb_id|exact_metanetx_id
MODEL_CMPD:0002261,s_3767,"N,N'-Chitobiosyldiphosphodolichol",C36H64N2O17P2R,missing,unresolved,local_key_space_exhausted,,,,,,,0,exact_ymdb_id|exact_metanetx_id|exact_chebi_id|exact_kegg_id|exact_pubchem_cid_via_chebi_sdf|unique_normalized_name
MODEL_CMPD:0002265,s_3771,G00171,C86H142N4O67R,missing,unresolved,local_key_space_exhausted,,,,,,,0,exact_ymdb_id|exact_metanetx_id|exact_chebi_id|exact_kegg_id|exact_pubchem_cid_via_chebi_sdf|unique_normalized_name
MODEL_CMPD:0002267,s_3773,G00010,C80H132N4O62R,missing,unresolved,local_key_space_exhausted,,,,,,,0,exact_ymdb_id|exact_metanetx_id|exact_chebi_id|exact_kegg_id|exact_pubchem_cid_via_chebi_sdf|unique_normalized_name
MODEL_CMPD:0002268,s_3774,G00011,C74H122N4O57R,missing,unresolved,local_key_space_exhausted,,,,,,,0,exact_ymdb_id|exact_metanetx_id|exact_chebi_id|exact_kegg_id|exact_pubchem_cid_via_chebi_sdf|unique_normalized_name
MODEL_CMPD:0002269,s_3775,sodium,Na,missing,mapped,mapped,MNXM27,MetaNetX,MNXM27,C:\biological\Metabolic model prediction\Yeast-MetaTwin-zenodo\Data\database\MNXmetabolite_smile.csv,exact_metanetx_id,high,1,exact_ymdb_id|exact_metanetx_id
MODEL_CMPD:0002270,s_3776,potassium,K,parse_failed,mapped,mapped,MNXM95,MetaNetX,MNXM95,C:\biological\Metabolic model prediction\Yeast-MetaTwin-zenodo\Data\database\MNXmetabolite_smile.csv,exact_metanetx_id,high,1,exact_ymdb_id|exact_metanetx_id
MODEL_CMPD:0002271,s_3777,chloride,Cl,missing,mapped,mapped,MNXM43,MetaNetX,MNXM43->MNXM735978,C:\biological\Metabolic model prediction\Yeast-MetaTwin-zenodo\Data\database\mnx_chem_depr.tsv|C:\biological\Metabolic model prediction\Yeast-MetaTwin-zenodo\Data\database\MNXmetabolite_smile.csv,exact_metanetx_deprecated_redirect,high,1,exact_ymdb_id|exact_metanetx_id
MODEL_CMPD:0002272,s_3778,chloride,Cl,missing,mapped,mapped,MNXM43,MetaNetX,MNXM43->MNXM735978,C:\biological\Metabolic model prediction\Yeast-MetaTwin-zenodo\Data\database\mnx_chem_depr.tsv|C:\biological\Metabolic model prediction\Yeast-MetaTwin-zenodo\Data\database\MNXmetabolite_smile.csv,exact_metanetx_deprecated_redirect,high,1,exact_ymdb_id|exact_metanetx_id
MODEL_CMPD:0002276,s_3782,cadmium(2+),Cd,missing,mapped,mapped,MNXM4505,MetaNetX,MNXM4505->MNXM733186,C:\biological\Metabolic model prediction\Yeast-MetaTwin-zenodo\Data\database\mnx_chem_depr.tsv|C:\biological\Metabolic model prediction\Yeast-MetaTwin-zenodo\Data\database\MNXmetabolite_smile.csv,exact_metanetx_deprecated_redirect,high,1,exact_ymdb_id|exact_metanetx_id
MODEL_CMPD:0002277,s_3783,cadmium(2+),Cd,missing,mapped,mapped,MNXM4505,MetaNetX,MNXM4505->MNXM733186,C:\biological\Metabolic model prediction\Yeast-MetaTwin-zenodo\Data\database\mnx_chem_depr.tsv|C:\biological\Metabolic model prediction\Yeast-MetaTwin-zenodo\Data\database\MNXmetabolite_smile.csv,exact_metanetx_deprecated_redirect,high,1,exact_ymdb_id|exact_metanetx_id
MODEL_CMPD:0002278,s_3784,(sulfur carrier)-H,R,missing,unresolved,local_key_space_exhausted,,,,,,,0,exact_ymdb_id|exact_metanetx_id|exact_chebi_id|exact_kegg_id|exact_pubchem_cid_via_chebi_sdf|unique_normalized_name
MODEL_CMPD:0002280,s_3786,(sulfur carrier)-SH,SR,missing,unresolved,local_key_space_exhausted,,,,,,,0,exact_ymdb_id|exact_metanetx_id|exact_chebi_id|exact_kegg_id|exact_pubchem_cid_via_chebi_sdf|unique_normalized_name
MODEL_CMPD:0002300,s_3808,tRNA(Pro),RH,missing,unresolved,local_key_space_exhausted,,,,,,,0,exact_ymdb_id|exact_metanetx_id|exact_chebi_id|exact_kegg_id|exact_pubchem_cid_via_chebi_sdf|unique_normalized_name
MODEL_CMPD:0002301,s_3809,Pro-tRNA(Pro),C5H9NOR,missing,manual_review,formula_conflict,C02702,,,,,,1,exact_ymdb_id|exact_metanetx_id|exact_chebi_id|exact_kegg_id
MODEL_CMPD:0002305,s_3813,superoxide,O2,parse_failed,unresolved,no_parseable_local_structure,superoxide,,,,,,0,exact_ymdb_id|exact_metanetx_id|exact_chebi_id|exact_kegg_id|exact_pubchem_cid_via_chebi_sdf|unique_normalized_name
MODEL_CMPD:0002308,s_3816,[cytochrome c]-L-lysine,C6H13N2O,missing,mapped,mapped,CHEBI:29969,ChEBI,CHEBI:29969,C:\biological\Metabolic model prediction\Yeast-MetaTwin-zenodo\Data\database\chebi_id_smiles.csv,exact_chebi_id,high,1,exact_ymdb_id|exact_metanetx_id|exact_chebi_id
MODEL_CMPD:0002309,s_3817,[cytochrome c]-N6-methyl-L-lysine,C7H15N2O,missing,mapped,mapped,CHEBI:61929,ChEBI,CHEBI:61929,C:\biological\Metabolic model prediction\Yeast-MetaTwin-zenodo\Data\database\chebi_id_smiles.csv,exact_chebi_id,high,1,exact_ymdb_id|exact_metanetx_id|exact_chebi_id
MODEL_CMPD:0002311,s_3819,L-lysine-[histone],C6H13N2OR2,missing,mapped,mapped,CHEBI:29969,ChEBI,CHEBI:29969,C:\biological\Metabolic model prediction\Yeast-MetaTwin-zenodo\Data\database\chebi_id_smiles.csv,exact_chebi_id,high,1,exact_ymdb_id|exact_metanetx_id|exact_chebi_id
MODEL_CMPD:0002313,s_3821,N6-methyl-L-lysine-[histone],C7H15N2OR2,missing,mapped,mapped,CHEBI:61929,ChEBI,CHEBI:61929,C:\biological\Metabolic model prediction\Yeast-MetaTwin-zenodo\Data\database\chebi_id_smiles.csv,exact_chebi_id,high,1,exact_ymdb_id|exact_metanetx_id|exact_chebi_id
MODEL_CMPD:0002316,s_3826,Ferricytochrome b5,Fe,missing,unresolved,local_key_space_exhausted,,,,,,,0,exact_ymdb_id|exact_metanetx_id|exact_chebi_id|exact_kegg_id|exact_pubchem_cid_via_chebi_sdf|unique_normalized_name
MODEL_CMPD:0002317,s_3827,Ferrocytochrome b5,Fe,missing,unresolved,local_key_space_exhausted,,,,,,,0,exact_ymdb_id|exact_metanetx_id|exact_chebi_id|exact_kegg_id|exact_pubchem_cid_via_chebi_sdf|unique_normalized_name
MODEL_CMPD:0002320,s_3830,RX,RX,missing,mapped,mapped,CHEBI:17792,ChEBI,CHEBI:17792,C:\biological\Metabolic model prediction\Yeast-MetaTwin-zenodo\Data\database\chebi_id_smiles.csv,exact_chebi_id,high,1,exact_ymdb_id|exact_metanetx_id|exact_chebi_id
MODEL_CMPD:0002322,s_3832,HX,X,missing,mapped,mapped,CHEBI:16042,ChEBI,CHEBI:16042,C:\biological\Metabolic model prediction\Yeast-MetaTwin-zenodo\Data\database\chebi_id_smiles.csv,exact_chebi_id,high,1,exact_ymdb_id|exact_metanetx_id|exact_chebi_id
MODEL_CMPD:0002323,s_3833,R-S-glutathione,C10H16N3O6SR,missing,mapped,mapped,CHEBI:17021,ChEBI,CHEBI:17021,C:\biological\Metabolic model prediction\Yeast-MetaTwin-zenodo\Data\database\chebi_id_smiles.csv,exact_chebi_id,high,1,exact_ymdb_id|exact_metanetx_id|exact_chebi_id
MODEL_CMPD:0002324,s_3834,RX,RX,missing,mapped,mapped,CHEBI:17792,ChEBI,CHEBI:17792,C:\biological\Metabolic model prediction\Yeast-MetaTwin-zenodo\Data\database\chebi_id_smiles.csv,exact_chebi_id,high,1,exact_ymdb_id|exact_metanetx_id|exact_chebi_id
MODEL_CMPD:0002325,s_3835,HX,X,missing,mapped,mapped,CHEBI:16042,ChEBI,CHEBI:16042,C:\biological\Metabolic model prediction\Yeast-MetaTwin-zenodo\Data\database\chebi_id_smiles.csv,exact_chebi_id,high,1,exact_ymdb_id|exact_metanetx_id|exact_chebi_id
MODEL_CMPD:0002326,s_3836,R-S-glutathione,C10H16N3O6SR,missing,mapped,mapped,CHEBI:17021,ChEBI,CHEBI:17021,C:\biological\Metabolic model prediction\Yeast-MetaTwin-zenodo\Data\database\chebi_id_smiles.csv,exact_chebi_id,high,1,exact_ymdb_id|exact_metanetx_id|exact_chebi_id
MODEL_CMPD:0002332,s_3842,RX,RX,missing,mapped,mapped,CHEBI:17792,ChEBI,CHEBI:17792,C:\biological\Metabolic model prediction\Yeast-MetaTwin-zenodo\Data\database\chebi_id_smiles.csv,exact_chebi_id,high,1,exact_ymdb_id|exact_metanetx_id|exact_chebi_id
MODEL_CMPD:0002334,s_3844,HX,X,missing,mapped,mapped,CHEBI:16042,ChEBI,CHEBI:16042,C:\biological\Metabolic model prediction\Yeast-MetaTwin-zenodo\Data\database\chebi_id_smiles.csv,exact_chebi_id,high,1,exact_ymdb_id|exact_metanetx_id|exact_chebi_id
MODEL_CMPD:0002335,s_3845,R-S-glutathione,C10H16N3O6SR,missing,mapped,mapped,CHEBI:17021,ChEBI,CHEBI:17021,C:\biological\Metabolic model prediction\Yeast-MetaTwin-zenodo\Data\database\chebi_id_smiles.csv,exact_chebi_id,high,1,exact_ymdb_id|exact_metanetx_id|exact_chebi_id
MODEL_CMPD:0002343,s_3853,R-S-Cysteinylglycine,C5H9N2O3SR,missing,mapped,mapped,C05729,KEGG,C05729,C:\biological\Metabolic model prediction\Yeast-MetaTwin-zenodo\Data\database\kegg_compound.txt,exact_kegg_id,high,1,exact_ymdb_id|exact_metanetx_id|exact_chebi_id|exact_kegg_id
MODEL_CMPD:0002344,s_3854,S-Substituted L-cysteine,C3H6NO2SR,missing,mapped,mapped,CHEBI:47910,ChEBI,CHEBI:47910,C:\biological\Metabolic model prediction\Yeast-MetaTwin-zenodo\Data\database\chebi_id_smiles.csv,exact_chebi_id,high,1,exact_ymdb_id|exact_metanetx_id|exact_chebi_id
MODEL_CMPD:0002346,s_3856,Glycyl-tRNA(Ala),C2H5NOR,missing,unresolved,local_key_space_exhausted,,,,,,,0,exact_ymdb_id|exact_metanetx_id|exact_chebi_id|exact_kegg_id|exact_pubchem_cid_via_chebi_sdf|unique_normalized_name
MODEL_CMPD:0002347,s_3857,D-tyrosyl-tRNA(Tyr),C9H11NO2R,missing,unresolved,local_key_space_exhausted,,,,,,,0,exact_ymdb_id|exact_metanetx_id|exact_chebi_id|exact_kegg_id|exact_pubchem_cid_via_chebi_sdf|unique_normalized_name
MODEL_CMPD:0002355,s_3865,sterols,C19H31OR,missing,mapped,mapped,CHEBI:15889,ChEBI,CHEBI:15889,C:\biological\Metabolic model prediction\Yeast-MetaTwin-zenodo\Data\database\chebi_id_smiles.csv,exact_chebi_id,high,1,exact_ymdb_id|exact_metanetx_id|exact_chebi_id
MODEL_CMPD:0002356,s_3866,sterols,C19H31OR,missing,mapped,mapped,CHEBI:15889,ChEBI,CHEBI:15889,C:\biological\Metabolic model prediction\Yeast-MetaTwin-zenodo\Data\database\chebi_id_smiles.csv,exact_chebi_id,high,1,exact_ymdb_id|exact_metanetx_id|exact_chebi_id
MODEL_CMPD:0002364,s_3876,Protein C-terminal S-farnesyl-L-cysteine,C20H32N2O3SR,missing,manual_review,formula_conflict,C04506,,,,,,1,exact_ymdb_id|exact_metanetx_id|exact_chebi_id|exact_kegg_id
MODEL_CMPD:0002365,s_3877,Protein C-terminal S-farnesyl-L-cysteine methyl ester,C21H35N2O3SR,missing,manual_review,formula_conflict,C04748,,,,,,1,exact_ymdb_id|exact_metanetx_id|exact_chebi_id|exact_kegg_id
MODEL_CMPD:0002366,s_3878,1-phosphatidyl-1D-myo-inositol,C11H16O13PR2,missing,mapped,mapped,CHEBI:57880,ChEBI,CHEBI:57880,C:\biological\Metabolic model prediction\Yeast-MetaTwin-zenodo\Data\database\chebi_id_smiles.csv,exact_chebi_id,high,1,exact_ymdb_id|exact_metanetx_id|exact_chebi_id
MODEL_CMPD:0002367,s_3879,G00143,C19H29NO18PR2,missing,manual_review,formula_conflict,MNXM92477,,,,,,1,exact_ymdb_id|exact_metanetx_id
MODEL_CMPD:0002368,s_3880,Ca(2+),Ca,missing,mapped,mapped,MNXM128,MetaNetX,MNXM128,C:\biological\Metabolic model prediction\Yeast-MetaTwin-zenodo\Data\database\MNXmetabolite_smile.csv,exact_metanetx_id,high,1,exact_ymdb_id|exact_metanetx_id
MODEL_CMPD:0002370,s_3882,Ca(2+),Ca,missing,mapped,mapped,MNXM128,MetaNetX,MNXM128,C:\biological\Metabolic model prediction\Yeast-MetaTwin-zenodo\Data\database\MNXmetabolite_smile.csv,exact_metanetx_id,high,1,exact_ymdb_id|exact_metanetx_id
MODEL_CMPD:0002372,s_3884,generic protein,C2H4NOR,missing,manual_review,formula_conflict,C00017,,,,,,1,exact_ymdb_id|exact_metanetx_id|exact_chebi_id|exact_kegg_id
MODEL_CMPD:0002373,s_3885,L-Arginyl-protein,C8H17N5O2R,missing,manual_review,formula_conflict,C16739,,,,,,1,exact_ymdb_id|exact_metanetx_id|exact_chebi_id|exact_kegg_id
MODEL_CMPD:0002374,s_3886,Protein asparagine,C4H6N2O2R,missing,mapped,mapped,CHEBI:50347,ChEBI,CHEBI:50347,C:\biological\Metabolic model prediction\Yeast-MetaTwin-zenodo\Data\database\chebi_id_smiles.csv,exact_chebi_id,high,1,exact_ymdb_id|exact_metanetx_id|exact_chebi_id
MODEL_CMPD:0002375,s_3887,G00008,C108H182N2O77P2R,missing,manual_review,formula_conflict,MNXM9308,,,,,,1,exact_ymdb_id|exact_metanetx_id
MODEL_CMPD:0002376,s_3888,Dolichyl diphosphate,C20H35O7P2R,missing,manual_review,formula_conflict,MNXM2370,,,,,,4,exact_ymdb_id|exact_metanetx_id
MODEL_CMPD:0002377,s_3889,G00009,C92H152N4O72R,missing,mapped,mapped,CHEBI:132537,ChEBI,CHEBI:132537,C:\biological\Metabolic model prediction\Yeast-MetaTwin-zenodo\Data\database\chebi_id_smiles.csv,exact_chebi_id,high,1,exact_ymdb_id|exact_metanetx_id|exact_chebi_id
MODEL_CMPD:0002379,s_3891,G10694,C68H112N4O52R,missing,unresolved,local_key_space_exhausted,,,,,,,0,exact_ymdb_id|exact_metanetx_id|exact_chebi_id|exact_kegg_id|exact_pubchem_cid_via_chebi_sdf|unique_normalized_name
MODEL_CMPD:0002381,s_3893,G01813,C74H122N4O57R,missing,unresolved,local_key_space_exhausted,,,,,,,0,exact_ymdb_id|exact_metanetx_id|exact_chebi_id|exact_kegg_id|exact_pubchem_cid_via_chebi_sdf|unique_normalized_name
MODEL_CMPD:0002382,s_3894,G00003,C42H72N2O22P2R,missing,unresolved,local_key_space_exhausted,,,,,,,0,exact_ymdb_id|exact_metanetx_id|exact_chebi_id|exact_kegg_id|exact_pubchem_cid_via_chebi_sdf|unique_normalized_name
MODEL_CMPD:0002383,s_3895,G00004,C48H82N2O27P2R,missing,unresolved,local_key_space_exhausted,,,,,,,0,exact_ymdb_id|exact_metanetx_id|exact_chebi_id|exact_kegg_id|exact_pubchem_cid_via_chebi_sdf|unique_normalized_name
MODEL_CMPD:0002384,s_3896,G00005,C54H92N2O32P2R,missing,unresolved,local_key_space_exhausted,,,,,,,0,exact_ymdb_id|exact_metanetx_id|exact_chebi_id|exact_kegg_id|exact_pubchem_cid_via_chebi_sdf|unique_normalized_name
MODEL_CMPD:0002390,s_3902,non glycosylated sugar acceptor,HOR,missing,unresolved,local_key_space_exhausted,,,,,,,0,exact_ymdb_id|exact_metanetx_id|exact_chebi_id|exact_kegg_id|exact_pubchem_cid_via_chebi_sdf|unique_normalized_name
MODEL_CMPD:0002395,s_3907,phosphatidate,C5H7O8PR2,missing,manual_review,formula_conflict,MNXM96054,,,,,,1,exact_ymdb_id|exact_metanetx_id
MODEL_CMPD:0002396,s_3908,CDP-diacylglycerol,C14H19N3O15P2R2,missing,mapped,mapped,CHEBI:17962,ChEBI,CHEBI:17962,C:\biological\Metabolic model prediction\Yeast-MetaTwin-zenodo\Data\database\chebi_id_smiles.csv,exact_chebi_id,high,1,exact_ymdb_id|exact_metanetx_id|exact_chebi_id
MODEL_CMPD:0002397,s_3909,Sulfur donor,,missing,unresolved,local_key_space_exhausted,,,,,,,0,exact_ymdb_id|exact_metanetx_id|exact_chebi_id|exact_kegg_id|exact_pubchem_cid_via_chebi_sdf|unique_normalized_name
MODEL_CMPD:0002399,s_3911,Dolichyl beta-D-glucosyl phosphate,C26H46O9PR,missing,manual_review,formula_conflict,MNXM145615,,,,,,2,exact_ymdb_id|exact_metanetx_id
MODEL_CMPD:0002400,s_3912,G10599,C102H172N2O72P2R,missing,unresolved,local_key_space_exhausted,,,,,,,0,exact_ymdb_id|exact_metanetx_id|exact_chebi_id|exact_kegg_id|exact_pubchem_cid_via_chebi_sdf|unique_normalized_name
MODEL_CMPD:0002401,s_3913,nitric oxide,NO,parse_failed,manual_review,formula_conflict,MNXM228,,,,,,1,exact_ymdb_id|exact_metanetx_id
MODEL_CMPD:0002405,s_3917,Apoprotein,NH2R,missing,mapped,mapped,C16240,KEGG,C16240,C:\biological\Metabolic model prediction\Yeast-MetaTwin-zenodo\Data\database\kegg_compound.txt,exact_kegg_id,high,1,exact_ymdb_id|exact_metanetx_id|exact_chebi_id|exact_kegg_id
MODEL_CMPD:0002406,s_3918,Protein N6-(lipoyl)lysine,C8H14NOS2R,missing,mapped,mapped,C16237,KEGG,C16237,C:\biological\Metabolic model prediction\Yeast-MetaTwin-zenodo\Data\database\kegg_compound.txt,exact_kegg_id,high,1,exact_ymdb_id|exact_metanetx_id|exact_chebi_id|exact_kegg_id
MODEL_CMPD:0002410,s_3926,chloride,Cl,missing,mapped,mapped,MNXM43,MetaNetX,MNXM43->MNXM735978,C:\biological\Metabolic model prediction\Yeast-MetaTwin-zenodo\Data\database\mnx_chem_depr.tsv|C:\biological\Metabolic model prediction\Yeast-MetaTwin-zenodo\Data\database\MNXmetabolite_smile.csv,exact_metanetx_deprecated_redirect,high,1,exact_ymdb_id|exact_metanetx_id
MODEL_CMPD:0002411,s_3927,ribonucleoside 5'-triphosphate,C5H8O13P3R,missing,manual_review,formula_conflict,MNXM96380,,,,,,1,exact_ymdb_id|exact_metanetx_id
MODEL_CMPD:0002412,s_3928,ribonucleoside 5'-phosphate,C5H8O7PR,missing,mapped,mapped,CHEBI:58043,ChEBI,CHEBI:58043,C:\biological\Metabolic model prediction\Yeast-MetaTwin-zenodo\Data\database\chebi_id_smiles.csv,exact_chebi_id,high,1,exact_ymdb_id|exact_metanetx_id|exact_chebi_id
MODEL_CMPD:0002413,s_3929,2'-deoxyribonucleoside 5'-triphosphate,C5H8O12P3R,missing,mapped,mapped,CHEBI:61560,ChEBI,CHEBI:61560,C:\biological\Metabolic model prediction\Yeast-MetaTwin-zenodo\Data\database\chebi_id_smiles.csv,exact_chebi_id,high,1,exact_ymdb_id|exact_metanetx_id|exact_chebi_id
MODEL_CMPD:0002414,s_3930,2'-deoxyribonucleoside 5'-phosphate,C5H8O6PR,missing,mapped,mapped,CHEBI:65317,ChEBI,CHEBI:65317,C:\biological\Metabolic model prediction\Yeast-MetaTwin-zenodo\Data\database\chebi_id_smiles.csv,exact_chebi_id,high,1,exact_ymdb_id|exact_metanetx_id|exact_chebi_id
MODEL_CMPD:0002415,s_3931,superoxide,O2,parse_failed,unresolved,no_parseable_local_structure,superoxide,,,,,,0,exact_ymdb_id|exact_metanetx_id|exact_chebi_id|exact_kegg_id|exact_pubchem_cid_via_chebi_sdf|unique_normalized_name
MODEL_CMPD:0002416,s_3932,G00012,C50H82N4O37,missing,unresolved,local_key_space_exhausted,,,,,,,0,exact_ymdb_id|exact_metanetx_id|exact_chebi_id|exact_kegg_id|exact_pubchem_cid_via_chebi_sdf|unique_normalized_name
MODEL_CMPD:0002421,s_3937,Acyl-CoA,C22H31N7O17P3SR,missing,mapped,mapped,CHEBI:58342,ChEBI,CHEBI:58342,C:\biological\Metabolic model prediction\Yeast-MetaTwin-zenodo\Data\database\chebi_id_smiles.csv,exact_chebi_id,high,1,exact_ymdb_id|exact_metanetx_id|exact_chebi_id
MODEL_CMPD:0002422,s_3938,1-acyl-sn-glycerol 3-phosphate,C4H6O7PR,missing,mapped,mapped,CHEBI:57970,ChEBI,CHEBI:57970,C:\biological\Metabolic model prediction\Yeast-MetaTwin-zenodo\Data\database\chebi_id_smiles.csv,exact_chebi_id,high,1,exact_ymdb_id|exact_metanetx_id|exact_chebi_id
MODEL_CMPD:0002423,s_3939,"1,2-diacyl-sn-glycerol 3-phosphate",C5H5O8PR2,missing,manual_review,formula_conflict,MNXM96054,,,,,,1,exact_ymdb_id|exact_metanetx_id
MODEL_CMPD:0002424,s_3940,Peptide diphthine,C13H20N4O3R2,missing,manual_review,formula_conflict,MNXM3980,,,,,,1,exact_ymdb_id|exact_metanetx_id
MODEL_CMPD:0002425,s_3941,Peptide diphthamide,C13H22N5O2R2,missing,mapped,mapped,CHEBI:82696,ChEBI,CHEBI:82696,C:\biological\Metabolic model prediction\Yeast-MetaTwin-zenodo\Data\database\chebi_id_smiles.csv,exact_chebi_id,high,1,exact_ymdb_id|exact_metanetx_id|exact_chebi_id
MODEL_CMPD:0002428,s_3944,Apoprotein,NH2R,missing,mapped,mapped,C16240,KEGG,C16240,C:\biological\Metabolic model prediction\Yeast-MetaTwin-zenodo\Data\database\kegg_compound.txt,exact_kegg_id,high,1,exact_ymdb_id|exact_metanetx_id|exact_chebi_id|exact_kegg_id
MODEL_CMPD:0002429,s_3945,Protein N6-(octanoyl)lysine,C8H16NOR,missing,mapped,mapped,C16236,KEGG,C16236,C:\biological\Metabolic model prediction\Yeast-MetaTwin-zenodo\Data\database\kegg_compound.txt,exact_kegg_id,high,1,exact_ymdb_id|exact_metanetx_id|exact_chebi_id|exact_kegg_id
MODEL_CMPD:0002430,s_3946,Lipoyl-[acp],C8H13OS3R,missing,mapped,mapped,C16239,KEGG,C16239,C:\biological\Metabolic model prediction\Yeast-MetaTwin-zenodo\Data\database\kegg_compound.txt,exact_kegg_id,high,1,exact_ymdb_id|exact_metanetx_id|exact_chebi_id|exact_kegg_id
MODEL_CMPD:0002431,s_3947,Protein N6-(lipoyl)lysine,C8H14NOS2R,missing,mapped,mapped,C16237,KEGG,C16237,C:\biological\Metabolic model prediction\Yeast-MetaTwin-zenodo\Data\database\kegg_compound.txt,exact_kegg_id,high,1,exact_ymdb_id|exact_metanetx_id|exact_chebi_id|exact_kegg_id
MODEL_CMPD:0002466,s_3985,phospholipid,C5H6O8PR3,missing,mapped,mapped,C00865,KEGG,C00865,C:\biological\Metabolic model prediction\Yeast-MetaTwin-zenodo\Data\database\kegg_compound.txt,exact_kegg_id,high,1,exact_ymdb_id|exact_metanetx_id|exact_chebi_id|exact_kegg_id
MODEL_CMPD:0002467,s_3986,phospholipid,C5H6O8PR3,missing,mapped,mapped,C00865,KEGG,C00865,C:\biological\Metabolic model prediction\Yeast-MetaTwin-zenodo\Data\database\kegg_compound.txt,exact_kegg_id,high,1,exact_ymdb_id|exact_metanetx_id|exact_chebi_id|exact_kegg_id
MODEL_CMPD:0002470,s_3989,G10526,C66H112N2O42P2R,missing,unresolved,local_key_space_exhausted,,,,,,,0,exact_ymdb_id|exact_metanetx_id|exact_chebi_id|exact_kegg_id|exact_pubchem_cid_via_chebi_sdf|unique_normalized_name
MODEL_CMPD:0002471,s_3990,G00006,C78H132N2O52P2R,missing,unresolved,local_key_space_exhausted,,,,,,,0,exact_ymdb_id|exact_metanetx_id|exact_chebi_id|exact_kegg_id|exact_pubchem_cid_via_chebi_sdf|unique_normalized_name
MODEL_CMPD:0002474,s_3993,G10595,C72H122N2O47P2R,missing,unresolved,local_key_space_exhausted,,,,,,,0,exact_ymdb_id|exact_metanetx_id|exact_chebi_id|exact_kegg_id|exact_pubchem_cid_via_chebi_sdf|unique_normalized_name
MODEL_CMPD:0002475,s_3994,G10596,C78H132N2O52P2R,missing,unresolved,local_key_space_exhausted,,,,,,,0,exact_ymdb_id|exact_metanetx_id|exact_chebi_id|exact_kegg_id|exact_pubchem_cid_via_chebi_sdf|unique_normalized_name
MODEL_CMPD:0002476,s_3995,G10597,C84H142N2O57P2R,missing,unresolved,local_key_space_exhausted,,,,,,,0,exact_ymdb_id|exact_metanetx_id|exact_chebi_id|exact_kegg_id|exact_pubchem_cid_via_chebi_sdf|unique_normalized_name
MODEL_CMPD:0002477,s_3996,G00007,C90H152N2O62P2R,missing,manual_review,formula_conflict,MNXM31425,,,,,,3,exact_ymdb_id|exact_metanetx_id
MODEL_CMPD:0002481,s_4000,Dextrin,C12H20O10,missing,manual_review,formula_conflict,C00721,,,,,,1,exact_ymdb_id|exact_metanetx_id|exact_chebi_id|exact_kegg_id
MODEL_CMPD:0002482,s_4001,G10598,C96H162N2O67P2R,missing,unresolved,local_key_space_exhausted,,,,,,,0,exact_ymdb_id|exact_metanetx_id|exact_chebi_id|exact_kegg_id|exact_pubchem_cid_via_chebi_sdf|unique_normalized_name
MODEL_CMPD:0002483,s_4002,G00149,,missing,unresolved,local_key_space_exhausted,,,,,,,0,exact_ymdb_id|exact_metanetx_id|exact_chebi_id|exact_kegg_id|exact_pubchem_cid_via_chebi_sdf|unique_normalized_name
MODEL_CMPD:0002484,s_4003,G00140,,missing,unresolved,local_key_space_exhausted,,,,,,,0,exact_ymdb_id|exact_metanetx_id|exact_chebi_id|exact_kegg_id|exact_pubchem_cid_via_chebi_sdf|unique_normalized_name
MODEL_CMPD:0002485,s_4004,Sulfur donor,,missing,unresolved,local_key_space_exhausted,,,,,,,0,exact_ymdb_id|exact_metanetx_id|exact_chebi_id|exact_kegg_id|exact_pubchem_cid_via_chebi_sdf|unique_normalized_name
MODEL_CMPD:0002487,s_4006,S-sulfanyl-[L-cysteine desulfurase],,missing,unresolved,local_key_space_exhausted,,,,,,,0,exact_ymdb_id|exact_metanetx_id|exact_chebi_id|exact_kegg_id|exact_pubchem_cid_via_chebi_sdf|unique_normalized_name
MODEL_CMPD:0002488,s_4007,[disordered-form [Fe-S] cluster scaffold protein],,missing,unresolved,local_key_space_exhausted,,,,,,,0,exact_ymdb_id|exact_metanetx_id|exact_chebi_id|exact_kegg_id|exact_pubchem_cid_via_chebi_sdf|unique_normalized_name
MODEL_CMPD:0002489,s_4008,S-sulfanyl-[cysteine desulfurase]-[disordered-form scaffold protein] complex,,missing,unresolved,local_key_space_exhausted,,,,,,,0,exact_ymdb_id|exact_metanetx_id|exact_chebi_id|exact_kegg_id|exact_pubchem_cid_via_chebi_sdf|unique_normalized_name
MODEL_CMPD:0002499,s_4018,polyphosphate,HO7P2,missing,manual_review,formula_conflict,MNXM77738,,,,,,2,exact_ymdb_id|exact_metanetx_id
MODEL_CMPD:0002500,s_4019,Cu2(+),Cu,missing,mapped,mapped,MNXM632,MetaNetX,MNXM632->MNXM731166,C:\biological\Metabolic model prediction\Yeast-MetaTwin-zenodo\Data\database\mnx_chem_depr.tsv|C:\biological\Metabolic model prediction\Yeast-MetaTwin-zenodo\Data\database\MNXmetabolite_smile.csv,exact_metanetx_deprecated_redirect,high,1,exact_ymdb_id|exact_metanetx_id
MODEL_CMPD:0002501,s_4020,Cu2(+),Cu,missing,mapped,mapped,MNXM632,MetaNetX,MNXM632->MNXM731166,C:\biological\Metabolic model prediction\Yeast-MetaTwin-zenodo\Data\database\mnx_chem_depr.tsv|C:\biological\Metabolic model prediction\Yeast-MetaTwin-zenodo\Data\database\MNXmetabolite_smile.csv,exact_metanetx_deprecated_redirect,high,1,exact_ymdb_id|exact_metanetx_id
MODEL_CMPD:0002505,s_4024,Starch,C12H22O11,missing,unresolved,local_key_space_exhausted,,,,,,,0,exact_ymdb_id|exact_metanetx_id|exact_chebi_id|exact_kegg_id|exact_pubchem_cid_via_chebi_sdf|unique_normalized_name
MODEL_CMPD:0002509,s_4028,RX,RX,missing,mapped,mapped,CHEBI:17792,ChEBI,CHEBI:17792,C:\biological\Metabolic model prediction\Yeast-MetaTwin-zenodo\Data\database\chebi_id_smiles.csv,exact_chebi_id,high,1,exact_ymdb_id|exact_metanetx_id|exact_chebi_id
MODEL_CMPD:0002510,s_4029,HX,X,missing,mapped,mapped,CHEBI:16042,ChEBI,CHEBI:16042,C:\biological\Metabolic model prediction\Yeast-MetaTwin-zenodo\Data\database\chebi_id_smiles.csv,exact_chebi_id,high,1,exact_ymdb_id|exact_metanetx_id|exact_chebi_id
MODEL_CMPD:0002511,s_4030,R-S-glutathione,C10H16N3O6SR,missing,mapped,mapped,CHEBI:17021,ChEBI,CHEBI:17021,C:\biological\Metabolic model prediction\Yeast-MetaTwin-zenodo\Data\database\chebi_id_smiles.csv,exact_chebi_id,high,1,exact_ymdb_id|exact_metanetx_id|exact_chebi_id
MODEL_CMPD:0002513,s_4032,[protein]-L-lysine,C6H13N2O,missing,mapped,mapped,CHEBI:29969,ChEBI,CHEBI:29969,C:\biological\Metabolic model prediction\Yeast-MetaTwin-zenodo\Data\database\chebi_id_smiles.csv,exact_chebi_id,high,1,exact_ymdb_id|exact_metanetx_id|exact_chebi_id
MODEL_CMPD:0002514,s_4033,[protein]-N(6)-acetyl-L-lysine,C8H14N2O2,missing,mapped,mapped,CHEBI:61930,ChEBI,CHEBI:61930,C:\biological\Metabolic model prediction\Yeast-MetaTwin-zenodo\Data\database\chebi_id_smiles.csv,exact_chebi_id,high,1,exact_ymdb_id|exact_metanetx_id|exact_chebi_id
MODEL_CMPD:0002674,s_4197,Ca(2+),Ca,missing,mapped,mapped,MNXM128,MetaNetX,MNXM128,C:\biological\Metabolic model prediction\Yeast-MetaTwin-zenodo\Data\database\MNXmetabolite_smile.csv,exact_metanetx_id,high,1,exact_ymdb_id|exact_metanetx_id
MODEL_CMPD:0002676,s_4199,Ca(2+),Ca,missing,mapped,mapped,MNXM128,MetaNetX,MNXM128,C:\biological\Metabolic model prediction\Yeast-MetaTwin-zenodo\Data\database\MNXmetabolite_smile.csv,exact_metanetx_id,high,1,exact_ymdb_id|exact_metanetx_id
MODEL_CMPD:0002677,s_4200,chloride,Cl,missing,mapped,mapped,MNXM43,MetaNetX,MNXM43->MNXM735978,C:\biological\Metabolic model prediction\Yeast-MetaTwin-zenodo\Data\database\mnx_chem_depr.tsv|C:\biological\Metabolic model prediction\Yeast-MetaTwin-zenodo\Data\database\MNXmetabolite_smile.csv,exact_metanetx_deprecated_redirect,high,1,exact_ymdb_id|exact_metanetx_id
MODEL_CMPD:0002678,s_4201,Cu2(+),Cu,missing,mapped,mapped,MNXM632,MetaNetX,MNXM632->MNXM731166,C:\biological\Metabolic model prediction\Yeast-MetaTwin-zenodo\Data\database\mnx_chem_depr.tsv|C:\biological\Metabolic model prediction\Yeast-MetaTwin-zenodo\Data\database\MNXmetabolite_smile.csv,exact_metanetx_deprecated_redirect,high,1,exact_ymdb_id|exact_metanetx_id
MODEL_CMPD:0002682,s_4205,cofactor,,missing,mapped,mapped,cofactor,Yeast-GEM,cofactor,C:\biological\Metabolic model prediction\Yeast-MetaTwin-zenodo\Data\yeast_gem_smiles.json,unique_normalized_name,medium,1,exact_ymdb_id|exact_metanetx_id|exact_chebi_id|exact_kegg_id|exact_pubchem_cid_via_chebi_sdf|unique_normalized_name
MODEL_CMPD:0002683,s_4206,ion,,missing,unresolved,local_key_space_exhausted,,,,,,,0,exact_ymdb_id|exact_metanetx_id|exact_chebi_id|exact_kegg_id|exact_pubchem_cid_via_chebi_sdf|unique_normalized_name
MODEL_CMPD:0002685,s_4209,Ferrocytochrome b5,,missing,unresolved,local_key_space_exhausted,,,,,,,0,exact_ymdb_id|exact_metanetx_id|exact_chebi_id|exact_kegg_id|exact_pubchem_cid_via_chebi_sdf|unique_normalized_name
MODEL_CMPD:0002686,s_4210,Ferricytochrome b5,,missing,unresolved,local_key_space_exhausted,,,,,,,0,exact_ymdb_id|exact_metanetx_id|exact_chebi_id|exact_kegg_id|exact_pubchem_cid_via_chebi_sdf|unique_normalized_name
MODEL_CMPD:0002687,s_4211,hexanoyl-CoA,,missing,manual_review,multiple_structures_for_key,hexanoyl-coa,,,,,,2,exact_ymdb_id|exact_metanetx_id|exact_chebi_id|exact_kegg_id|exact_pubchem_cid_via_chebi_sdf|unique_normalized_name
MODEL_CMPD:0002730,s_4254,tyrosyl acetate,C10H12O3,missing,unresolved,local_key_space_exhausted,,,,,,,0,exact_ymdb_id|exact_metanetx_id|exact_chebi_id|exact_kegg_id|exact_pubchem_cid_via_chebi_sdf|unique_normalized_name
MODEL_CMPD:0002731,s_4255,tyrosyl acetate,C10H12O3,missing,unresolved,local_key_space_exhausted,,,,,,,0,exact_ymdb_id|exact_metanetx_id|exact_chebi_id|exact_kegg_id|exact_pubchem_cid_via_chebi_sdf|unique_normalized_name
MODEL_CMPD:0002732,s_4256,methionyl acetate,C6H12O2S,missing,mapped,mapped,methionyl acetate,Yeast-GEM,methionyl acetate,C:\biological\Metabolic model prediction\Yeast-MetaTwin-zenodo\Data\yeast_gem_smiles.json,unique_normalized_name,medium,1,exact_ymdb_id|exact_metanetx_id|exact_chebi_id|exact_kegg_id|exact_pubchem_cid_via_chebi_sdf|unique_normalized_name
MODEL_CMPD:0002733,s_4257,methionyl acetate,C6H12O2S,missing,mapped,mapped,methionyl acetate,Yeast-GEM,methionyl acetate,C:\biological\Metabolic model prediction\Yeast-MetaTwin-zenodo\Data\yeast_gem_smiles.json,unique_normalized_name,medium,1,exact_ymdb_id|exact_metanetx_id|exact_chebi_id|exact_kegg_id|exact_pubchem_cid_via_chebi_sdf|unique_normalized_name
MODEL_CMPD:0002740,s_4265,alkanesulfonate,CH3O3SR,missing,mapped,mapped,CHEBI:62081,ChEBI,CHEBI:62081,C:\biological\Metabolic model prediction\Yeast-MetaTwin-zenodo\Data\database\chebi_id_smiles.csv,exact_chebi_id,high,1,exact_ymdb_id|exact_metanetx_id|exact_chebi_id
MODEL_CMPD:0002741,s_4266,alkanesulfonate,CH3O3SR,missing,mapped,mapped,CHEBI:62081,ChEBI,CHEBI:62081,C:\biological\Metabolic model prediction\Yeast-MetaTwin-zenodo\Data\database\chebi_id_smiles.csv,exact_chebi_id,high,1,exact_ymdb_id|exact_metanetx_id|exact_chebi_id
MODEL_CMPD:0002765,s_4290,polyphosphate,HO7P2,missing,manual_review,formula_conflict,MNXM77738,,,,,,2,exact_ymdb_id|exact_metanetx_id
MODEL_CMPD:0002766,s_4291,polyphosphate,HO7P2,missing,manual_review,formula_conflict,MNXM77738,,,,,,2,exact_ymdb_id|exact_metanetx_id
MODEL_CMPD:0002767,s_4292,polyphosphate,HO7P2,missing,manual_review,formula_conflict,MNXM77738,,,,,,2,exact_ymdb_id|exact_metanetx_id
MODEL_CMPD:0002807,sn_1,YMDB01797,,missing,mapped,mapped,YMDB01797,YMDB,YMDB01797,C:\biological\Metabolic model prediction\Yeast-MetaTwin-zenodo\Data\database\ymdb\ymdb.csv,exact_ymdb_id,high,1,exact_ymdb_id
MODEL_CMPD:0002808,sn_10,YMDB16028,,missing,mapped,mapped,YMDB16028,YMDB,YMDB16028,C:\biological\Metabolic model prediction\Yeast-MetaTwin-zenodo\Data\database\ymdb\ymdb.csv,exact_ymdb_id,high,1,exact_ymdb_id
MODEL_CMPD:0002809,sn_100,YMDB00800,,missing,mapped,mapped,YMDB00800,YMDB,YMDB00800,C:\biological\Metabolic model prediction\Yeast-MetaTwin-zenodo\Data\database\ymdb\ymdb.csv,exact_ymdb_id,high,1,exact_ymdb_id
MODEL_CMPD:0002810,sn_101,YMDB00333,,missing,mapped,mapped,YMDB00333,YMDB,YMDB00333,C:\biological\Metabolic model prediction\Yeast-MetaTwin-zenodo\Data\database\ymdb\ymdb.csv,exact_ymdb_id,high,1,exact_ymdb_id
MODEL_CMPD:0002811,sn_102,YMDB15414,,missing,mapped,mapped,YMDB15414,YMDB,YMDB15414,C:\biological\Metabolic model prediction\Yeast-MetaTwin-zenodo\Data\database\ymdb\ymdb.csv,exact_ymdb_id,high,1,exact_ymdb_id
MODEL_CMPD:0002812,sn_103,YMDB16210,,missing,mapped,mapped,YMDB16210,YMDB,YMDB16210,C:\biological\Metabolic model prediction\Yeast-MetaTwin-zenodo\Data\database\ymdb\ymdb.csv,exact_ymdb_id,high,1,exact_ymdb_id
MODEL_CMPD:0002813,sn_104,YMDB13365,,missing,mapped,mapped,YMDB13365,YMDB,YMDB13365,C:\biological\Metabolic model prediction\Yeast-MetaTwin-zenodo\Data\database\ymdb\ymdb.csv,exact_ymdb_id,high,1,exact_ymdb_id
MODEL_CMPD:0002814,sn_105,YMDB01336,,missing,mapped,mapped,YMDB01336,YMDB,YMDB01336,C:\biological\Metabolic model prediction\Yeast-MetaTwin-zenodo\Data\database\ymdb\ymdb.csv,exact_ymdb_id,high,1,exact_ymdb_id
MODEL_CMPD:0002815,sn_106,YMDB01304,,missing,mapped,mapped,YMDB01304,YMDB,YMDB01304,C:\biological\Metabolic model prediction\Yeast-MetaTwin-zenodo\Data\database\ymdb\ymdb.csv,exact_ymdb_id,high,1,exact_ymdb_id
MODEL_CMPD:0002816,sn_107,YMDB00662,,missing,mapped,mapped,YMDB00662,YMDB,YMDB00662,C:\biological\Metabolic model prediction\Yeast-MetaTwin-zenodo\Data\database\ymdb\ymdb.csv,exact_ymdb_id,high,1,exact_ymdb_id
MODEL_CMPD:0002817,sn_108,YMDB01127,,missing,mapped,mapped,YMDB01127,YMDB,YMDB01127,C:\biological\Metabolic model prediction\Yeast-MetaTwin-zenodo\Data\database\ymdb\ymdb.csv,exact_ymdb_id,high,1,exact_ymdb_id
MODEL_CMPD:0002818,sn_109,YMDB01358,,missing,mapped,mapped,YMDB01358,YMDB,YMDB01358,C:\biological\Metabolic model prediction\Yeast-MetaTwin-zenodo\Data\database\ymdb\ymdb.csv,exact_ymdb_id,high,1,exact_ymdb_id
MODEL_CMPD:0002819,sn_11,YMDB13322,,missing,mapped,mapped,YMDB13322,YMDB,YMDB13322,C:\biological\Metabolic model prediction\Yeast-MetaTwin-zenodo\Data\database\ymdb\ymdb.csv,exact_ymdb_id,high,1,exact_ymdb_id
MODEL_CMPD:0002820,sn_110,sn_110,,missing,unresolved,local_key_space_exhausted,,,,,,,0,exact_ymdb_id|exact_metanetx_id|exact_chebi_id|exact_kegg_id|exact_pubchem_cid_via_chebi_sdf|unique_normalized_name
MODEL_CMPD:0002821,sn_111,YMDB00315,,missing,mapped,mapped,YMDB00315,YMDB,YMDB00315,C:\biological\Metabolic model prediction\Yeast-MetaTwin-zenodo\Data\database\ymdb\ymdb.csv,exact_ymdb_id,high,1,exact_ymdb_id
MODEL_CMPD:0002822,sn_112,YMDB00813_YMDB00817,,missing,manual_review,multiple_structures_for_key,YMDB00813|YMDB00817,,,,,,2,exact_ymdb_id
MODEL_CMPD:0002823,sn_113,YMDB16034,,missing,mapped,mapped,YMDB16034,YMDB,YMDB16034,C:\biological\Metabolic model prediction\Yeast-MetaTwin-zenodo\Data\database\ymdb\ymdb.csv,exact_ymdb_id,high,1,exact_ymdb_id
MODEL_CMPD:0002824,sn_114,YMDB16316,,missing,mapped,mapped,YMDB16316,YMDB,YMDB16316,C:\biological\Metabolic model prediction\Yeast-MetaTwin-zenodo\Data\database\ymdb\ymdb.csv,exact_ymdb_id,high,1,exact_ymdb_id
MODEL_CMPD:0002825,sn_115,YMDB01383,,missing,mapped,mapped,YMDB01383,YMDB,YMDB01383,C:\biological\Metabolic model prediction\Yeast-MetaTwin-zenodo\Data\database\ymdb\ymdb.csv,exact_ymdb_id,high,1,exact_ymdb_id
MODEL_CMPD:0002826,sn_116,YMDB01197_YMDB13330,,missing,manual_review,multiple_structures_for_key,YMDB01197|YMDB13330,,,,,,2,exact_ymdb_id
MODEL_CMPD:0002827,sn_117,YMDB16320,,missing,mapped,mapped,YMDB16320,YMDB,YMDB16320,C:\biological\Metabolic model prediction\Yeast-MetaTwin-zenodo\Data\database\ymdb\ymdb.csv,exact_ymdb_id,high,1,exact_ymdb_id
MODEL_CMPD:0002828,sn_118,YMDB01638,,missing,mapped,mapped,YMDB01638,YMDB,YMDB01638,C:\biological\Metabolic model prediction\Yeast-MetaTwin-zenodo\Data\database\ymdb\ymdb.csv,exact_ymdb_id,high,1,exact_ymdb_id
MODEL_CMPD:0002829,sn_119,YMDB01357,,missing,mapped,mapped,YMDB01357,YMDB,YMDB01357,C:\biological\Metabolic model prediction\Yeast-MetaTwin-zenodo\Data\database\ymdb\ymdb.csv,exact_ymdb_id,high,1,exact_ymdb_id
MODEL_CMPD:0002830,sn_12,YMDB01645,,missing,mapped,mapped,YMDB01645,YMDB,YMDB01645,C:\biological\Metabolic model prediction\Yeast-MetaTwin-zenodo\Data\database\ymdb\ymdb.csv,exact_ymdb_id,high,1,exact_ymdb_id
MODEL_CMPD:0002831,sn_120,YMDB16140,,missing,mapped,mapped,YMDB16140,YMDB,YMDB16140,C:\biological\Metabolic model prediction\Yeast-MetaTwin-zenodo\Data\database\ymdb\ymdb.csv,exact_ymdb_id,high,1,exact_ymdb_id
MODEL_CMPD:0002832,sn_121,YMDB16175,,missing,mapped,mapped,YMDB16175,YMDB,YMDB16175,C:\biological\Metabolic model prediction\Yeast-MetaTwin-zenodo\Data\database\ymdb\ymdb.csv,exact_ymdb_id,high,1,exact_ymdb_id
MODEL_CMPD:0002833,sn_122,YMDB15669,,missing,mapped,mapped,YMDB15669,YMDB,YMDB15669,C:\biological\Metabolic model prediction\Yeast-MetaTwin-zenodo\Data\database\ymdb\ymdb.csv,exact_ymdb_id,high,1,exact_ymdb_id
MODEL_CMPD:0002834,sn_123,YMDB01310,,missing,mapped,mapped,YMDB01310,YMDB,YMDB01310,C:\biological\Metabolic model prediction\Yeast-MetaTwin-zenodo\Data\database\ymdb\ymdb.csv,exact_ymdb_id,high,1,exact_ymdb_id
MODEL_CMPD:0002835,sn_124,YMDB01370_YMDB16050,,missing,manual_review,multiple_structures_for_key,YMDB01370|YMDB16050,,,,,,2,exact_ymdb_id
MODEL_CMPD:0002836,sn_125,YMDB16160,,missing,mapped,mapped,YMDB16160,YMDB,YMDB16160,C:\biological\Metabolic model prediction\Yeast-MetaTwin-zenodo\Data\database\ymdb\ymdb.csv,exact_ymdb_id,high,1,exact_ymdb_id
MODEL_CMPD:0002837,sn_126,YMDB00141,,missing,mapped,mapped,YMDB00141,YMDB,YMDB00141,C:\biological\Metabolic model prediction\Yeast-MetaTwin-zenodo\Data\database\ymdb\ymdb.csv,exact_ymdb_id,high,1,exact_ymdb_id
MODEL_CMPD:0002838,sn_127,YMDB16007,,missing,mapped,mapped,YMDB16007,YMDB,YMDB16007,C:\biological\Metabolic model prediction\Yeast-MetaTwin-zenodo\Data\database\ymdb\ymdb.csv,exact_ymdb_id,high,1,exact_ymdb_id
MODEL_CMPD:0002839,sn_128,YMDB16205,,missing,mapped,mapped,YMDB16205,YMDB,YMDB16205,C:\biological\Metabolic model prediction\Yeast-MetaTwin-zenodo\Data\database\ymdb\ymdb.csv,exact_ymdb_id,high,1,exact_ymdb_id
MODEL_CMPD:0002840,sn_129,YMDB01405,,missing,mapped,mapped,YMDB01405,YMDB,YMDB01405,C:\biological\Metabolic model prediction\Yeast-MetaTwin-zenodo\Data\database\ymdb\ymdb.csv,exact_ymdb_id,high,1,exact_ymdb_id
MODEL_CMPD:0002841,sn_13,YMDB16207,,missing,mapped,mapped,YMDB16207,YMDB,YMDB16207,C:\biological\Metabolic model prediction\Yeast-MetaTwin-zenodo\Data\database\ymdb\ymdb.csv,exact_ymdb_id,high,1,exact_ymdb_id
MODEL_CMPD:0002842,sn_130,sn_130,,missing,unresolved,local_key_space_exhausted,,,,,,,0,exact_ymdb_id|exact_metanetx_id|exact_chebi_id|exact_kegg_id|exact_pubchem_cid_via_chebi_sdf|unique_normalized_name
MODEL_CMPD:0002843,sn_131,YMDB01274,,missing,mapped,mapped,YMDB01274,YMDB,YMDB01274,C:\biological\Metabolic model prediction\Yeast-MetaTwin-zenodo\Data\database\ymdb\ymdb.csv,exact_ymdb_id,high,1,exact_ymdb_id
MODEL_CMPD:0002844,sn_132,YMDB01201_YMDB13331,,missing,manual_review,multiple_structures_for_key,YMDB01201|YMDB13331,,,,,,2,exact_ymdb_id
MODEL_CMPD:0002845,sn_133,YMDB15565,,missing,mapped,mapped,YMDB15565,YMDB,YMDB15565,C:\biological\Metabolic model prediction\Yeast-MetaTwin-zenodo\Data\database\ymdb\ymdb.csv,exact_ymdb_id,high,1,exact_ymdb_id
MODEL_CMPD:0002846,sn_134,YMDB02323,,missing,mapped,mapped,YMDB02323,YMDB,YMDB02323,C:\biological\Metabolic model prediction\Yeast-MetaTwin-zenodo\Data\database\ymdb\ymdb.csv,exact_ymdb_id,high,1,exact_ymdb_id
MODEL_CMPD:0002847,sn_135,YMDB01364,,missing,mapped,mapped,YMDB01364,YMDB,YMDB01364,C:\biological\Metabolic model prediction\Yeast-MetaTwin-zenodo\Data\database\ymdb\ymdb.csv,exact_ymdb_id,high,1,exact_ymdb_id
MODEL_CMPD:0002848,sn_136,YMDB02315,,missing,mapped,mapped,YMDB02315,YMDB,YMDB02315,C:\biological\Metabolic model prediction\Yeast-MetaTwin-zenodo\Data\database\ymdb\ymdb.csv,exact_ymdb_id,high,1,exact_ymdb_id
MODEL_CMPD:0002849,sn_137,YMDB01290,,missing,mapped,mapped,YMDB01290,YMDB,YMDB01290,C:\biological\Metabolic model prediction\Yeast-MetaTwin-zenodo\Data\database\ymdb\ymdb.csv,exact_ymdb_id,high,1,exact_ymdb_id
MODEL_CMPD:0002850,sn_138,YMDB01556,,missing,mapped,mapped,YMDB01556,YMDB,YMDB01556,C:\biological\Metabolic model prediction\Yeast-MetaTwin-zenodo\Data\database\ymdb\ymdb.csv,exact_ymdb_id,high,1,exact_ymdb_id
MODEL_CMPD:0002851,sn_14,YMDB00810,,missing,mapped,mapped,YMDB00810,YMDB,YMDB00810,C:\biological\Metabolic model prediction\Yeast-MetaTwin-zenodo\Data\database\ymdb\ymdb.csv,exact_ymdb_id,high,1,exact_ymdb_id
MODEL_CMPD:0002852,sn_140,YMDB13374,,missing,mapped,mapped,YMDB13374,YMDB,YMDB13374,C:\biological\Metabolic model prediction\Yeast-MetaTwin-zenodo\Data\database\ymdb\ymdb.csv,exact_ymdb_id,high,1,exact_ymdb_id
MODEL_CMPD:0002853,sn_141,YMDB00824,,missing,mapped,mapped,YMDB00824,YMDB,YMDB00824,C:\biological\Metabolic model prediction\Yeast-MetaTwin-zenodo\Data\database\ymdb\ymdb.csv,exact_ymdb_id,high,1,exact_ymdb_id
MODEL_CMPD:0002854,sn_142,YMDB01343,,missing,mapped,mapped,YMDB01343,YMDB,YMDB01343,C:\biological\Metabolic model prediction\Yeast-MetaTwin-zenodo\Data\database\ymdb\ymdb.csv,exact_ymdb_id,high,1,exact_ymdb_id
MODEL_CMPD:0002855,sn_143,YMDB16121,,missing,mapped,mapped,YMDB16121,YMDB,YMDB16121,C:\biological\Metabolic model prediction\Yeast-MetaTwin-zenodo\Data\database\ymdb\ymdb.csv,exact_ymdb_id,high,1,exact_ymdb_id
MODEL_CMPD:0002856,sn_144,sn_144,,missing,unresolved,local_key_space_exhausted,,,,,,,0,exact_ymdb_id|exact_metanetx_id|exact_chebi_id|exact_kegg_id|exact_pubchem_cid_via_chebi_sdf|unique_normalized_name
MODEL_CMPD:0002857,sn_145,YMDB01404,,missing,mapped,mapped,YMDB01404,YMDB,YMDB01404,C:\biological\Metabolic model prediction\Yeast-MetaTwin-zenodo\Data\database\ymdb\ymdb.csv,exact_ymdb_id,high,1,exact_ymdb_id
MODEL_CMPD:0002858,sn_146,YMDB01237_YMDB13340,,missing,manual_review,multiple_structures_for_key,YMDB01237|YMDB13340,,,,,,2,exact_ymdb_id
MODEL_CMPD:0002859,sn_147,YMDB01937,,missing,mapped,mapped,YMDB01937,YMDB,YMDB01937,C:\biological\Metabolic model prediction\Yeast-MetaTwin-zenodo\Data\database\ymdb\ymdb.csv,exact_ymdb_id,high,1,exact_ymdb_id
MODEL_CMPD:0002860,sn_149,YMDB00497,,missing,mapped,mapped,YMDB00497,YMDB,YMDB00497,C:\biological\Metabolic model prediction\Yeast-MetaTwin-zenodo\Data\database\ymdb\ymdb.csv,exact_ymdb_id,high,1,exact_ymdb_id
MODEL_CMPD:0002861,sn_15,YMDB16177,,missing,mapped,mapped,YMDB16177,YMDB,YMDB16177,C:\biological\Metabolic model prediction\Yeast-MetaTwin-zenodo\Data\database\ymdb\ymdb.csv,exact_ymdb_id,high,1,exact_ymdb_id
MODEL_CMPD:0002862,sn_150,YMDB16187,,missing,mapped,mapped,YMDB16187,YMDB,YMDB16187,C:\biological\Metabolic model prediction\Yeast-MetaTwin-zenodo\Data\database\ymdb\ymdb.csv,exact_ymdb_id,high,1,exact_ymdb_id
MODEL_CMPD:0002863,sn_151,YMDB16088,,missing,mapped,mapped,YMDB16088,YMDB,YMDB16088,C:\biological\Metabolic model prediction\Yeast-MetaTwin-zenodo\Data\database\ymdb\ymdb.csv,exact_ymdb_id,high,1,exact_ymdb_id
MODEL_CMPD:0002864,sn_152,YMDB01568,,missing,mapped,mapped,YMDB01568,YMDB,YMDB01568,C:\biological\Metabolic model prediction\Yeast-MetaTwin-zenodo\Data\database\ymdb\ymdb.csv,exact_ymdb_id,high,1,exact_ymdb_id
MODEL_CMPD:0002865,sn_153,YMDB16200,,missing,mapped,mapped,YMDB16200,YMDB,YMDB16200,C:\biological\Metabolic model prediction\Yeast-MetaTwin-zenodo\Data\database\ymdb\ymdb.csv,exact_ymdb_id,high,1,exact_ymdb_id
MODEL_CMPD:0002866,sn_154,YMDB13367,,missing,mapped,mapped,YMDB13367,YMDB,YMDB13367,C:\biological\Metabolic model prediction\Yeast-MetaTwin-zenodo\Data\database\ymdb\ymdb.csv,exact_ymdb_id,high,1,exact_ymdb_id
MODEL_CMPD:0002867,sn_155,YMDB01337,,missing,mapped,mapped,YMDB01337,YMDB,YMDB01337,C:\biological\Metabolic model prediction\Yeast-MetaTwin-zenodo\Data\database\ymdb\ymdb.csv,exact_ymdb_id,high,1,exact_ymdb_id
MODEL_CMPD:0002868,sn_156,YMDB01345,,missing,mapped,mapped,YMDB01345,YMDB,YMDB01345,C:\biological\Metabolic model prediction\Yeast-MetaTwin-zenodo\Data\database\ymdb\ymdb.csv,exact_ymdb_id,high,1,exact_ymdb_id
MODEL_CMPD:0002869,sn_157,YMDB13271,,missing,mapped,mapped,YMDB13271,YMDB,YMDB13271,C:\biological\Metabolic model prediction\Yeast-MetaTwin-zenodo\Data\database\ymdb\ymdb.csv,exact_ymdb_id,high,1,exact_ymdb_id
MODEL_CMPD:0002870,sn_158,YMDB16027,,missing,mapped,mapped,YMDB16027,YMDB,YMDB16027,C:\biological\Metabolic model prediction\Yeast-MetaTwin-zenodo\Data\database\ymdb\ymdb.csv,exact_ymdb_id,high,1,exact_ymdb_id
MODEL_CMPD:0002871,sn_159,YMDB16214,,missing,mapped,mapped,YMDB16214,YMDB,YMDB16214,C:\biological\Metabolic model prediction\Yeast-MetaTwin-zenodo\Data\database\ymdb\ymdb.csv,exact_ymdb_id,high,1,exact_ymdb_id
MODEL_CMPD:0002872,sn_16,YMDB01787,,missing,mapped,mapped,YMDB01787,YMDB,YMDB01787,C:\biological\Metabolic model prediction\Yeast-MetaTwin-zenodo\Data\database\ymdb\ymdb.csv,exact_ymdb_id,high,1,exact_ymdb_id
MODEL_CMPD:0002873,sn_160,YMDB01234,,missing,mapped,mapped,YMDB01234,YMDB,YMDB01234,C:\biological\Metabolic model prediction\Yeast-MetaTwin-zenodo\Data\database\ymdb\ymdb.csv,exact_ymdb_id,high,1,exact_ymdb_id
MODEL_CMPD:0002874,sn_161,YMDB13324,,missing,mapped,mapped,YMDB13324,YMDB,YMDB13324,C:\biological\Metabolic model prediction\Yeast-MetaTwin-zenodo\Data\database\ymdb\ymdb.csv,exact_ymdb_id,high,1,exact_ymdb_id
MODEL_CMPD:0002875,sn_163,YMDB16201,,missing,mapped,mapped,YMDB16201,YMDB,YMDB16201,C:\biological\Metabolic model prediction\Yeast-MetaTwin-zenodo\Data\database\ymdb\ymdb.csv,exact_ymdb_id,high,1,exact_ymdb_id
MODEL_CMPD:0002876,sn_164,YMDB01444,,missing,mapped,mapped,YMDB01444,YMDB,YMDB01444,C:\biological\Metabolic model prediction\Yeast-MetaTwin-zenodo\Data\database\ymdb\ymdb.csv,exact_ymdb_id,high,1,exact_ymdb_id
MODEL_CMPD:0002877,sn_166,YMDB01223_YMDB13338,,missing,manual_review,multiple_structures_for_key,YMDB01223|YMDB13338,,,,,,2,exact_ymdb_id
MODEL_CMPD:0002878,sn_167,YMDB01569,,missing,mapped,mapped,YMDB01569,YMDB,YMDB01569,C:\biological\Metabolic model prediction\Yeast-MetaTwin-zenodo\Data\database\ymdb\ymdb.csv,exact_ymdb_id,high,1,exact_ymdb_id
MODEL_CMPD:0002879,sn_168,YMDB01227,,missing,mapped,mapped,YMDB01227,YMDB,YMDB01227,C:\biological\Metabolic model prediction\Yeast-MetaTwin-zenodo\Data\database\ymdb\ymdb.csv,exact_ymdb_id,high,1,exact_ymdb_id
MODEL_CMPD:0002880,sn_169,YMDB16237,,missing,mapped,mapped,YMDB16237,YMDB,YMDB16237,C:\biological\Metabolic model prediction\Yeast-MetaTwin-zenodo\Data\database\ymdb\ymdb.csv,exact_ymdb_id,high,1,exact_ymdb_id
MODEL_CMPD:0002881,sn_17,YMDB14374,,missing,mapped,mapped,YMDB14374,YMDB,YMDB14374,C:\biological\Metabolic model prediction\Yeast-MetaTwin-zenodo\Data\database\ymdb\ymdb.csv,exact_ymdb_id,high,1,exact_ymdb_id
MODEL_CMPD:0002882,sn_170,YMDB16182,,missing,mapped,mapped,YMDB16182,YMDB,YMDB16182,C:\biological\Metabolic model prediction\Yeast-MetaTwin-zenodo\Data\database\ymdb\ymdb.csv,exact_ymdb_id,high,1,exact_ymdb_id
MODEL_CMPD:0002883,sn_171,YMDB00172,,missing,mapped,mapped,YMDB00172,YMDB,YMDB00172,C:\biological\Metabolic model prediction\Yeast-MetaTwin-zenodo\Data\database\ymdb\ymdb.csv,exact_ymdb_id,high,1,exact_ymdb_id
MODEL_CMPD:0002884,sn_172,YMDB16062,,missing,mapped,mapped,YMDB16062,YMDB,YMDB16062,C:\biological\Metabolic model prediction\Yeast-MetaTwin-zenodo\Data\database\ymdb\ymdb.csv,exact_ymdb_id,high,1,exact_ymdb_id
MODEL_CMPD:0002885,sn_173,YMDB01654,,missing,mapped,mapped,YMDB01654,YMDB,YMDB01654,C:\biological\Metabolic model prediction\Yeast-MetaTwin-zenodo\Data\database\ymdb\ymdb.csv,exact_ymdb_id,high,1,exact_ymdb_id
MODEL_CMPD:0002886,sn_174,YMDB00157,,missing,mapped,mapped,YMDB00157,YMDB,YMDB00157,C:\biological\Metabolic model prediction\Yeast-MetaTwin-zenodo\Data\database\ymdb\ymdb.csv,exact_ymdb_id,high,1,exact_ymdb_id
MODEL_CMPD:0002887,sn_175,YMDB02313_YMDB13381,,missing,mapped,mapped,YMDB02313|YMDB13381,YMDB,YMDB02313,C:\biological\Metabolic model prediction\Yeast-MetaTwin-zenodo\Data\database\ymdb\ymdb.csv,exact_ymdb_id,high,2,exact_ymdb_id
MODEL_CMPD:0002888,sn_176,sn_176,,missing,unresolved,local_key_space_exhausted,,,,,,,0,exact_ymdb_id|exact_metanetx_id|exact_chebi_id|exact_kegg_id|exact_pubchem_cid_via_chebi_sdf|unique_normalized_name
MODEL_CMPD:0002889,sn_177,YMDB15638,,missing,mapped,mapped,YMDB15638,YMDB,YMDB15638,C:\biological\Metabolic model prediction\Yeast-MetaTwin-zenodo\Data\database\ymdb\ymdb.csv,exact_ymdb_id,high,1,exact_ymdb_id
MODEL_CMPD:0002890,sn_178,YMDB00380,,missing,mapped,mapped,YMDB00380,YMDB,YMDB00380,C:\biological\Metabolic model prediction\Yeast-MetaTwin-zenodo\Data\database\ymdb\ymdb.csv,exact_ymdb_id,high,1,exact_ymdb_id
MODEL_CMPD:0002891,sn_179,YMDB00823,,missing,mapped,mapped,YMDB00823,YMDB,YMDB00823,C:\biological\Metabolic model prediction\Yeast-MetaTwin-zenodo\Data\database\ymdb\ymdb.csv,exact_ymdb_id,high,1,exact_ymdb_id
MODEL_CMPD:0002892,sn_18,YMDB13291,,missing,mapped,mapped,YMDB13291,YMDB,YMDB13291,C:\biological\Metabolic model prediction\Yeast-MetaTwin-zenodo\Data\database\ymdb\ymdb.csv,exact_ymdb_id,high,1,exact_ymdb_id
MODEL_CMPD:0002893,sn_180,YMDB00230,,missing,mapped,mapped,YMDB00230,YMDB,YMDB00230,C:\biological\Metabolic model prediction\Yeast-MetaTwin-zenodo\Data\database\ymdb\ymdb.csv,exact_ymdb_id,high,1,exact_ymdb_id
MODEL_CMPD:0002894,sn_181,YMDB01686,,missing,mapped,mapped,YMDB01686,YMDB,YMDB01686,C:\biological\Metabolic model prediction\Yeast-MetaTwin-zenodo\Data\database\ymdb\ymdb.csv,exact_ymdb_id,high,1,exact_ymdb_id
MODEL_CMPD:0002895,sn_182,YMDB01309,,missing,mapped,mapped,YMDB01309,YMDB,YMDB01309,C:\biological\Metabolic model prediction\Yeast-MetaTwin-zenodo\Data\database\ymdb\ymdb.csv,exact_ymdb_id,high,1,exact_ymdb_id
MODEL_CMPD:0002896,sn_183,YMDB00159,,missing,mapped,mapped,YMDB00159,YMDB,YMDB00159,C:\biological\Metabolic model prediction\Yeast-MetaTwin-zenodo\Data\database\ymdb\ymdb.csv,exact_ymdb_id,high,1,exact_ymdb_id
MODEL_CMPD:0002897,sn_184,YMDB16025,,missing,mapped,mapped,YMDB16025,YMDB,YMDB16025,C:\biological\Metabolic model prediction\Yeast-MetaTwin-zenodo\Data\database\ymdb\ymdb.csv,exact_ymdb_id,high,1,exact_ymdb_id
MODEL_CMPD:0002898,sn_185,YMDB16212,,missing,mapped,mapped,YMDB16212,YMDB,YMDB16212,C:\biological\Metabolic model prediction\Yeast-MetaTwin-zenodo\Data\database\ymdb\ymdb.csv,exact_ymdb_id,high,1,exact_ymdb_id
MODEL_CMPD:0002899,sn_186,YMDB15583,,missing,mapped,mapped,YMDB15583,YMDB,YMDB15583,C:\biological\Metabolic model prediction\Yeast-MetaTwin-zenodo\Data\database\ymdb\ymdb.csv,exact_ymdb_id,high,1,exact_ymdb_id
MODEL_CMPD:0002900,sn_187,YMDB13310_YMDB16163,,missing,manual_review,multiple_structures_for_key,YMDB13310|YMDB16163,,,,,,2,exact_ymdb_id
MODEL_CMPD:0002901,sn_188,YMDB01207_YMDB13334,,missing,manual_review,multiple_structures_for_key,YMDB01207|YMDB13334,,,,,,2,exact_ymdb_id
MODEL_CMPD:0002902,sn_190,YMDB01338,,missing,mapped,mapped,YMDB01338,YMDB,YMDB01338,C:\biological\Metabolic model prediction\Yeast-MetaTwin-zenodo\Data\database\ymdb\ymdb.csv,exact_ymdb_id,high,1,exact_ymdb_id
MODEL_CMPD:0002903,sn_191,YMDB16260,,missing,mapped,mapped,YMDB16260,YMDB,YMDB16260,C:\biological\Metabolic model prediction\Yeast-MetaTwin-zenodo\Data\database\ymdb\ymdb.csv,exact_ymdb_id,high,1,exact_ymdb_id
MODEL_CMPD:0002904,sn_192,YMDB16216,,missing,mapped,mapped,YMDB16216,YMDB,YMDB16216,C:\biological\Metabolic model prediction\Yeast-MetaTwin-zenodo\Data\database\ymdb\ymdb.csv,exact_ymdb_id,high,1,exact_ymdb_id
MODEL_CMPD:0002905,sn_193,YMDB01180,,missing,mapped,mapped,YMDB01180,YMDB,YMDB01180,C:\biological\Metabolic model prediction\Yeast-MetaTwin-zenodo\Data\database\ymdb\ymdb.csv,exact_ymdb_id,high,1,exact_ymdb_id
MODEL_CMPD:0002906,sn_194,YMDB16233,,missing,mapped,mapped,YMDB16233,YMDB,YMDB16233,C:\biological\Metabolic model prediction\Yeast-MetaTwin-zenodo\Data\database\ymdb\ymdb.csv,exact_ymdb_id,high,1,exact_ymdb_id
MODEL_CMPD:0002907,sn_195,YMDB15962,,missing,mapped,mapped,YMDB15962,YMDB,YMDB15962,C:\biological\Metabolic model prediction\Yeast-MetaTwin-zenodo\Data\database\ymdb\ymdb.csv,exact_ymdb_id,high,1,exact_ymdb_id
MODEL_CMPD:0002908,sn_196,YMDB16307,,missing,mapped,mapped,YMDB16307,YMDB,YMDB16307,C:\biological\Metabolic model prediction\Yeast-MetaTwin-zenodo\Data\database\ymdb\ymdb.csv,exact_ymdb_id,high,1,exact_ymdb_id
MODEL_CMPD:0002909,sn_197,YMDB01194_YMDB13329,,missing,manual_review,multiple_structures_for_key,YMDB01194|YMDB13329,,,,,,2,exact_ymdb_id
MODEL_CMPD:0002910,sn_198,YMDB16291,,missing,mapped,mapped,YMDB16291,YMDB,YMDB16291,C:\biological\Metabolic model prediction\Yeast-MetaTwin-zenodo\Data\database\ymdb\ymdb.csv,exact_ymdb_id,high,1,exact_ymdb_id
MODEL_CMPD:0002911,sn_199,YMDB00163,,missing,mapped,mapped,YMDB00163,YMDB,YMDB00163,C:\biological\Metabolic model prediction\Yeast-MetaTwin-zenodo\Data\database\ymdb\ymdb.csv,exact_ymdb_id,high,1,exact_ymdb_id
MODEL_CMPD:0002912,sn_2,YMDB16202,,missing,mapped,mapped,YMDB16202,YMDB,YMDB16202,C:\biological\Metabolic model prediction\Yeast-MetaTwin-zenodo\Data\database\ymdb\ymdb.csv,exact_ymdb_id,high,1,exact_ymdb_id
MODEL_CMPD:0002913,sn_20,YMDB01318,,missing,mapped,mapped,YMDB01318,YMDB,YMDB01318,C:\biological\Metabolic model prediction\Yeast-MetaTwin-zenodo\Data\database\ymdb\ymdb.csv,exact_ymdb_id,high,1,exact_ymdb_id
MODEL_CMPD:0002914,sn_200,YMDB01561,,missing,mapped,mapped,YMDB01561,YMDB,YMDB01561,C:\biological\Metabolic model prediction\Yeast-MetaTwin-zenodo\Data\database\ymdb\ymdb.csv,exact_ymdb_id,high,1,exact_ymdb_id
MODEL_CMPD:0002915,sn_201,YMDB13302,,missing,mapped,mapped,YMDB13302,YMDB,YMDB13302,C:\biological\Metabolic model prediction\Yeast-MetaTwin-zenodo\Data\database\ymdb\ymdb.csv,exact_ymdb_id,high,1,exact_ymdb_id
MODEL_CMPD:0002916,sn_202,YMDB00873,,missing,mapped,mapped,YMDB00873,YMDB,YMDB00873,C:\biological\Metabolic model prediction\Yeast-MetaTwin-zenodo\Data\database\ymdb\ymdb.csv,exact_ymdb_id,high,1,exact_ymdb_id
MODEL_CMPD:0002917,sn_203,YMDB00441,,missing,mapped,mapped,YMDB00441,YMDB,YMDB00441,C:\biological\Metabolic model prediction\Yeast-MetaTwin-zenodo\Data\database\ymdb\ymdb.csv,exact_ymdb_id,high,1,exact_ymdb_id
MODEL_CMPD:0002918,sn_204,sn_204,,missing,unresolved,local_key_space_exhausted,,,,,,,0,exact_ymdb_id|exact_metanetx_id|exact_chebi_id|exact_kegg_id|exact_pubchem_cid_via_chebi_sdf|unique_normalized_name
MODEL_CMPD:0002919,sn_205,YMDB16072,,missing,mapped,mapped,YMDB16072,YMDB,YMDB16072,C:\biological\Metabolic model prediction\Yeast-MetaTwin-zenodo\Data\database\ymdb\ymdb.csv,exact_ymdb_id,high,1,exact_ymdb_id
MODEL_CMPD:0002920,sn_206,YMDB00457,,missing,mapped,mapped,YMDB00457,YMDB,YMDB00457,C:\biological\Metabolic model prediction\Yeast-MetaTwin-zenodo\Data\database\ymdb\ymdb.csv,exact_ymdb_id,high,1,exact_ymdb_id
MODEL_CMPD:0002921,sn_207,YMDB01531,,missing,mapped,mapped,YMDB01531,YMDB,YMDB01531,C:\biological\Metabolic model prediction\Yeast-MetaTwin-zenodo\Data\database\ymdb\ymdb.csv,exact_ymdb_id,high,1,exact_ymdb_id
MODEL_CMPD:0002922,sn_208,YMDB01321,,missing,mapped,mapped,YMDB01321,YMDB,YMDB01321,C:\biological\Metabolic model prediction\Yeast-MetaTwin-zenodo\Data\database\ymdb\ymdb.csv,exact_ymdb_id,high,1,exact_ymdb_id
MODEL_CMPD:0002923,sn_209,YMDB16135,,missing,mapped,mapped,YMDB16135,YMDB,YMDB16135,C:\biological\Metabolic model prediction\Yeast-MetaTwin-zenodo\Data\database\ymdb\ymdb.csv,exact_ymdb_id,high,1,exact_ymdb_id
MODEL_CMPD:0002924,sn_21,YMDB01700_YMDB01760,,missing,manual_review,multiple_structures_for_key,YMDB01700|YMDB01760,,,,,,2,exact_ymdb_id
MODEL_CMPD:0002925,sn_210,YMDB01803,,missing,mapped,mapped,YMDB01803,YMDB,YMDB01803,C:\biological\Metabolic model prediction\Yeast-MetaTwin-zenodo\Data\database\ymdb\ymdb.csv,exact_ymdb_id,high,1,exact_ymdb_id
MODEL_CMPD:0002926,sn_211,YMDB01950,,missing,mapped,mapped,YMDB01950,YMDB,YMDB01950,C:\biological\Metabolic model prediction\Yeast-MetaTwin-zenodo\Data\database\ymdb\ymdb.csv,exact_ymdb_id,high,1,exact_ymdb_id
MODEL_CMPD:0002927,sn_212,YMDB00829,,missing,mapped,mapped,YMDB00829,YMDB,YMDB00829,C:\biological\Metabolic model prediction\Yeast-MetaTwin-zenodo\Data\database\ymdb\ymdb.csv,exact_ymdb_id,high,1,exact_ymdb_id
MODEL_CMPD:0002928,sn_213,YMDB01571,,missing,mapped,mapped,YMDB01571,YMDB,YMDB01571,C:\biological\Metabolic model prediction\Yeast-MetaTwin-zenodo\Data\database\ymdb\ymdb.csv,exact_ymdb_id,high,1,exact_ymdb_id
MODEL_CMPD:0002929,sn_214,YMDB16040,,missing,mapped,mapped,YMDB16040,YMDB,YMDB16040,C:\biological\Metabolic model prediction\Yeast-MetaTwin-zenodo\Data\database\ymdb\ymdb.csv,exact_ymdb_id,high,1,exact_ymdb_id
MODEL_CMPD:0002930,sn_215,YMDB16073,,missing,mapped,mapped,YMDB16073,YMDB,YMDB16073,C:\biological\Metabolic model prediction\Yeast-MetaTwin-zenodo\Data\database\ymdb\ymdb.csv,exact_ymdb_id,high,1,exact_ymdb_id
MODEL_CMPD:0002931,sn_216,YMDB12917,,missing,mapped,mapped,YMDB12917,YMDB,YMDB12917,C:\biological\Metabolic model prediction\Yeast-MetaTwin-zenodo\Data\database\ymdb\ymdb.csv,exact_ymdb_id,high,1,exact_ymdb_id
MODEL_CMPD:0002932,sn_217,YMDB13272,,missing,mapped,mapped,YMDB13272,YMDB,YMDB13272,C:\biological\Metabolic model prediction\Yeast-MetaTwin-zenodo\Data\database\ymdb\ymdb.csv,exact_ymdb_id,high,1,exact_ymdb_id
MODEL_CMPD:0002933,sn_218,YMDB15432,,missing,mapped,mapped,YMDB15432,YMDB,YMDB15432,C:\biological\Metabolic model prediction\Yeast-MetaTwin-zenodo\Data\database\ymdb\ymdb.csv,exact_ymdb_id,high,1,exact_ymdb_id
MODEL_CMPD:0002934,sn_219,YMDB01430,,missing,mapped,mapped,YMDB01430,YMDB,YMDB01430,C:\biological\Metabolic model prediction\Yeast-MetaTwin-zenodo\Data\database\ymdb\ymdb.csv,exact_ymdb_id,high,1,exact_ymdb_id
MODEL_CMPD:0002935,sn_22,YMDB01268,,missing,mapped,mapped,YMDB01268,YMDB,YMDB01268,C:\biological\Metabolic model prediction\Yeast-MetaTwin-zenodo\Data\database\ymdb\ymdb.csv,exact_ymdb_id,high,1,exact_ymdb_id
MODEL_CMPD:0002936,sn_220,YMDB01349,,missing,mapped,mapped,YMDB01349,YMDB,YMDB01349,C:\biological\Metabolic model prediction\Yeast-MetaTwin-zenodo\Data\database\ymdb\ymdb.csv,exact_ymdb_id,high,1,exact_ymdb_id
MODEL_CMPD:0002937,sn_223,YMDB01475,,missing,mapped,mapped,YMDB01475,YMDB,YMDB01475,C:\biological\Metabolic model prediction\Yeast-MetaTwin-zenodo\Data\database\ymdb\ymdb.csv,exact_ymdb_id,high,1,exact_ymdb_id
MODEL_CMPD:0002938,sn_224,YMDB16046,,missing,mapped,mapped,YMDB16046,YMDB,YMDB16046,C:\biological\Metabolic model prediction\Yeast-MetaTwin-zenodo\Data\database\ymdb\ymdb.csv,exact_ymdb_id,high,1,exact_ymdb_id
MODEL_CMPD:0002939,sn_225,YMDB01486,,missing,mapped,mapped,YMDB01486,YMDB,YMDB01486,C:\biological\Metabolic model prediction\Yeast-MetaTwin-zenodo\Data\database\ymdb\ymdb.csv,exact_ymdb_id,high,1,exact_ymdb_id
MODEL_CMPD:0002940,sn_226,YMDB01644,,missing,mapped,mapped,YMDB01644,YMDB,YMDB01644,C:\biological\Metabolic model prediction\Yeast-MetaTwin-zenodo\Data\database\ymdb\ymdb.csv,exact_ymdb_id,high,1,exact_ymdb_id
MODEL_CMPD:0002941,sn_227,YMDB16113,,missing,mapped,mapped,YMDB16113,YMDB,YMDB16113,C:\biological\Metabolic model prediction\Yeast-MetaTwin-zenodo\Data\database\ymdb\ymdb.csv,exact_ymdb_id,high,1,exact_ymdb_id
MODEL_CMPD:0002942,sn_228,sn_228,,missing,unresolved,local_key_space_exhausted,,,,,,,0,exact_ymdb_id|exact_metanetx_id|exact_chebi_id|exact_kegg_id|exact_pubchem_cid_via_chebi_sdf|unique_normalized_name
MODEL_CMPD:0002943,sn_229,YMDB00833,,missing,mapped,mapped,YMDB00833,YMDB,YMDB00833,C:\biological\Metabolic model prediction\Yeast-MetaTwin-zenodo\Data\database\ymdb\ymdb.csv,exact_ymdb_id,high,1,exact_ymdb_id
MODEL_CMPD:0002944,sn_23,YMDB01655,,missing,mapped,mapped,YMDB01655,YMDB,YMDB01655,C:\biological\Metabolic model prediction\Yeast-MetaTwin-zenodo\Data\database\ymdb\ymdb.csv,exact_ymdb_id,high,1,exact_ymdb_id
MODEL_CMPD:0002945,sn_230,YMDB01584,,missing,mapped,mapped,YMDB01584,YMDB,YMDB01584,C:\biological\Metabolic model prediction\Yeast-MetaTwin-zenodo\Data\database\ymdb\ymdb.csv,exact_ymdb_id,high,1,exact_ymdb_id
MODEL_CMPD:0002946,sn_231,YMDB01688,,missing,mapped,mapped,YMDB01688,YMDB,YMDB01688,C:\biological\Metabolic model prediction\Yeast-MetaTwin-zenodo\Data\database\ymdb\ymdb.csv,exact_ymdb_id,high,1,exact_ymdb_id
MODEL_CMPD:0002947,sn_232,YMDB02212,,missing,mapped,mapped,YMDB02212,YMDB,YMDB02212,C:\biological\Metabolic model prediction\Yeast-MetaTwin-zenodo\Data\database\ymdb\ymdb.csv,exact_ymdb_id,high,1,exact_ymdb_id
MODEL_CMPD:0002948,sn_233,YMDB01412,,missing,mapped,mapped,YMDB01412,YMDB,YMDB01412,C:\biological\Metabolic model prediction\Yeast-MetaTwin-zenodo\Data\database\ymdb\ymdb.csv,exact_ymdb_id,high,1,exact_ymdb_id
MODEL_CMPD:0002949,sn_234,YMDB01314,,missing,mapped,mapped,YMDB01314,YMDB,YMDB01314,C:\biological\Metabolic model prediction\Yeast-MetaTwin-zenodo\Data\database\ymdb\ymdb.csv,exact_ymdb_id,high,1,exact_ymdb_id
MODEL_CMPD:0002950,sn_235,YMDB00840,,missing,mapped,mapped,YMDB00840,YMDB,YMDB00840,C:\biological\Metabolic model prediction\Yeast-MetaTwin-zenodo\Data\database\ymdb\ymdb.csv,exact_ymdb_id,high,1,exact_ymdb_id
MODEL_CMPD:0002951,sn_236,YMDB02300,,missing,mapped,mapped,YMDB02300,YMDB,YMDB02300,C:\biological\Metabolic model prediction\Yeast-MetaTwin-zenodo\Data\database\ymdb\ymdb.csv,exact_ymdb_id,high,1,exact_ymdb_id
MODEL_CMPD:0002952,sn_237,YMDB16217,,missing,mapped,mapped,YMDB16217,YMDB,YMDB16217,C:\biological\Metabolic model prediction\Yeast-MetaTwin-zenodo\Data\database\ymdb\ymdb.csv,exact_ymdb_id,high,1,exact_ymdb_id
MODEL_CMPD:0002953,sn_238,YMDB01786,,missing,mapped,mapped,YMDB01786,YMDB,YMDB01786,C:\biological\Metabolic model prediction\Yeast-MetaTwin-zenodo\Data\database\ymdb\ymdb.csv,exact_ymdb_id,high,1,exact_ymdb_id
MODEL_CMPD:0002954,sn_239,YMDB01558,,missing,mapped,mapped,YMDB01558,YMDB,YMDB01558,C:\biological\Metabolic model prediction\Yeast-MetaTwin-zenodo\Data\database\ymdb\ymdb.csv,exact_ymdb_id,high,1,exact_ymdb_id
MODEL_CMPD:0002955,sn_240,YMDB01494,,missing,mapped,mapped,YMDB01494,YMDB,YMDB01494,C:\biological\Metabolic model prediction\Yeast-MetaTwin-zenodo\Data\database\ymdb\ymdb.csv,exact_ymdb_id,high,1,exact_ymdb_id
MODEL_CMPD:0002956,sn_241,YMDB00812,,missing,mapped,mapped,YMDB00812,YMDB,YMDB00812,C:\biological\Metabolic model prediction\Yeast-MetaTwin-zenodo\Data\database\ymdb\ymdb.csv,exact_ymdb_id,high,1,exact_ymdb_id
MODEL_CMPD:0002957,sn_242,YMDB01573,,missing,mapped,mapped,YMDB01573,YMDB,YMDB01573,C:\biological\Metabolic model prediction\Yeast-MetaTwin-zenodo\Data\database\ymdb\ymdb.csv,exact_ymdb_id,high,1,exact_ymdb_id
MODEL_CMPD:0002958,sn_243,YMDB01311,,missing,mapped,mapped,YMDB01311,YMDB,YMDB01311,C:\biological\Metabolic model prediction\Yeast-MetaTwin-zenodo\Data\database\ymdb\ymdb.csv,exact_ymdb_id,high,1,exact_ymdb_id
MODEL_CMPD:0002959,sn_244,YMDB00996,,missing,mapped,mapped,YMDB00996,YMDB,YMDB00996,C:\biological\Metabolic model prediction\Yeast-MetaTwin-zenodo\Data\database\ymdb\ymdb.csv,exact_ymdb_id,high,1,exact_ymdb_id
MODEL_CMPD:0002960,sn_245,YMDB01582,,missing,mapped,mapped,YMDB01582,YMDB,YMDB01582,C:\biological\Metabolic model prediction\Yeast-MetaTwin-zenodo\Data\database\ymdb\ymdb.csv,exact_ymdb_id,high,1,exact_ymdb_id
MODEL_CMPD:0002961,sn_246,YMDB15941,,missing,mapped,mapped,YMDB15941,YMDB,YMDB15941,C:\biological\Metabolic model prediction\Yeast-MetaTwin-zenodo\Data\database\ymdb\ymdb.csv,exact_ymdb_id,high,1,exact_ymdb_id
MODEL_CMPD:0002962,sn_247,YMDB13356,,missing,mapped,mapped,YMDB13356,YMDB,YMDB13356,C:\biological\Metabolic model prediction\Yeast-MetaTwin-zenodo\Data\database\ymdb\ymdb.csv,exact_ymdb_id,high,1,exact_ymdb_id
MODEL_CMPD:0002963,sn_248,YMDB01642,,missing,mapped,mapped,YMDB01642,YMDB,YMDB01642,C:\biological\Metabolic model prediction\Yeast-MetaTwin-zenodo\Data\database\ymdb\ymdb.csv,exact_ymdb_id,high,1,exact_ymdb_id
MODEL_CMPD:0002964,sn_249,YMDB00953,,missing,mapped,mapped,YMDB00953,YMDB,YMDB00953,C:\biological\Metabolic model prediction\Yeast-MetaTwin-zenodo\Data\database\ymdb\ymdb.csv,exact_ymdb_id,high,1,exact_ymdb_id
MODEL_CMPD:0002965,sn_25,YMDB16080,,missing,mapped,mapped,YMDB16080,YMDB,YMDB16080,C:\biological\Metabolic model prediction\Yeast-MetaTwin-zenodo\Data\database\ymdb\ymdb.csv,exact_ymdb_id,high,1,exact_ymdb_id
MODEL_CMPD:0002966,sn_251,YMDB01627,,missing,mapped,mapped,YMDB01627,YMDB,YMDB01627,C:\biological\Metabolic model prediction\Yeast-MetaTwin-zenodo\Data\database\ymdb\ymdb.csv,exact_ymdb_id,high,1,exact_ymdb_id
MODEL_CMPD:0002967,sn_252,YMDB13373,,missing,mapped,mapped,YMDB13373,YMDB,YMDB13373,C:\biological\Metabolic model prediction\Yeast-MetaTwin-zenodo\Data\database\ymdb\ymdb.csv,exact_ymdb_id,high,1,exact_ymdb_id
MODEL_CMPD:0002968,sn_253,YMDB16013,,missing,mapped,mapped,YMDB16013,YMDB,YMDB16013,C:\biological\Metabolic model prediction\Yeast-MetaTwin-zenodo\Data\database\ymdb\ymdb.csv,exact_ymdb_id,high,1,exact_ymdb_id
MODEL_CMPD:0002969,sn_254,YMDB00855_YMDB01758,,missing,manual_review,multiple_structures_for_key,YMDB00855|YMDB01758,,,,,,2,exact_ymdb_id
MODEL_CMPD:0002970,sn_257,YMDB16061,,missing,mapped,mapped,YMDB16061,YMDB,YMDB16061,C:\biological\Metabolic model prediction\Yeast-MetaTwin-zenodo\Data\database\ymdb\ymdb.csv,exact_ymdb_id,high,1,exact_ymdb_id
MODEL_CMPD:0002971,sn_258,YMDB00986,,missing,mapped,mapped,YMDB00986,YMDB,YMDB00986,C:\biological\Metabolic model prediction\Yeast-MetaTwin-zenodo\Data\database\ymdb\ymdb.csv,exact_ymdb_id,high,1,exact_ymdb_id
MODEL_CMPD:0002972,sn_259,YMDB01560,,missing,mapped,mapped,YMDB01560,YMDB,YMDB01560,C:\biological\Metabolic model prediction\Yeast-MetaTwin-zenodo\Data\database\ymdb\ymdb.csv,exact_ymdb_id,high,1,exact_ymdb_id
MODEL_CMPD:0002973,sn_26,YMDB13364,,missing,mapped,mapped,YMDB13364,YMDB,YMDB13364,C:\biological\Metabolic model prediction\Yeast-MetaTwin-zenodo\Data\database\ymdb\ymdb.csv,exact_ymdb_id,high,1,exact_ymdb_id
MODEL_CMPD:0002974,sn_260,YMDB00811,,missing,mapped,mapped,YMDB00811,YMDB,YMDB00811,C:\biological\Metabolic model prediction\Yeast-MetaTwin-zenodo\Data\database\ymdb\ymdb.csv,exact_ymdb_id,high,1,exact_ymdb_id
MODEL_CMPD:0002975,sn_261,YMDB16051,,missing,mapped,mapped,YMDB16051,YMDB,YMDB16051,C:\biological\Metabolic model prediction\Yeast-MetaTwin-zenodo\Data\database\ymdb\ymdb.csv,exact_ymdb_id,high,1,exact_ymdb_id
MODEL_CMPD:0002976,sn_262,YMDB13346,,missing,mapped,mapped,YMDB13346,YMDB,YMDB13346,C:\biological\Metabolic model prediction\Yeast-MetaTwin-zenodo\Data\database\ymdb\ymdb.csv,exact_ymdb_id,high,1,exact_ymdb_id
MODEL_CMPD:0002977,sn_263,YMDB01674,,missing,mapped,mapped,YMDB01674,YMDB,YMDB01674,C:\biological\Metabolic model prediction\Yeast-MetaTwin-zenodo\Data\database\ymdb\ymdb.csv,exact_ymdb_id,high,1,exact_ymdb_id
MODEL_CMPD:0002978,sn_265,YMDB01757,,missing,mapped,mapped,YMDB01757,YMDB,YMDB01757,C:\biological\Metabolic model prediction\Yeast-MetaTwin-zenodo\Data\database\ymdb\ymdb.csv,exact_ymdb_id,high,1,exact_ymdb_id
MODEL_CMPD:0002979,sn_266,YMDB13387,,missing,mapped,mapped,YMDB13387,YMDB,YMDB13387,C:\biological\Metabolic model prediction\Yeast-MetaTwin-zenodo\Data\database\ymdb\ymdb.csv,exact_ymdb_id,high,1,exact_ymdb_id
MODEL_CMPD:0002980,sn_267,YMDB00764_YMDB16183,,missing,manual_review,multiple_structures_for_key,YMDB00764|YMDB16183,,,,,,2,exact_ymdb_id
MODEL_CMPD:0002981,sn_268,YMDB01397,,missing,mapped,mapped,YMDB01397,YMDB,YMDB01397,C:\biological\Metabolic model prediction\Yeast-MetaTwin-zenodo\Data\database\ymdb\ymdb.csv,exact_ymdb_id,high,1,exact_ymdb_id
MODEL_CMPD:0002982,sn_269,YMDB01317,,missing,mapped,mapped,YMDB01317,YMDB,YMDB01317,C:\biological\Metabolic model prediction\Yeast-MetaTwin-zenodo\Data\database\ymdb\ymdb.csv,exact_ymdb_id,high,1,exact_ymdb_id
MODEL_CMPD:0002983,sn_27,YMDB00498,,missing,mapped,mapped,YMDB00498,YMDB,YMDB00498,C:\biological\Metabolic model prediction\Yeast-MetaTwin-zenodo\Data\database\ymdb\ymdb.csv,exact_ymdb_id,high,1,exact_ymdb_id
MODEL_CMPD:0002984,sn_270,YMDB01476,,missing,mapped,mapped,YMDB01476,YMDB,YMDB01476,C:\biological\Metabolic model prediction\Yeast-MetaTwin-zenodo\Data\database\ymdb\ymdb.csv,exact_ymdb_id,high,1,exact_ymdb_id
MODEL_CMPD:0002985,sn_271,YMDB13065,,missing,mapped,mapped,YMDB13065,YMDB,YMDB13065,C:\biological\Metabolic model prediction\Yeast-MetaTwin-zenodo\Data\database\ymdb\ymdb.csv,exact_ymdb_id,high,1,exact_ymdb_id
MODEL_CMPD:0002986,sn_272,YMDB01269,,missing,mapped,mapped,YMDB01269,YMDB,YMDB01269,C:\biological\Metabolic model prediction\Yeast-MetaTwin-zenodo\Data\database\ymdb\ymdb.csv,exact_ymdb_id,high,1,exact_ymdb_id
MODEL_CMPD:0002987,sn_273,YMDB15735,,missing,mapped,mapped,YMDB15735,YMDB,YMDB15735,C:\biological\Metabolic model prediction\Yeast-MetaTwin-zenodo\Data\database\ymdb\ymdb.csv,exact_ymdb_id,high,1,exact_ymdb_id
MODEL_CMPD:0002988,sn_274,YMDB01322,,missing,mapped,mapped,YMDB01322,YMDB,YMDB01322,C:\biological\Metabolic model prediction\Yeast-MetaTwin-zenodo\Data\database\ymdb\ymdb.csv,exact_ymdb_id,high,1,exact_ymdb_id
MODEL_CMPD:0002989,sn_275,YMDB16326,,missing,mapped,mapped,YMDB16326,YMDB,YMDB16326,C:\biological\Metabolic model prediction\Yeast-MetaTwin-zenodo\Data\database\ymdb\ymdb.csv,exact_ymdb_id,high,1,exact_ymdb_id
MODEL_CMPD:0002990,sn_276,YMDB01646,,missing,mapped,mapped,YMDB01646,YMDB,YMDB01646,C:\biological\Metabolic model prediction\Yeast-MetaTwin-zenodo\Data\database\ymdb\ymdb.csv,exact_ymdb_id,high,1,exact_ymdb_id
MODEL_CMPD:0002991,sn_277,YMDB01606_YMDB16037,,missing,mapped,mapped,YMDB01606|YMDB16037,YMDB,YMDB01606,C:\biological\Metabolic model prediction\Yeast-MetaTwin-zenodo\Data\database\ymdb\ymdb.csv,exact_ymdb_id,high,2,exact_ymdb_id
MODEL_CMPD:0002992,sn_278,YMDB01303,,missing,mapped,mapped,YMDB01303,YMDB,YMDB01303,C:\biological\Metabolic model prediction\Yeast-MetaTwin-zenodo\Data\database\ymdb\ymdb.csv,exact_ymdb_id,high,1,exact_ymdb_id
MODEL_CMPD:0002993,sn_279,YMDB01352_YMDB16060,,missing,mapped,mapped,YMDB01352|YMDB16060,YMDB,YMDB01352,C:\biological\Metabolic model prediction\Yeast-MetaTwin-zenodo\Data\database\ymdb\ymdb.csv,exact_ymdb_id,high,2,exact_ymdb_id
MODEL_CMPD:0002994,sn_28,YMDB16265,,missing,mapped,mapped,YMDB16265,YMDB,YMDB16265,C:\biological\Metabolic model prediction\Yeast-MetaTwin-zenodo\Data\database\ymdb\ymdb.csv,exact_ymdb_id,high,1,exact_ymdb_id
MODEL_CMPD:0002995,sn_281,YMDB16259,,missing,mapped,mapped,YMDB16259,YMDB,YMDB16259,C:\biological\Metabolic model prediction\Yeast-MetaTwin-zenodo\Data\database\ymdb\ymdb.csv,exact_ymdb_id,high,1,exact_ymdb_id
MODEL_CMPD:0002996,sn_282,YMDB13397,,missing,mapped,mapped,YMDB13397,YMDB,YMDB13397,C:\biological\Metabolic model prediction\Yeast-MetaTwin-zenodo\Data\database\ymdb\ymdb.csv,exact_ymdb_id,high,1,exact_ymdb_id
MODEL_CMPD:0002997,sn_283,YMDB01102,,missing,mapped,mapped,YMDB01102,YMDB,YMDB01102,C:\biological\Metabolic model prediction\Yeast-MetaTwin-zenodo\Data\database\ymdb\ymdb.csv,exact_ymdb_id,high,1,exact_ymdb_id
MODEL_CMPD:0002998,sn_284,YMDB01378,,missing,mapped,mapped,YMDB01378,YMDB,YMDB01378,C:\biological\Metabolic model prediction\Yeast-MetaTwin-zenodo\Data\database\ymdb\ymdb.csv,exact_ymdb_id,high,1,exact_ymdb_id
MODEL_CMPD:0002999,sn_285,YMDB02309,,missing,mapped,mapped,YMDB02309,YMDB,YMDB02309,C:\biological\Metabolic model prediction\Yeast-MetaTwin-zenodo\Data\database\ymdb\ymdb.csv,exact_ymdb_id,high,1,exact_ymdb_id
MODEL_CMPD:0003000,sn_286,YMDB01377,,missing,mapped,mapped,YMDB01377,YMDB,YMDB01377,C:\biological\Metabolic model prediction\Yeast-MetaTwin-zenodo\Data\database\ymdb\ymdb.csv,exact_ymdb_id,high,1,exact_ymdb_id
MODEL_CMPD:0003001,sn_287,YMDB00787,,missing,mapped,mapped,YMDB00787,YMDB,YMDB00787,C:\biological\Metabolic model prediction\Yeast-MetaTwin-zenodo\Data\database\ymdb\ymdb.csv,exact_ymdb_id,high,1,exact_ymdb_id
MODEL_CMPD:0003002,sn_288,sn_288,,missing,unresolved,local_key_space_exhausted,,,,,,,0,exact_ymdb_id|exact_metanetx_id|exact_chebi_id|exact_kegg_id|exact_pubchem_cid_via_chebi_sdf|unique_normalized_name
MODEL_CMPD:0003003,sn_289,YMDB13347,,missing,mapped,mapped,YMDB13347,YMDB,YMDB13347,C:\biological\Metabolic model prediction\Yeast-MetaTwin-zenodo\Data\database\ymdb\ymdb.csv,exact_ymdb_id,high,1,exact_ymdb_id
MODEL_CMPD:0003004,sn_29,YMDB13295,,missing,mapped,mapped,YMDB13295,YMDB,YMDB13295,C:\biological\Metabolic model prediction\Yeast-MetaTwin-zenodo\Data\database\ymdb\ymdb.csv,exact_ymdb_id,high,1,exact_ymdb_id
MODEL_CMPD:0003005,sn_291,YMDB01529,,missing,mapped,mapped,YMDB01529,YMDB,YMDB01529,C:\biological\Metabolic model prediction\Yeast-MetaTwin-zenodo\Data\database\ymdb\ymdb.csv,exact_ymdb_id,high,1,exact_ymdb_id
MODEL_CMPD:0003006,sn_292,sn_292,,missing,unresolved,local_key_space_exhausted,,,,,,,0,exact_ymdb_id|exact_metanetx_id|exact_chebi_id|exact_kegg_id|exact_pubchem_cid_via_chebi_sdf|unique_normalized_name
MODEL_CMPD:0003007,sn_293,YMDB15938,,missing,mapped,mapped,YMDB15938,YMDB,YMDB15938,C:\biological\Metabolic model prediction\Yeast-MetaTwin-zenodo\Data\database\ymdb\ymdb.csv,exact_ymdb_id,high,1,exact_ymdb_id
MODEL_CMPD:0003008,sn_294,YMDB01706,,missing,mapped,mapped,YMDB01706,YMDB,YMDB01706,C:\biological\Metabolic model prediction\Yeast-MetaTwin-zenodo\Data\database\ymdb\ymdb.csv,exact_ymdb_id,high,1,exact_ymdb_id
MODEL_CMPD:0003009,sn_295,YMDB16235,,missing,mapped,mapped,YMDB16235,YMDB,YMDB16235,C:\biological\Metabolic model prediction\Yeast-MetaTwin-zenodo\Data\database\ymdb\ymdb.csv,exact_ymdb_id,high,1,exact_ymdb_id
MODEL_CMPD:0003010,sn_296,sn_296,,missing,unresolved,local_key_space_exhausted,,,,,,,0,exact_ymdb_id|exact_metanetx_id|exact_chebi_id|exact_kegg_id|exact_pubchem_cid_via_chebi_sdf|unique_normalized_name
MODEL_CMPD:0003011,sn_297,YMDB13337,,missing,mapped,mapped,YMDB13337,YMDB,YMDB13337,C:\biological\Metabolic model prediction\Yeast-MetaTwin-zenodo\Data\database\ymdb\ymdb.csv,exact_ymdb_id,high,1,exact_ymdb_id
MODEL_CMPD:0003012,sn_298,YMDB16021,,missing,mapped,mapped,YMDB16021,YMDB,YMDB16021,C:\biological\Metabolic model prediction\Yeast-MetaTwin-zenodo\Data\database\ymdb\ymdb.csv,exact_ymdb_id,high,1,exact_ymdb_id
MODEL_CMPD:0003013,sn_299,YMDB01718,,missing,mapped,mapped,YMDB01718,YMDB,YMDB01718,C:\biological\Metabolic model prediction\Yeast-MetaTwin-zenodo\Data\database\ymdb\ymdb.csv,exact_ymdb_id,high,1,exact_ymdb_id
MODEL_CMPD:0003014,sn_3,YMDB16178,,missing,mapped,mapped,YMDB16178,YMDB,YMDB16178,C:\biological\Metabolic model prediction\Yeast-MetaTwin-zenodo\Data\database\ymdb\ymdb.csv,exact_ymdb_id,high,1,exact_ymdb_id
MODEL_CMPD:0003015,sn_30,YMDB00384,,missing,mapped,mapped,YMDB00384,YMDB,YMDB00384,C:\biological\Metabolic model prediction\Yeast-MetaTwin-zenodo\Data\database\ymdb\ymdb.csv,exact_ymdb_id,high,1,exact_ymdb_id
MODEL_CMPD:0003016,sn_300,YMDB01351,,missing,mapped,mapped,YMDB01351,YMDB,YMDB01351,C:\biological\Metabolic model prediction\Yeast-MetaTwin-zenodo\Data\database\ymdb\ymdb.csv,exact_ymdb_id,high,1,exact_ymdb_id
MODEL_CMPD:0003017,sn_301,YMDB01566,,missing,mapped,mapped,YMDB01566,YMDB,YMDB01566,C:\biological\Metabolic model prediction\Yeast-MetaTwin-zenodo\Data\database\ymdb\ymdb.csv,exact_ymdb_id,high,1,exact_ymdb_id
MODEL_CMPD:0003018,sn_302,YMDB01615,,missing,mapped,mapped,YMDB01615,YMDB,YMDB01615,C:\biological\Metabolic model prediction\Yeast-MetaTwin-zenodo\Data\database\ymdb\ymdb.csv,exact_ymdb_id,high,1,exact_ymdb_id
MODEL_CMPD:0003019,sn_303,YMDB02305,,missing,mapped,mapped,YMDB02305,YMDB,YMDB02305,C:\biological\Metabolic model prediction\Yeast-MetaTwin-zenodo\Data\database\ymdb\ymdb.csv,exact_ymdb_id,high,1,exact_ymdb_id
MODEL_CMPD:0003020,sn_304,YMDB00185,,missing,mapped,mapped,YMDB00185,YMDB,YMDB00185,C:\biological\Metabolic model prediction\Yeast-MetaTwin-zenodo\Data\database\ymdb\ymdb.csv,exact_ymdb_id,high,1,exact_ymdb_id
MODEL_CMPD:0003021,sn_305,YMDB01676,,missing,mapped,mapped,YMDB01676,YMDB,YMDB01676,C:\biological\Metabolic model prediction\Yeast-MetaTwin-zenodo\Data\database\ymdb\ymdb.csv,exact_ymdb_id,high,1,exact_ymdb_id
MODEL_CMPD:0003022,sn_306,YMDB00808,,missing,mapped,mapped,YMDB00808,YMDB,YMDB00808,C:\biological\Metabolic model prediction\Yeast-MetaTwin-zenodo\Data\database\ymdb\ymdb.csv,exact_ymdb_id,high,1,exact_ymdb_id
MODEL_CMPD:0003023,sn_307,YMDB16261,,missing,mapped,mapped,YMDB16261,YMDB,YMDB16261,C:\biological\Metabolic model prediction\Yeast-MetaTwin-zenodo\Data\database\ymdb\ymdb.csv,exact_ymdb_id,high,1,exact_ymdb_id
MODEL_CMPD:0003024,sn_308,YMDB01216,,missing,mapped,mapped,YMDB01216,YMDB,YMDB01216,C:\biological\Metabolic model prediction\Yeast-MetaTwin-zenodo\Data\database\ymdb\ymdb.csv,exact_ymdb_id,high,1,exact_ymdb_id
MODEL_CMPD:0003025,sn_309,YMDB01744,,missing,mapped,mapped,YMDB01744,YMDB,YMDB01744,C:\biological\Metabolic model prediction\Yeast-MetaTwin-zenodo\Data\database\ymdb\ymdb.csv,exact_ymdb_id,high,1,exact_ymdb_id
MODEL_CMPD:0003026,sn_31,YMDB16268,,missing,mapped,mapped,YMDB16268,YMDB,YMDB16268,C:\biological\Metabolic model prediction\Yeast-MetaTwin-zenodo\Data\database\ymdb\ymdb.csv,exact_ymdb_id,high,1,exact_ymdb_id
MODEL_CMPD:0003027,sn_310,YMDB01563,,missing,mapped,mapped,YMDB01563,YMDB,YMDB01563,C:\biological\Metabolic model prediction\Yeast-MetaTwin-zenodo\Data\database\ymdb\ymdb.csv,exact_ymdb_id,high,1,exact_ymdb_id
MODEL_CMPD:0003028,sn_311,YMDB01693,,missing,mapped,mapped,YMDB01693,YMDB,YMDB01693,C:\biological\Metabolic model prediction\Yeast-MetaTwin-zenodo\Data\database\ymdb\ymdb.csv,exact_ymdb_id,high,1,exact_ymdb_id
MODEL_CMPD:0003029,sn_312,YMDB01175_YMDB13311,,missing,manual_review,multiple_structures_for_key,YMDB01175|YMDB13311,,,,,,2,exact_ymdb_id
MODEL_CMPD:0003030,sn_313,YMDB01675,,missing,mapped,mapped,YMDB01675,YMDB,YMDB01675,C:\biological\Metabolic model prediction\Yeast-MetaTwin-zenodo\Data\database\ymdb\ymdb.csv,exact_ymdb_id,high,1,exact_ymdb_id
MODEL_CMPD:0003031,sn_314,YMDB01743,,missing,mapped,mapped,YMDB01743,YMDB,YMDB01743,C:\biological\Metabolic model prediction\Yeast-MetaTwin-zenodo\Data\database\ymdb\ymdb.csv,exact_ymdb_id,high,1,exact_ymdb_id
MODEL_CMPD:0003032,sn_315,YMDB13562,,missing,mapped,mapped,YMDB13562,YMDB,YMDB13562,C:\biological\Metabolic model prediction\Yeast-MetaTwin-zenodo\Data\database\ymdb\ymdb.csv,exact_ymdb_id,high,1,exact_ymdb_id
MODEL_CMPD:0003033,sn_316,YMDB15934,,missing,mapped,mapped,YMDB15934,YMDB,YMDB15934,C:\biological\Metabolic model prediction\Yeast-MetaTwin-zenodo\Data\database\ymdb\ymdb.csv,exact_ymdb_id,high,1,exact_ymdb_id
MODEL_CMPD:0003034,sn_317,YMDB01188,,missing,mapped,mapped,YMDB01188,YMDB,YMDB01188,C:\biological\Metabolic model prediction\Yeast-MetaTwin-zenodo\Data\database\ymdb\ymdb.csv,exact_ymdb_id,high,1,exact_ymdb_id
MODEL_CMPD:0003035,sn_318,YMDB13002,,missing,mapped,mapped,YMDB13002,YMDB,YMDB13002,C:\biological\Metabolic model prediction\Yeast-MetaTwin-zenodo\Data\database\ymdb\ymdb.csv,exact_ymdb_id,high,1,exact_ymdb_id
MODEL_CMPD:0003036,sn_319,YMDB13401,,missing,mapped,mapped,YMDB13401,YMDB,YMDB13401,C:\biological\Metabolic model prediction\Yeast-MetaTwin-zenodo\Data\database\ymdb\ymdb.csv,exact_ymdb_id,high,1,exact_ymdb_id
MODEL_CMPD:0003037,sn_320,YMDB01347,,missing,mapped,mapped,YMDB01347,YMDB,YMDB01347,C:\biological\Metabolic model prediction\Yeast-MetaTwin-zenodo\Data\database\ymdb\ymdb.csv,exact_ymdb_id,high,1,exact_ymdb_id
MODEL_CMPD:0003038,sn_321,YMDB00596,,missing,mapped,mapped,YMDB00596,YMDB,YMDB00596,C:\biological\Metabolic model prediction\Yeast-MetaTwin-zenodo\Data\database\ymdb\ymdb.csv,exact_ymdb_id,high,1,exact_ymdb_id
MODEL_CMPD:0003039,sn_322,YMDB01536,,missing,mapped,mapped,YMDB01536,YMDB,YMDB01536,C:\biological\Metabolic model prediction\Yeast-MetaTwin-zenodo\Data\database\ymdb\ymdb.csv,exact_ymdb_id,high,1,exact_ymdb_id
MODEL_CMPD:0003040,sn_323,YMDB01105,,missing,mapped,mapped,YMDB01105,YMDB,YMDB01105,C:\biological\Metabolic model prediction\Yeast-MetaTwin-zenodo\Data\database\ymdb\ymdb.csv,exact_ymdb_id,high,1,exact_ymdb_id
MODEL_CMPD:0003041,sn_324,YMDB01470,,missing,mapped,mapped,YMDB01470,YMDB,YMDB01470,C:\biological\Metabolic model prediction\Yeast-MetaTwin-zenodo\Data\database\ymdb\ymdb.csv,exact_ymdb_id,high,1,exact_ymdb_id
MODEL_CMPD:0003042,sn_325,YMDB16206,,missing,mapped,mapped,YMDB16206,YMDB,YMDB16206,C:\biological\Metabolic model prediction\Yeast-MetaTwin-zenodo\Data\database\ymdb\ymdb.csv,exact_ymdb_id,high,1,exact_ymdb_id
MODEL_CMPD:0003043,sn_326,YMDB16204,,missing,mapped,mapped,YMDB16204,YMDB,YMDB16204,C:\biological\Metabolic model prediction\Yeast-MetaTwin-zenodo\Data\database\ymdb\ymdb.csv,exact_ymdb_id,high,1,exact_ymdb_id
MODEL_CMPD:0003044,sn_327,YMDB01802,,missing,mapped,mapped,YMDB01802,YMDB,YMDB01802,C:\biological\Metabolic model prediction\Yeast-MetaTwin-zenodo\Data\database\ymdb\ymdb.csv,exact_ymdb_id,high,1,exact_ymdb_id
MODEL_CMPD:0003045,sn_328,YMDB01704,,missing,mapped,mapped,YMDB01704,YMDB,YMDB01704,C:\biological\Metabolic model prediction\Yeast-MetaTwin-zenodo\Data\database\ymdb\ymdb.csv,exact_ymdb_id,high,1,exact_ymdb_id
MODEL_CMPD:0003046,sn_329,YMDB01332,,missing,mapped,mapped,YMDB01332,YMDB,YMDB01332,C:\biological\Metabolic model prediction\Yeast-MetaTwin-zenodo\Data\database\ymdb\ymdb.csv,exact_ymdb_id,high,1,exact_ymdb_id
MODEL_CMPD:0003047,sn_33,YMDB00122,,missing,mapped,mapped,YMDB00122,YMDB,YMDB00122,C:\biological\Metabolic model prediction\Yeast-MetaTwin-zenodo\Data\database\ymdb\ymdb.csv,exact_ymdb_id,high,1,exact_ymdb_id
MODEL_CMPD:0003048,sn_330,YMDB01564,,missing,mapped,mapped,YMDB01564,YMDB,YMDB01564,C:\biological\Metabolic model prediction\Yeast-MetaTwin-zenodo\Data\database\ymdb\ymdb.csv,exact_ymdb_id,high,1,exact_ymdb_id
MODEL_CMPD:0003049,sn_331,YMDB01484,,missing,mapped,mapped,YMDB01484,YMDB,YMDB01484,C:\biological\Metabolic model prediction\Yeast-MetaTwin-zenodo\Data\database\ymdb\ymdb.csv,exact_ymdb_id,high,1,exact_ymdb_id
MODEL_CMPD:0003050,sn_332,YMDB16043,,missing,mapped,mapped,YMDB16043,YMDB,YMDB16043,C:\biological\Metabolic model prediction\Yeast-MetaTwin-zenodo\Data\database\ymdb\ymdb.csv,exact_ymdb_id,high,1,exact_ymdb_id
MODEL_CMPD:0003051,sn_333,YMDB02317,,missing,mapped,mapped,YMDB02317,YMDB,YMDB02317,C:\biological\Metabolic model prediction\Yeast-MetaTwin-zenodo\Data\database\ymdb\ymdb.csv,exact_ymdb_id,high,1,exact_ymdb_id
MODEL_CMPD:0003052,sn_334,YMDB16188,,missing,mapped,mapped,YMDB16188,YMDB,YMDB16188,C:\biological\Metabolic model prediction\Yeast-MetaTwin-zenodo\Data\database\ymdb\ymdb.csv,exact_ymdb_id,high,1,exact_ymdb_id
MODEL_CMPD:0003053,sn_335,YMDB16161,,missing,mapped,mapped,YMDB16161,YMDB,YMDB16161,C:\biological\Metabolic model prediction\Yeast-MetaTwin-zenodo\Data\database\ymdb\ymdb.csv,exact_ymdb_id,high,1,exact_ymdb_id
MODEL_CMPD:0003054,sn_336,YMDB16081,,missing,mapped,mapped,YMDB16081,YMDB,YMDB16081,C:\biological\Metabolic model prediction\Yeast-MetaTwin-zenodo\Data\database\ymdb\ymdb.csv,exact_ymdb_id,high,1,exact_ymdb_id
MODEL_CMPD:0003055,sn_337,YMDB13060,,missing,mapped,mapped,YMDB13060,YMDB,YMDB13060,C:\biological\Metabolic model prediction\Yeast-MetaTwin-zenodo\Data\database\ymdb\ymdb.csv,exact_ymdb_id,high,1,exact_ymdb_id
MODEL_CMPD:0003056,sn_338,YMDB01683,,missing,mapped,mapped,YMDB01683,YMDB,YMDB01683,C:\biological\Metabolic model prediction\Yeast-MetaTwin-zenodo\Data\database\ymdb\ymdb.csv,exact_ymdb_id,high,1,exact_ymdb_id
MODEL_CMPD:0003057,sn_339,YMDB15950,,missing,mapped,mapped,YMDB15950,YMDB,YMDB15950,C:\biological\Metabolic model prediction\Yeast-MetaTwin-zenodo\Data\database\ymdb\ymdb.csv,exact_ymdb_id,high,1,exact_ymdb_id
MODEL_CMPD:0003058,sn_34,YMDB01562,,missing,mapped,mapped,YMDB01562,YMDB,YMDB01562,C:\biological\Metabolic model prediction\Yeast-MetaTwin-zenodo\Data\database\ymdb\ymdb.csv,exact_ymdb_id,high,1,exact_ymdb_id
MODEL_CMPD:0003059,sn_341,YMDB00826_YMDB15914,,missing,mapped,mapped,YMDB00826|YMDB15914,YMDB,YMDB00826,C:\biological\Metabolic model prediction\Yeast-MetaTwin-zenodo\Data\database\ymdb\ymdb.csv,exact_ymdb_id,high,2,exact_ymdb_id
MODEL_CMPD:0003060,sn_342,YMDB16209,,missing,mapped,mapped,YMDB16209,YMDB,YMDB16209,C:\biological\Metabolic model prediction\Yeast-MetaTwin-zenodo\Data\database\ymdb\ymdb.csv,exact_ymdb_id,high,1,exact_ymdb_id
MODEL_CMPD:0003061,sn_343,YMDB01218,,missing,mapped,mapped,YMDB01218,YMDB,YMDB01218,C:\biological\Metabolic model prediction\Yeast-MetaTwin-zenodo\Data\database\ymdb\ymdb.csv,exact_ymdb_id,high,1,exact_ymdb_id
MODEL_CMPD:0003062,sn_344,YMDB01867,,missing,mapped,mapped,YMDB01867,YMDB,YMDB01867,C:\biological\Metabolic model prediction\Yeast-MetaTwin-zenodo\Data\database\ymdb\ymdb.csv,exact_ymdb_id,high,1,exact_ymdb_id
MODEL_CMPD:0003063,sn_345,YMDB01291,,missing,mapped,mapped,YMDB01291,YMDB,YMDB01291,C:\biological\Metabolic model prediction\Yeast-MetaTwin-zenodo\Data\database\ymdb\ymdb.csv,exact_ymdb_id,high,1,exact_ymdb_id
MODEL_CMPD:0003064,sn_347,YMDB16246,,missing,mapped,mapped,YMDB16246,YMDB,YMDB16246,C:\biological\Metabolic model prediction\Yeast-MetaTwin-zenodo\Data\database\ymdb\ymdb.csv,exact_ymdb_id,high,1,exact_ymdb_id
MODEL_CMPD:0003065,sn_348,YMDB16120,,missing,mapped,mapped,YMDB16120,YMDB,YMDB16120,C:\biological\Metabolic model prediction\Yeast-MetaTwin-zenodo\Data\database\ymdb\ymdb.csv,exact_ymdb_id,high,1,exact_ymdb_id
MODEL_CMPD:0003066,sn_349,YMDB01368,,missing,unresolved,no_parseable_local_structure,YMDB01368,,,,,,0,exact_ymdb_id|exact_metanetx_id|exact_chebi_id|exact_kegg_id|exact_pubchem_cid_via_chebi_sdf|unique_normalized_name
MODEL_CMPD:0003067,sn_35,YMDB13328_YMDB16278,,missing,manual_review,multiple_structures_for_key,YMDB13328|YMDB16278,,,,,,2,exact_ymdb_id
MODEL_CMPD:0003068,sn_350,YMDB01399,,missing,mapped,mapped,YMDB01399,YMDB,YMDB01399,C:\biological\Metabolic model prediction\Yeast-MetaTwin-zenodo\Data\database\ymdb\ymdb.csv,exact_ymdb_id,high,1,exact_ymdb_id
MODEL_CMPD:0003069,sn_351,YMDB15678,,missing,mapped,mapped,YMDB15678,YMDB,YMDB15678,C:\biological\Metabolic model prediction\Yeast-MetaTwin-zenodo\Data\database\ymdb\ymdb.csv,exact_ymdb_id,high,1,exact_ymdb_id
MODEL_CMPD:0003070,sn_352,YMDB01891,,missing,mapped,mapped,YMDB01891,YMDB,YMDB01891,C:\biological\Metabolic model prediction\Yeast-MetaTwin-zenodo\Data\database\ymdb\ymdb.csv,exact_ymdb_id,high,1,exact_ymdb_id
MODEL_CMPD:0003071,sn_353,YMDB01221,,missing,mapped,mapped,YMDB01221,YMDB,YMDB01221,C:\biological\Metabolic model prediction\Yeast-MetaTwin-zenodo\Data\database\ymdb\ymdb.csv,exact_ymdb_id,high,1,exact_ymdb_id
MODEL_CMPD:0003072,sn_354,YMDB16312,,missing,mapped,mapped,YMDB16312,YMDB,YMDB16312,C:\biological\Metabolic model prediction\Yeast-MetaTwin-zenodo\Data\database\ymdb\ymdb.csv,exact_ymdb_id,high,1,exact_ymdb_id
MODEL_CMPD:0003073,sn_355,YMDB16024,,missing,mapped,mapped,YMDB16024,YMDB,YMDB16024,C:\biological\Metabolic model prediction\Yeast-MetaTwin-zenodo\Data\database\ymdb\ymdb.csv,exact_ymdb_id,high,1,exact_ymdb_id
MODEL_CMPD:0003074,sn_356,YMDB01340,,missing,mapped,mapped,YMDB01340,YMDB,YMDB01340,C:\biological\Metabolic model prediction\Yeast-MetaTwin-zenodo\Data\database\ymdb\ymdb.csv,exact_ymdb_id,high,1,exact_ymdb_id
MODEL_CMPD:0003075,sn_357,YMDB16047,,missing,mapped,mapped,YMDB16047,YMDB,YMDB16047,C:\biological\Metabolic model prediction\Yeast-MetaTwin-zenodo\Data\database\ymdb\ymdb.csv,exact_ymdb_id,high,1,exact_ymdb_id
MODEL_CMPD:0003076,sn_358,YMDB01730,,missing,mapped,mapped,YMDB01730,YMDB,YMDB01730,C:\biological\Metabolic model prediction\Yeast-MetaTwin-zenodo\Data\database\ymdb\ymdb.csv,exact_ymdb_id,high,1,exact_ymdb_id
MODEL_CMPD:0003077,sn_359,YMDB16199,,missing,mapped,mapped,YMDB16199,YMDB,YMDB16199,C:\biological\Metabolic model prediction\Yeast-MetaTwin-zenodo\Data\database\ymdb\ymdb.csv,exact_ymdb_id,high,1,exact_ymdb_id
MODEL_CMPD:0003078,sn_36,YMDB00190,,missing,mapped,mapped,YMDB00190,YMDB,YMDB00190,C:\biological\Metabolic model prediction\Yeast-MetaTwin-zenodo\Data\database\ymdb\ymdb.csv,exact_ymdb_id,high,1,exact_ymdb_id
MODEL_CMPD:0003079,sn_360,YMDB02307,,missing,mapped,mapped,YMDB02307,YMDB,YMDB02307,C:\biological\Metabolic model prediction\Yeast-MetaTwin-zenodo\Data\database\ymdb\ymdb.csv,exact_ymdb_id,high,1,exact_ymdb_id
MODEL_CMPD:0003080,sn_361,YMDB13536,,missing,mapped,mapped,YMDB13536,YMDB,YMDB13536,C:\biological\Metabolic model prediction\Yeast-MetaTwin-zenodo\Data\database\ymdb\ymdb.csv,exact_ymdb_id,high,1,exact_ymdb_id
MODEL_CMPD:0003081,sn_363,YMDB13390,,missing,mapped,mapped,YMDB13390,YMDB,YMDB13390,C:\biological\Metabolic model prediction\Yeast-MetaTwin-zenodo\Data\database\ymdb\ymdb.csv,exact_ymdb_id,high,1,exact_ymdb_id
MODEL_CMPD:0003082,sn_364,sn_364,,missing,unresolved,local_key_space_exhausted,,,,,,,0,exact_ymdb_id|exact_metanetx_id|exact_chebi_id|exact_kegg_id|exact_pubchem_cid_via_chebi_sdf|unique_normalized_name
MODEL_CMPD:0003083,sn_365,YMDB01759_YMDB16016,,missing,mapped,mapped,YMDB01759|YMDB16016,YMDB,YMDB01759,C:\biological\Metabolic model prediction\Yeast-MetaTwin-zenodo\Data\database\ymdb\ymdb.csv,exact_ymdb_id,high,2,exact_ymdb_id
MODEL_CMPD:0003084,sn_366,YMDB01386,,missing,mapped,mapped,YMDB01386,YMDB,YMDB01386,C:\biological\Metabolic model prediction\Yeast-MetaTwin-zenodo\Data\database\ymdb\ymdb.csv,exact_ymdb_id,high,1,exact_ymdb_id
MODEL_CMPD:0003085,sn_367,YMDB01776,,missing,mapped,mapped,YMDB01776,YMDB,YMDB01776,C:\biological\Metabolic model prediction\Yeast-MetaTwin-zenodo\Data\database\ymdb\ymdb.csv,exact_ymdb_id,high,1,exact_ymdb_id
MODEL_CMPD:0003086,sn_368,YMDB13352,,missing,mapped,mapped,YMDB13352,YMDB,YMDB13352,C:\biological\Metabolic model prediction\Yeast-MetaTwin-zenodo\Data\database\ymdb\ymdb.csv,exact_ymdb_id,high,1,exact_ymdb_id
MODEL_CMPD:0003087,sn_369,YMDB01887,,missing,mapped,mapped,YMDB01887,YMDB,YMDB01887,C:\biological\Metabolic model prediction\Yeast-MetaTwin-zenodo\Data\database\ymdb\ymdb.csv,exact_ymdb_id,high,1,exact_ymdb_id
MODEL_CMPD:0003088,sn_37,YMDB02320,,missing,mapped,mapped,YMDB02320,YMDB,YMDB02320,C:\biological\Metabolic model prediction\Yeast-MetaTwin-zenodo\Data\database\ymdb\ymdb.csv,exact_ymdb_id,high,1,exact_ymdb_id
MODEL_CMPD:0003089,sn_370,YMDB15994,,missing,unresolved,no_parseable_local_structure,YMDB15994,,,,,,0,exact_ymdb_id|exact_metanetx_id|exact_chebi_id|exact_kegg_id|exact_pubchem_cid_via_chebi_sdf|unique_normalized_name
MODEL_CMPD:0003090,sn_371,YMDB01629,,missing,mapped,mapped,YMDB01629,YMDB,YMDB01629,C:\biological\Metabolic model prediction\Yeast-MetaTwin-zenodo\Data\database\ymdb\ymdb.csv,exact_ymdb_id,high,1,exact_ymdb_id
MODEL_CMPD:0003091,sn_372,YMDB01360,,missing,mapped,mapped,YMDB01360,YMDB,YMDB01360,C:\biological\Metabolic model prediction\Yeast-MetaTwin-zenodo\Data\database\ymdb\ymdb.csv,exact_ymdb_id,high,1,exact_ymdb_id
MODEL_CMPD:0003092,sn_373,YMDB16074,,missing,mapped,mapped,YMDB16074,YMDB,YMDB16074,C:\biological\Metabolic model prediction\Yeast-MetaTwin-zenodo\Data\database\ymdb\ymdb.csv,exact_ymdb_id,high,1,exact_ymdb_id
MODEL_CMPD:0003093,sn_374,YMDB16056,,missing,mapped,mapped,YMDB16056,YMDB,YMDB16056,C:\biological\Metabolic model prediction\Yeast-MetaTwin-zenodo\Data\database\ymdb\ymdb.csv,exact_ymdb_id,high,1,exact_ymdb_id
MODEL_CMPD:0003094,sn_375,YMDB01356,,missing,mapped,mapped,YMDB01356,YMDB,YMDB01356,C:\biological\Metabolic model prediction\Yeast-MetaTwin-zenodo\Data\database\ymdb\ymdb.csv,exact_ymdb_id,high,1,exact_ymdb_id
MODEL_CMPD:0003095,sn_377,YMDB00838,,missing,mapped,mapped,YMDB00838,YMDB,YMDB00838,C:\biological\Metabolic model prediction\Yeast-MetaTwin-zenodo\Data\database\ymdb\ymdb.csv,exact_ymdb_id,high,1,exact_ymdb_id
MODEL_CMPD:0003096,sn_378,YMDB02314,,missing,mapped,mapped,YMDB02314,YMDB,YMDB02314,C:\biological\Metabolic model prediction\Yeast-MetaTwin-zenodo\Data\database\ymdb\ymdb.csv,exact_ymdb_id,high,1,exact_ymdb_id
MODEL_CMPD:0003097,sn_38,YMDB01154,,missing,mapped,mapped,YMDB01154,YMDB,YMDB01154,C:\biological\Metabolic model prediction\Yeast-MetaTwin-zenodo\Data\database\ymdb\ymdb.csv,exact_ymdb_id,high,1,exact_ymdb_id
MODEL_CMPD:0003098,sn_380,YMDB01350_YMDB16023,,missing,manual_review,multiple_structures_for_key,YMDB01350|YMDB16023,,,,,,2,exact_ymdb_id
MODEL_CMPD:0003099,sn_381,YMDB13384,,missing,mapped,mapped,YMDB13384,YMDB,YMDB13384,C:\biological\Metabolic model prediction\Yeast-MetaTwin-zenodo\Data\database\ymdb\ymdb.csv,exact_ymdb_id,high,1,exact_ymdb_id
MODEL_CMPD:0003100,sn_382,YMDB01355,,missing,mapped,mapped,YMDB01355,YMDB,YMDB01355,C:\biological\Metabolic model prediction\Yeast-MetaTwin-zenodo\Data\database\ymdb\ymdb.csv,exact_ymdb_id,high,1,exact_ymdb_id
MODEL_CMPD:0003101,sn_383,YMDB00856,,missing,mapped,mapped,YMDB00856,YMDB,YMDB00856,C:\biological\Metabolic model prediction\Yeast-MetaTwin-zenodo\Data\database\ymdb\ymdb.csv,exact_ymdb_id,high,1,exact_ymdb_id
MODEL_CMPD:0003102,sn_384,YMDB01592,,missing,mapped,mapped,YMDB01592,YMDB,YMDB01592,C:\biological\Metabolic model prediction\Yeast-MetaTwin-zenodo\Data\database\ymdb\ymdb.csv,exact_ymdb_id,high,1,exact_ymdb_id
MODEL_CMPD:0003103,sn_385,YMDB16026,,missing,mapped,mapped,YMDB16026,YMDB,YMDB16026,C:\biological\Metabolic model prediction\Yeast-MetaTwin-zenodo\Data\database\ymdb\ymdb.csv,exact_ymdb_id,high,1,exact_ymdb_id
MODEL_CMPD:0003104,sn_386,YMDB16149,,missing,mapped,mapped,YMDB16149,YMDB,YMDB16149,C:\biological\Metabolic model prediction\Yeast-MetaTwin-zenodo\Data\database\ymdb\ymdb.csv,exact_ymdb_id,high,1,exact_ymdb_id
MODEL_CMPD:0003105,sn_387,YMDB16079,,missing,mapped,mapped,YMDB16079,YMDB,YMDB16079,C:\biological\Metabolic model prediction\Yeast-MetaTwin-zenodo\Data\database\ymdb\ymdb.csv,exact_ymdb_id,high,1,exact_ymdb_id
MODEL_CMPD:0003106,sn_388,YMDB01747,,missing,mapped,mapped,YMDB01747,YMDB,YMDB01747,C:\biological\Metabolic model prediction\Yeast-MetaTwin-zenodo\Data\database\ymdb\ymdb.csv,exact_ymdb_id,high,1,exact_ymdb_id
MODEL_CMPD:0003107,sn_389,YMDB02312,,missing,mapped,mapped,YMDB02312,YMDB,YMDB02312,C:\biological\Metabolic model prediction\Yeast-MetaTwin-zenodo\Data\database\ymdb\ymdb.csv,exact_ymdb_id,high,1,exact_ymdb_id
MODEL_CMPD:0003108,sn_39,YMDB00196,,missing,mapped,mapped,YMDB00196,YMDB,YMDB00196,C:\biological\Metabolic model prediction\Yeast-MetaTwin-zenodo\Data\database\ymdb\ymdb.csv,exact_ymdb_id,high,1,exact_ymdb_id
MODEL_CMPD:0003109,sn_391,YMDB13057,,missing,mapped,mapped,YMDB13057,YMDB,YMDB13057,C:\biological\Metabolic model prediction\Yeast-MetaTwin-zenodo\Data\database\ymdb\ymdb.csv,exact_ymdb_id,high,1,exact_ymdb_id
MODEL_CMPD:0003110,sn_392,YMDB13351,,missing,mapped,mapped,YMDB13351,YMDB,YMDB13351,C:\biological\Metabolic model prediction\Yeast-MetaTwin-zenodo\Data\database\ymdb\ymdb.csv,exact_ymdb_id,high,1,exact_ymdb_id
MODEL_CMPD:0003111,sn_393,YMDB01316,,missing,mapped,mapped,YMDB01316,YMDB,YMDB01316,C:\biological\Metabolic model prediction\Yeast-MetaTwin-zenodo\Data\database\ymdb\ymdb.csv,exact_ymdb_id,high,1,exact_ymdb_id
MODEL_CMPD:0003112,sn_394,YMDB01617_YMDB15954,,missing,mapped,mapped,YMDB01617|YMDB15954,YMDB,YMDB01617,C:\biological\Metabolic model prediction\Yeast-MetaTwin-zenodo\Data\database\ymdb\ymdb.csv,exact_ymdb_id,high,2,exact_ymdb_id
MODEL_CMPD:0003113,sn_395,YMDB01488,,missing,mapped,mapped,YMDB01488,YMDB,YMDB01488,C:\biological\Metabolic model prediction\Yeast-MetaTwin-zenodo\Data\database\ymdb\ymdb.csv,exact_ymdb_id,high,1,exact_ymdb_id
MODEL_CMPD:0003114,sn_396,YMDB16114,,missing,mapped,mapped,YMDB16114,YMDB,YMDB16114,C:\biological\Metabolic model prediction\Yeast-MetaTwin-zenodo\Data\database\ymdb\ymdb.csv,exact_ymdb_id,high,1,exact_ymdb_id
MODEL_CMPD:0003115,sn_397,YMDB14434,,missing,mapped,mapped,YMDB14434,YMDB,YMDB14434,C:\biological\Metabolic model prediction\Yeast-MetaTwin-zenodo\Data\database\ymdb\ymdb.csv,exact_ymdb_id,high,1,exact_ymdb_id
MODEL_CMPD:0003116,sn_398,YMDB01339,,missing,mapped,mapped,YMDB01339,YMDB,YMDB01339,C:\biological\Metabolic model prediction\Yeast-MetaTwin-zenodo\Data\database\ymdb\ymdb.csv,exact_ymdb_id,high,1,exact_ymdb_id
MODEL_CMPD:0003117,sn_399,YMDB16006,,missing,mapped,mapped,YMDB16006,YMDB,YMDB16006,C:\biological\Metabolic model prediction\Yeast-MetaTwin-zenodo\Data\database\ymdb\ymdb.csv,exact_ymdb_id,high,1,exact_ymdb_id
MODEL_CMPD:0003118,sn_4,YMDB13366,,missing,mapped,mapped,YMDB13366,YMDB,YMDB13366,C:\biological\Metabolic model prediction\Yeast-MetaTwin-zenodo\Data\database\ymdb\ymdb.csv,exact_ymdb_id,high,1,exact_ymdb_id
MODEL_CMPD:0003119,sn_40,YMDB01324,,missing,mapped,mapped,YMDB01324,YMDB,YMDB01324,C:\biological\Metabolic model prediction\Yeast-MetaTwin-zenodo\Data\database\ymdb\ymdb.csv,exact_ymdb_id,high,1,exact_ymdb_id
MODEL_CMPD:0003120,sn_400,sn_400,,missing,unresolved,local_key_space_exhausted,,,,,,,0,exact_ymdb_id|exact_metanetx_id|exact_chebi_id|exact_kegg_id|exact_pubchem_cid_via_chebi_sdf|unique_normalized_name
MODEL_CMPD:0003121,sn_401,YMDB01457_YMDB16055,,missing,manual_review,multiple_structures_for_key,YMDB01457|YMDB16055,,,,,,2,exact_ymdb_id
MODEL_CMPD:0003122,sn_402,YMDB01161,,missing,mapped,mapped,YMDB01161,YMDB,YMDB01161,C:\biological\Metabolic model prediction\Yeast-MetaTwin-zenodo\Data\database\ymdb\ymdb.csv,exact_ymdb_id,high,1,exact_ymdb_id
MODEL_CMPD:0003123,sn_403,YMDB02306,,missing,mapped,mapped,YMDB02306,YMDB,YMDB02306,C:\biological\Metabolic model prediction\Yeast-MetaTwin-zenodo\Data\database\ymdb\ymdb.csv,exact_ymdb_id,high,1,exact_ymdb_id
MODEL_CMPD:0003124,sn_404,YMDB13375,,missing,mapped,mapped,YMDB13375,YMDB,YMDB13375,C:\biological\Metabolic model prediction\Yeast-MetaTwin-zenodo\Data\database\ymdb\ymdb.csv,exact_ymdb_id,high,1,exact_ymdb_id
MODEL_CMPD:0003125,sn_405,YMDB01748,,missing,mapped,mapped,YMDB01748,YMDB,YMDB01748,C:\biological\Metabolic model prediction\Yeast-MetaTwin-zenodo\Data\database\ymdb\ymdb.csv,exact_ymdb_id,high,1,exact_ymdb_id
MODEL_CMPD:0003126,sn_406,YMDB01710,,missing,mapped,mapped,YMDB01710,YMDB,YMDB01710,C:\biological\Metabolic model prediction\Yeast-MetaTwin-zenodo\Data\database\ymdb\ymdb.csv,exact_ymdb_id,high,1,exact_ymdb_id
MODEL_CMPD:0003127,sn_407,YMDB01534,,missing,mapped,mapped,YMDB01534,YMDB,YMDB01534,C:\biological\Metabolic model prediction\Yeast-MetaTwin-zenodo\Data\database\ymdb\ymdb.csv,exact_ymdb_id,high,1,exact_ymdb_id
MODEL_CMPD:0003128,sn_408,YMDB16162_YMDB16258,,missing,manual_review,multiple_structures_for_key,YMDB16162|YMDB16258,,,,,,2,exact_ymdb_id
MODEL_CMPD:0003129,sn_409,YMDB16310,,missing,mapped,mapped,YMDB16310,YMDB,YMDB16310,C:\biological\Metabolic model prediction\Yeast-MetaTwin-zenodo\Data\database\ymdb\ymdb.csv,exact_ymdb_id,high,1,exact_ymdb_id
MODEL_CMPD:0003130,sn_41,YMDB02318,,missing,mapped,mapped,YMDB02318,YMDB,YMDB02318,C:\biological\Metabolic model prediction\Yeast-MetaTwin-zenodo\Data\database\ymdb\ymdb.csv,exact_ymdb_id,high,1,exact_ymdb_id
MODEL_CMPD:0003131,sn_410,YMDB16008,,missing,mapped,mapped,YMDB16008,YMDB,YMDB16008,C:\biological\Metabolic model prediction\Yeast-MetaTwin-zenodo\Data\database\ymdb\ymdb.csv,exact_ymdb_id,high,1,exact_ymdb_id
MODEL_CMPD:0003132,sn_411,YMDB01328,,missing,mapped,mapped,YMDB01328,YMDB,YMDB01328,C:\biological\Metabolic model prediction\Yeast-MetaTwin-zenodo\Data\database\ymdb\ymdb.csv,exact_ymdb_id,high,1,exact_ymdb_id
MODEL_CMPD:0003133,sn_412,YMDB01712,,missing,mapped,mapped,YMDB01712,YMDB,YMDB01712,C:\biological\Metabolic model prediction\Yeast-MetaTwin-zenodo\Data\database\ymdb\ymdb.csv,exact_ymdb_id,high,1,exact_ymdb_id
MODEL_CMPD:0003134,sn_413,YMDB00804,,missing,mapped,mapped,YMDB00804,YMDB,YMDB00804,C:\biological\Metabolic model prediction\Yeast-MetaTwin-zenodo\Data\database\ymdb\ymdb.csv,exact_ymdb_id,high,1,exact_ymdb_id
MODEL_CMPD:0003135,sn_414,YMDB01489,,missing,mapped,mapped,YMDB01489,YMDB,YMDB01489,C:\biological\Metabolic model prediction\Yeast-MetaTwin-zenodo\Data\database\ymdb\ymdb.csv,exact_ymdb_id,high,1,exact_ymdb_id
MODEL_CMPD:0003136,sn_416,YMDB16070,,missing,mapped,mapped,YMDB16070,YMDB,YMDB16070,C:\biological\Metabolic model prediction\Yeast-MetaTwin-zenodo\Data\database\ymdb\ymdb.csv,exact_ymdb_id,high,1,exact_ymdb_id
MODEL_CMPD:0003137,sn_417,YMDB15997,,missing,mapped,mapped,YMDB15997,YMDB,YMDB15997,C:\biological\Metabolic model prediction\Yeast-MetaTwin-zenodo\Data\database\ymdb\ymdb.csv,exact_ymdb_id,high,1,exact_ymdb_id
MODEL_CMPD:0003138,sn_42,YMDB01420_YMDB01421_YMDB15947,,missing,mapped,mapped,YMDB01420|YMDB01421|YMDB15947,YMDB,YMDB01420,C:\biological\Metabolic model prediction\Yeast-MetaTwin-zenodo\Data\database\ymdb\ymdb.csv,exact_ymdb_id,high,2,exact_ymdb_id
MODEL_CMPD:0003139,sn_43,YMDB01425,,missing,mapped,mapped,YMDB01425,YMDB,YMDB01425,C:\biological\Metabolic model prediction\Yeast-MetaTwin-zenodo\Data\database\ymdb\ymdb.csv,exact_ymdb_id,high,1,exact_ymdb_id
MODEL_CMPD:0003140,sn_44,YMDB01705,,missing,mapped,mapped,YMDB01705,YMDB,YMDB01705,C:\biological\Metabolic model prediction\Yeast-MetaTwin-zenodo\Data\database\ymdb\ymdb.csv,exact_ymdb_id,high,1,exact_ymdb_id
MODEL_CMPD:0003141,sn_45,sn_45,,missing,unresolved,local_key_space_exhausted,,,,,,,0,exact_ymdb_id|exact_metanetx_id|exact_chebi_id|exact_kegg_id|exact_pubchem_cid_via_chebi_sdf|unique_normalized_name
MODEL_CMPD:0003142,sn_46,YMDB16308,,missing,mapped,mapped,YMDB16308,YMDB,YMDB16308,C:\biological\Metabolic model prediction\Yeast-MetaTwin-zenodo\Data\database\ymdb\ymdb.csv,exact_ymdb_id,high,1,exact_ymdb_id
MODEL_CMPD:0003143,sn_47,YMDB01245,,missing,mapped,mapped,YMDB01245,YMDB,YMDB01245,C:\biological\Metabolic model prediction\Yeast-MetaTwin-zenodo\Data\database\ymdb\ymdb.csv,exact_ymdb_id,high,1,exact_ymdb_id
MODEL_CMPD:0003144,sn_48,YMDB13292,,missing,mapped,mapped,YMDB13292,YMDB,YMDB13292,C:\biological\Metabolic model prediction\Yeast-MetaTwin-zenodo\Data\database\ymdb\ymdb.csv,exact_ymdb_id,high,1,exact_ymdb_id
MODEL_CMPD:0003145,sn_49,YMDB16213,,missing,mapped,mapped,YMDB16213,YMDB,YMDB16213,C:\biological\Metabolic model prediction\Yeast-MetaTwin-zenodo\Data\database\ymdb\ymdb.csv,exact_ymdb_id,high,1,exact_ymdb_id
MODEL_CMPD:0003146,sn_5,YMDB01471,,missing,mapped,mapped,YMDB01471,YMDB,YMDB01471,C:\biological\Metabolic model prediction\Yeast-MetaTwin-zenodo\Data\database\ymdb\ymdb.csv,exact_ymdb_id,high,1,exact_ymdb_id
MODEL_CMPD:0003147,sn_50,YMDB13370,,missing,mapped,mapped,YMDB13370,YMDB,YMDB13370,C:\biological\Metabolic model prediction\Yeast-MetaTwin-zenodo\Data\database\ymdb\ymdb.csv,exact_ymdb_id,high,1,exact_ymdb_id
MODEL_CMPD:0003148,sn_51,YMDB16208,,missing,mapped,mapped,YMDB16208,YMDB,YMDB16208,C:\biological\Metabolic model prediction\Yeast-MetaTwin-zenodo\Data\database\ymdb\ymdb.csv,exact_ymdb_id,high,1,exact_ymdb_id
MODEL_CMPD:0003149,sn_52,YMDB16154,,missing,mapped,mapped,YMDB16154,YMDB,YMDB16154,C:\biological\Metabolic model prediction\Yeast-MetaTwin-zenodo\Data\database\ymdb\ymdb.csv,exact_ymdb_id,high,1,exact_ymdb_id
MODEL_CMPD:0003150,sn_53,YMDB01711,,missing,mapped,mapped,YMDB01711,YMDB,YMDB01711,C:\biological\Metabolic model prediction\Yeast-MetaTwin-zenodo\Data\database\ymdb\ymdb.csv,exact_ymdb_id,high,1,exact_ymdb_id
MODEL_CMPD:0003151,sn_54,YMDB13348,,missing,mapped,mapped,YMDB13348,YMDB,YMDB13348,C:\biological\Metabolic model prediction\Yeast-MetaTwin-zenodo\Data\database\ymdb\ymdb.csv,exact_ymdb_id,high,1,exact_ymdb_id
MODEL_CMPD:0003152,sn_55,YMDB00210,,missing,mapped,mapped,YMDB00210,YMDB,YMDB00210,C:\biological\Metabolic model prediction\Yeast-MetaTwin-zenodo\Data\database\ymdb\ymdb.csv,exact_ymdb_id,high,1,exact_ymdb_id
MODEL_CMPD:0003153,sn_56,YMDB00852,,missing,mapped,mapped,YMDB00852,YMDB,YMDB00852,C:\biological\Metabolic model prediction\Yeast-MetaTwin-zenodo\Data\database\ymdb\ymdb.csv,exact_ymdb_id,high,1,exact_ymdb_id
MODEL_CMPD:0003154,sn_57,YMDB01325,,missing,mapped,mapped,YMDB01325,YMDB,YMDB01325,C:\biological\Metabolic model prediction\Yeast-MetaTwin-zenodo\Data\database\ymdb\ymdb.csv,exact_ymdb_id,high,1,exact_ymdb_id
MODEL_CMPD:0003155,sn_58,YMDB01251,,missing,mapped,mapped,YMDB01251,YMDB,YMDB01251,C:\biological\Metabolic model prediction\Yeast-MetaTwin-zenodo\Data\database\ymdb\ymdb.csv,exact_ymdb_id,high,1,exact_ymdb_id
MODEL_CMPD:0003156,sn_59,YMDB01636,,missing,mapped,mapped,YMDB01636,YMDB,YMDB01636,C:\biological\Metabolic model prediction\Yeast-MetaTwin-zenodo\Data\database\ymdb\ymdb.csv,exact_ymdb_id,high,1,exact_ymdb_id
MODEL_CMPD:0003157,sn_6,YMDB00878,,missing,mapped,mapped,YMDB00878,YMDB,YMDB00878,C:\biological\Metabolic model prediction\Yeast-MetaTwin-zenodo\Data\database\ymdb\ymdb.csv,exact_ymdb_id,high,1,exact_ymdb_id
MODEL_CMPD:0003158,sn_60,YMDB13369,,missing,mapped,mapped,YMDB13369,YMDB,YMDB13369,C:\biological\Metabolic model prediction\Yeast-MetaTwin-zenodo\Data\database\ymdb\ymdb.csv,exact_ymdb_id,high,1,exact_ymdb_id
MODEL_CMPD:0003159,sn_61,YMDB01788,,missing,mapped,mapped,YMDB01788,YMDB,YMDB01788,C:\biological\Metabolic model prediction\Yeast-MetaTwin-zenodo\Data\database\ymdb\ymdb.csv,exact_ymdb_id,high,1,exact_ymdb_id
MODEL_CMPD:0003160,sn_62,YMDB13319,,missing,mapped,mapped,YMDB13319,YMDB,YMDB13319,C:\biological\Metabolic model prediction\Yeast-MetaTwin-zenodo\Data\database\ymdb\ymdb.csv,exact_ymdb_id,high,1,exact_ymdb_id
MODEL_CMPD:0003161,sn_63,YMDB01001,,missing,mapped,mapped,YMDB01001,YMDB,YMDB01001,C:\biological\Metabolic model prediction\Yeast-MetaTwin-zenodo\Data\database\ymdb\ymdb.csv,exact_ymdb_id,high,1,exact_ymdb_id
MODEL_CMPD:0003162,sn_64,YMDB16211,,missing,mapped,mapped,YMDB16211,YMDB,YMDB16211,C:\biological\Metabolic model prediction\Yeast-MetaTwin-zenodo\Data\database\ymdb\ymdb.csv,exact_ymdb_id,high,1,exact_ymdb_id
MODEL_CMPD:0003163,sn_65,YMDB00329,,missing,mapped,mapped,YMDB00329,YMDB,YMDB00329,C:\biological\Metabolic model prediction\Yeast-MetaTwin-zenodo\Data\database\ymdb\ymdb.csv,exact_ymdb_id,high,1,exact_ymdb_id
MODEL_CMPD:0003164,sn_66,YMDB01204_YMDB13333,,missing,manual_review,multiple_structures_for_key,YMDB01204|YMDB13333,,,,,,2,exact_ymdb_id
MODEL_CMPD:0003165,sn_67,YMDB16141,,missing,mapped,mapped,YMDB16141,YMDB,YMDB16141,C:\biological\Metabolic model prediction\Yeast-MetaTwin-zenodo\Data\database\ymdb\ymdb.csv,exact_ymdb_id,high,1,exact_ymdb_id
MODEL_CMPD:0003166,sn_68,YMDB13290,,missing,mapped,mapped,YMDB13290,YMDB,YMDB13290,C:\biological\Metabolic model prediction\Yeast-MetaTwin-zenodo\Data\database\ymdb\ymdb.csv,exact_ymdb_id,high,1,exact_ymdb_id
MODEL_CMPD:0003167,sn_69,YMDB16189,,missing,mapped,mapped,YMDB16189,YMDB,YMDB16189,C:\biological\Metabolic model prediction\Yeast-MetaTwin-zenodo\Data\database\ymdb\ymdb.csv,exact_ymdb_id,high,1,exact_ymdb_id
MODEL_CMPD:0003168,sn_7,YMDB15937,,missing,mapped,mapped,YMDB15937,YMDB,YMDB15937,C:\biological\Metabolic model prediction\Yeast-MetaTwin-zenodo\Data\database\ymdb\ymdb.csv,exact_ymdb_id,high,1,exact_ymdb_id
MODEL_CMPD:0003169,sn_70,YMDB15727,,missing,mapped,mapped,YMDB15727,YMDB,YMDB15727,C:\biological\Metabolic model prediction\Yeast-MetaTwin-zenodo\Data\database\ymdb\ymdb.csv,exact_ymdb_id,high,1,exact_ymdb_id
MODEL_CMPD:0003170,sn_71,sn_71,,missing,unresolved,local_key_space_exhausted,,,,,,,0,exact_ymdb_id|exact_metanetx_id|exact_chebi_id|exact_kegg_id|exact_pubchem_cid_via_chebi_sdf|unique_normalized_name
MODEL_CMPD:0003171,sn_72,YMDB16203,,missing,mapped,mapped,YMDB16203,YMDB,YMDB16203,C:\biological\Metabolic model prediction\Yeast-MetaTwin-zenodo\Data\database\ymdb\ymdb.csv,exact_ymdb_id,high,1,exact_ymdb_id
MODEL_CMPD:0003172,sn_73,YMDB00674,,missing,mapped,mapped,YMDB00674,YMDB,YMDB00674,C:\biological\Metabolic model prediction\Yeast-MetaTwin-zenodo\Data\database\ymdb\ymdb.csv,exact_ymdb_id,high,1,exact_ymdb_id
MODEL_CMPD:0003173,sn_74,YMDB16215,,missing,mapped,mapped,YMDB16215,YMDB,YMDB16215,C:\biological\Metabolic model prediction\Yeast-MetaTwin-zenodo\Data\database\ymdb\ymdb.csv,exact_ymdb_id,high,1,exact_ymdb_id
MODEL_CMPD:0003174,sn_75,YMDB13294,,missing,mapped,mapped,YMDB13294,YMDB,YMDB13294,C:\biological\Metabolic model prediction\Yeast-MetaTwin-zenodo\Data\database\ymdb\ymdb.csv,exact_ymdb_id,high,1,exact_ymdb_id
MODEL_CMPD:0003175,sn_76,YMDB01365,,missing,mapped,mapped,YMDB01365,YMDB,YMDB01365,C:\biological\Metabolic model prediction\Yeast-MetaTwin-zenodo\Data\database\ymdb\ymdb.csv,exact_ymdb_id,high,1,exact_ymdb_id
MODEL_CMPD:0003176,sn_77,YMDB13320,,missing,mapped,mapped,YMDB13320,YMDB,YMDB13320,C:\biological\Metabolic model prediction\Yeast-MetaTwin-zenodo\Data\database\ymdb\ymdb.csv,exact_ymdb_id,high,1,exact_ymdb_id
MODEL_CMPD:0003177,sn_78,YMDB01323,,missing,mapped,mapped,YMDB01323,YMDB,YMDB01323,C:\biological\Metabolic model prediction\Yeast-MetaTwin-zenodo\Data\database\ymdb\ymdb.csv,exact_ymdb_id,high,1,exact_ymdb_id
MODEL_CMPD:0003178,sn_79,YMDB00705,,missing,mapped,mapped,YMDB00705,YMDB,YMDB00705,C:\biological\Metabolic model prediction\Yeast-MetaTwin-zenodo\Data\database\ymdb\ymdb.csv,exact_ymdb_id,high,1,exact_ymdb_id
MODEL_CMPD:0003179,sn_8,YMDB13321,,missing,mapped,mapped,YMDB13321,YMDB,YMDB13321,C:\biological\Metabolic model prediction\Yeast-MetaTwin-zenodo\Data\database\ymdb\ymdb.csv,exact_ymdb_id,high,1,exact_ymdb_id
MODEL_CMPD:0003180,sn_80,YMDB16267,,missing,mapped,mapped,YMDB16267,YMDB,YMDB16267,C:\biological\Metabolic model prediction\Yeast-MetaTwin-zenodo\Data\database\ymdb\ymdb.csv,exact_ymdb_id,high,1,exact_ymdb_id
MODEL_CMPD:0003181,sn_81,YMDB01157_YMDB13273,,missing,manual_review,multiple_structures_for_key,YMDB01157|YMDB13273,,,,,,2,exact_ymdb_id
MODEL_CMPD:0003182,sn_82,YMDB16184,,missing,mapped,mapped,YMDB16184,YMDB,YMDB16184,C:\biological\Metabolic model prediction\Yeast-MetaTwin-zenodo\Data\database\ymdb\ymdb.csv,exact_ymdb_id,high,1,exact_ymdb_id
MODEL_CMPD:0003183,sn_83,YMDB01182,,missing,mapped,mapped,YMDB01182,YMDB,YMDB01182,C:\biological\Metabolic model prediction\Yeast-MetaTwin-zenodo\Data\database\ymdb\ymdb.csv,exact_ymdb_id,high,1,exact_ymdb_id
MODEL_CMPD:0003184,sn_84,YMDB00165,,missing,mapped,mapped,YMDB00165,YMDB,YMDB00165,C:\biological\Metabolic model prediction\Yeast-MetaTwin-zenodo\Data\database\ymdb\ymdb.csv,exact_ymdb_id,high,1,exact_ymdb_id
MODEL_CMPD:0003185,sn_85,YMDB01633,,missing,mapped,mapped,YMDB01633,YMDB,YMDB01633,C:\biological\Metabolic model prediction\Yeast-MetaTwin-zenodo\Data\database\ymdb\ymdb.csv,exact_ymdb_id,high,1,exact_ymdb_id
MODEL_CMPD:0003186,sn_86,YMDB01572,,missing,mapped,mapped,YMDB01572,YMDB,YMDB01572,C:\biological\Metabolic model prediction\Yeast-MetaTwin-zenodo\Data\database\ymdb\ymdb.csv,exact_ymdb_id,high,1,exact_ymdb_id
MODEL_CMPD:0003187,sn_87,YMDB01845,,missing,mapped,mapped,YMDB01845,YMDB,YMDB01845,C:\biological\Metabolic model prediction\Yeast-MetaTwin-zenodo\Data\database\ymdb\ymdb.csv,exact_ymdb_id,high,1,exact_ymdb_id
MODEL_CMPD:0003188,sn_88,YMDB01333,,missing,mapped,mapped,YMDB01333,YMDB,YMDB01333,C:\biological\Metabolic model prediction\Yeast-MetaTwin-zenodo\Data\database\ymdb\ymdb.csv,exact_ymdb_id,high,1,exact_ymdb_id
MODEL_CMPD:0003189,sn_89,YMDB00987,,missing,mapped,mapped,YMDB00987,YMDB,YMDB00987,C:\biological\Metabolic model prediction\Yeast-MetaTwin-zenodo\Data\database\ymdb\ymdb.csv,exact_ymdb_id,high,1,exact_ymdb_id
MODEL_CMPD:0003190,sn_9,YMDB00791,,missing,mapped,mapped,YMDB00791,YMDB,YMDB00791,C:\biological\Metabolic model prediction\Yeast-MetaTwin-zenodo\Data\database\ymdb\ymdb.csv,exact_ymdb_id,high,1,exact_ymdb_id
MODEL_CMPD:0003191,sn_90,YMDB00796,,missing,mapped,mapped,YMDB00796,YMDB,YMDB00796,C:\biological\Metabolic model prediction\Yeast-MetaTwin-zenodo\Data\database\ymdb\ymdb.csv,exact_ymdb_id,high,1,exact_ymdb_id
MODEL_CMPD:0003192,sn_91,YMDB13325,,missing,mapped,mapped,YMDB13325,YMDB,YMDB13325,C:\biological\Metabolic model prediction\Yeast-MetaTwin-zenodo\Data\database\ymdb\ymdb.csv,exact_ymdb_id,high,1,exact_ymdb_id
MODEL_CMPD:0003193,sn_92,YMDB01631,,missing,mapped,mapped,YMDB01631,YMDB,YMDB01631,C:\biological\Metabolic model prediction\Yeast-MetaTwin-zenodo\Data\database\ymdb\ymdb.csv,exact_ymdb_id,high,1,exact_ymdb_id
MODEL_CMPD:0003194,sn_93,YMDB13304,,missing,mapped,mapped,YMDB13304,YMDB,YMDB13304,C:\biological\Metabolic model prediction\Yeast-MetaTwin-zenodo\Data\database\ymdb\ymdb.csv,exact_ymdb_id,high,1,exact_ymdb_id
MODEL_CMPD:0003195,sn_94,YMDB15946,,missing,mapped,mapped,YMDB15946,YMDB,YMDB15946,C:\biological\Metabolic model prediction\Yeast-MetaTwin-zenodo\Data\database\ymdb\ymdb.csv,exact_ymdb_id,high,1,exact_ymdb_id
MODEL_CMPD:0003196,sn_95,YMDB00850,,missing,mapped,mapped,YMDB00850,YMDB,YMDB00850,C:\biological\Metabolic model prediction\Yeast-MetaTwin-zenodo\Data\database\ymdb\ymdb.csv,exact_ymdb_id,high,1,exact_ymdb_id
MODEL_CMPD:0003197,sn_96,YMDB13071,,missing,mapped,mapped,YMDB13071,YMDB,YMDB13071,C:\biological\Metabolic model prediction\Yeast-MetaTwin-zenodo\Data\database\ymdb\ymdb.csv,exact_ymdb_id,high,1,exact_ymdb_id
MODEL_CMPD:0003198,sn_97,YMDB13383_YMDB16220,,missing,manual_review,multiple_structures_for_key,YMDB13383|YMDB16220,,,,,,2,exact_ymdb_id
MODEL_CMPD:0003199,sn_99,YMDB13355,,missing,mapped,mapped,YMDB13355,YMDB,YMDB13355,C:\biological\Metabolic model prediction\Yeast-MetaTwin-zenodo\Data\database\ymdb\ymdb.csv,exact_ymdb_id,high,1,exact_ymdb_id
MODEL_CMPD:0003200,snu_1,YMDB02301,,missing,mapped,mapped,YMDB02301,YMDB,YMDB02301,C:\biological\Metabolic model prediction\Yeast-MetaTwin-zenodo\Data\database\ymdb\ymdb.csv,exact_ymdb_id,high,1,exact_ymdb_id
MODEL_CMPD:0003201,snu_10,YMDB00495,,missing,mapped,mapped,YMDB00495,YMDB,YMDB00495,C:\biological\Metabolic model prediction\Yeast-MetaTwin-zenodo\Data\database\ymdb\ymdb.csv,exact_ymdb_id,high,1,exact_ymdb_id
MODEL_CMPD:0003202,snu_100,YMDB01659,,missing,mapped,mapped,YMDB01659,YMDB,YMDB01659,C:\biological\Metabolic model prediction\Yeast-MetaTwin-zenodo\Data\database\ymdb\ymdb.csv,exact_ymdb_id,high,1,exact_ymdb_id
MODEL_CMPD:0003203,snu_102,YMDB01659,,missing,mapped,mapped,YMDB01659,YMDB,YMDB01659,C:\biological\Metabolic model prediction\Yeast-MetaTwin-zenodo\Data\database\ymdb\ymdb.csv,exact_ymdb_id,high,1,exact_ymdb_id
MODEL_CMPD:0003204,snu_103,YMDB01665,,missing,mapped,mapped,YMDB01665,YMDB,YMDB01665,C:\biological\Metabolic model prediction\Yeast-MetaTwin-zenodo\Data\database\ymdb\ymdb.csv,exact_ymdb_id,high,1,exact_ymdb_id
MODEL_CMPD:0003205,snu_105,YMDB01665,,missing,mapped,mapped,YMDB01665,YMDB,YMDB01665,C:\biological\Metabolic model prediction\Yeast-MetaTwin-zenodo\Data\database\ymdb\ymdb.csv,exact_ymdb_id,high,1,exact_ymdb_id
MODEL_CMPD:0003206,snu_106,YMDB01664,,missing,mapped,mapped,YMDB01664,YMDB,YMDB01664,C:\biological\Metabolic model prediction\Yeast-MetaTwin-zenodo\Data\database\ymdb\ymdb.csv,exact_ymdb_id,high,1,exact_ymdb_id
MODEL_CMPD:0003207,snu_108,YMDB01664,,missing,mapped,mapped,YMDB01664,YMDB,YMDB01664,C:\biological\Metabolic model prediction\Yeast-MetaTwin-zenodo\Data\database\ymdb\ymdb.csv,exact_ymdb_id,high,1,exact_ymdb_id
MODEL_CMPD:0003208,snu_109,YMDB01681,,missing,mapped,mapped,YMDB01681,YMDB,YMDB01681,C:\biological\Metabolic model prediction\Yeast-MetaTwin-zenodo\Data\database\ymdb\ymdb.csv,exact_ymdb_id,high,1,exact_ymdb_id
MODEL_CMPD:0003209,snu_111,YMDB01681,,missing,mapped,mapped,YMDB01681,YMDB,YMDB01681,C:\biological\Metabolic model prediction\Yeast-MetaTwin-zenodo\Data\database\ymdb\ymdb.csv,exact_ymdb_id,high,1,exact_ymdb_id
MODEL_CMPD:0003210,snu_112,YMDB01682,,missing,mapped,mapped,YMDB01682,YMDB,YMDB01682,C:\biological\Metabolic model prediction\Yeast-MetaTwin-zenodo\Data\database\ymdb\ymdb.csv,exact_ymdb_id,high,1,exact_ymdb_id
MODEL_CMPD:0003211,snu_114,YMDB01682,,missing,mapped,mapped,YMDB01682,YMDB,YMDB01682,C:\biological\Metabolic model prediction\Yeast-MetaTwin-zenodo\Data\database\ymdb\ymdb.csv,exact_ymdb_id,high,1,exact_ymdb_id
MODEL_CMPD:0003212,snu_115,YMDB01720,,missing,mapped,mapped,YMDB01720,YMDB,YMDB01720,C:\biological\Metabolic model prediction\Yeast-MetaTwin-zenodo\Data\database\ymdb\ymdb.csv,exact_ymdb_id,high,1,exact_ymdb_id
MODEL_CMPD:0003213,snu_117,YMDB01720,,missing,mapped,mapped,YMDB01720,YMDB,YMDB01720,C:\biological\Metabolic model prediction\Yeast-MetaTwin-zenodo\Data\database\ymdb\ymdb.csv,exact_ymdb_id,high,1,exact_ymdb_id
MODEL_CMPD:0003214,snu_118,YMDB01722,,missing,mapped,mapped,YMDB01722,YMDB,YMDB01722,C:\biological\Metabolic model prediction\Yeast-MetaTwin-zenodo\Data\database\ymdb\ymdb.csv,exact_ymdb_id,high,1,exact_ymdb_id
MODEL_CMPD:0003215,snu_12,YMDB00495,,missing,mapped,mapped,YMDB00495,YMDB,YMDB00495,C:\biological\Metabolic model prediction\Yeast-MetaTwin-zenodo\Data\database\ymdb\ymdb.csv,exact_ymdb_id,high,1,exact_ymdb_id
MODEL_CMPD:0003216,snu_120,YMDB01722,,missing,mapped,mapped,YMDB01722,YMDB,YMDB01722,C:\biological\Metabolic model prediction\Yeast-MetaTwin-zenodo\Data\database\ymdb\ymdb.csv,exact_ymdb_id,high,1,exact_ymdb_id
MODEL_CMPD:0003217,snu_121,YMDB01733,,missing,mapped,mapped,YMDB01733,YMDB,YMDB01733,C:\biological\Metabolic model prediction\Yeast-MetaTwin-zenodo\Data\database\ymdb\ymdb.csv,exact_ymdb_id,high,1,exact_ymdb_id
MODEL_CMPD:0003218,snu_123,YMDB01733,,missing,mapped,mapped,YMDB01733,YMDB,YMDB01733,C:\biological\Metabolic model prediction\Yeast-MetaTwin-zenodo\Data\database\ymdb\ymdb.csv,exact_ymdb_id,high,1,exact_ymdb_id
MODEL_CMPD:0003219,snu_124,YMDB01754,,missing,mapped,mapped,YMDB01754,YMDB,YMDB01754,C:\biological\Metabolic model prediction\Yeast-MetaTwin-zenodo\Data\database\ymdb\ymdb.csv,exact_ymdb_id,high,1,exact_ymdb_id
MODEL_CMPD:0003220,snu_126,YMDB01754,,missing,mapped,mapped,YMDB01754,YMDB,YMDB01754,C:\biological\Metabolic model prediction\Yeast-MetaTwin-zenodo\Data\database\ymdb\ymdb.csv,exact_ymdb_id,high,1,exact_ymdb_id
MODEL_CMPD:0003221,snu_127,YMDB01765,,missing,mapped,mapped,YMDB01765,YMDB,YMDB01765,C:\biological\Metabolic model prediction\Yeast-MetaTwin-zenodo\Data\database\ymdb\ymdb.csv,exact_ymdb_id,high,1,exact_ymdb_id
MODEL_CMPD:0003222,snu_129,YMDB01765,,missing,mapped,mapped,YMDB01765,YMDB,YMDB01765,C:\biological\Metabolic model prediction\Yeast-MetaTwin-zenodo\Data\database\ymdb\ymdb.csv,exact_ymdb_id,high,1,exact_ymdb_id
MODEL_CMPD:0003223,snu_13,YMDB01693,,missing,mapped,mapped,YMDB01693,YMDB,YMDB01693,C:\biological\Metabolic model prediction\Yeast-MetaTwin-zenodo\Data\database\ymdb\ymdb.csv,exact_ymdb_id,high,1,exact_ymdb_id
MODEL_CMPD:0003224,snu_130,YMDB01770,,missing,mapped,mapped,YMDB01770,YMDB,YMDB01770,C:\biological\Metabolic model prediction\Yeast-MetaTwin-zenodo\Data\database\ymdb\ymdb.csv,exact_ymdb_id,high,1,exact_ymdb_id
MODEL_CMPD:0003225,snu_132,YMDB01770,,missing,mapped,mapped,YMDB01770,YMDB,YMDB01770,C:\biological\Metabolic model prediction\Yeast-MetaTwin-zenodo\Data\database\ymdb\ymdb.csv,exact_ymdb_id,high,1,exact_ymdb_id
MODEL_CMPD:0003226,snu_133,YMDB01769,,missing,mapped,mapped,YMDB01769,YMDB,YMDB01769,C:\biological\Metabolic model prediction\Yeast-MetaTwin-zenodo\Data\database\ymdb\ymdb.csv,exact_ymdb_id,high,1,exact_ymdb_id
MODEL_CMPD:0003227,snu_135,YMDB01769,,missing,mapped,mapped,YMDB01769,YMDB,YMDB01769,C:\biological\Metabolic model prediction\Yeast-MetaTwin-zenodo\Data\database\ymdb\ymdb.csv,exact_ymdb_id,high,1,exact_ymdb_id
MODEL_CMPD:0003228,snu_136,YMDB01777,,missing,mapped,mapped,YMDB01777,YMDB,YMDB01777,C:\biological\Metabolic model prediction\Yeast-MetaTwin-zenodo\Data\database\ymdb\ymdb.csv,exact_ymdb_id,high,1,exact_ymdb_id
MODEL_CMPD:0003229,snu_138,YMDB01777,,missing,mapped,mapped,YMDB01777,YMDB,YMDB01777,C:\biological\Metabolic model prediction\Yeast-MetaTwin-zenodo\Data\database\ymdb\ymdb.csv,exact_ymdb_id,high,1,exact_ymdb_id
MODEL_CMPD:0003230,snu_139,YMDB15926,,missing,mapped,mapped,YMDB15926,YMDB,YMDB15926,C:\biological\Metabolic model prediction\Yeast-MetaTwin-zenodo\Data\database\ymdb\ymdb.csv,exact_ymdb_id,high,1,exact_ymdb_id
MODEL_CMPD:0003231,snu_141,YMDB15926,,missing,mapped,mapped,YMDB15926,YMDB,YMDB15926,C:\biological\Metabolic model prediction\Yeast-MetaTwin-zenodo\Data\database\ymdb\ymdb.csv,exact_ymdb_id,high,1,exact_ymdb_id
MODEL_CMPD:0003232,snu_142,YMDB00018,,missing,mapped,mapped,YMDB00018,YMDB,YMDB00018,C:\biological\Metabolic model prediction\Yeast-MetaTwin-zenodo\Data\database\ymdb\ymdb.csv,exact_ymdb_id,high,1,exact_ymdb_id
MODEL_CMPD:0003233,snu_144,YMDB00018,,missing,mapped,mapped,YMDB00018,YMDB,YMDB00018,C:\biological\Metabolic model prediction\Yeast-MetaTwin-zenodo\Data\database\ymdb\ymdb.csv,exact_ymdb_id,high,1,exact_ymdb_id
MODEL_CMPD:0003234,snu_145,YMDB15957,,missing,mapped,mapped,YMDB15957,YMDB,YMDB15957,C:\biological\Metabolic model prediction\Yeast-MetaTwin-zenodo\Data\database\ymdb\ymdb.csv,exact_ymdb_id,high,1,exact_ymdb_id
MODEL_CMPD:0003235,snu_147,YMDB15957,,missing,mapped,mapped,YMDB15957,YMDB,YMDB15957,C:\biological\Metabolic model prediction\Yeast-MetaTwin-zenodo\Data\database\ymdb\ymdb.csv,exact_ymdb_id,high,1,exact_ymdb_id
MODEL_CMPD:0003236,snu_148,YMDB01780,,missing,mapped,mapped,YMDB01780,YMDB,YMDB01780,C:\biological\Metabolic model prediction\Yeast-MetaTwin-zenodo\Data\database\ymdb\ymdb.csv,exact_ymdb_id,high,1,exact_ymdb_id
MODEL_CMPD:0003237,snu_15,YMDB01693,,missing,mapped,mapped,YMDB01693,YMDB,YMDB01693,C:\biological\Metabolic model prediction\Yeast-MetaTwin-zenodo\Data\database\ymdb\ymdb.csv,exact_ymdb_id,high,1,exact_ymdb_id
MODEL_CMPD:0003238,snu_150,YMDB01780,,missing,mapped,mapped,YMDB01780,YMDB,YMDB01780,C:\biological\Metabolic model prediction\Yeast-MetaTwin-zenodo\Data\database\ymdb\ymdb.csv,exact_ymdb_id,high,1,exact_ymdb_id
MODEL_CMPD:0003239,snu_151,YMDB01679,,missing,mapped,mapped,YMDB01679,YMDB,YMDB01679,C:\biological\Metabolic model prediction\Yeast-MetaTwin-zenodo\Data\database\ymdb\ymdb.csv,exact_ymdb_id,high,1,exact_ymdb_id
MODEL_CMPD:0003240,snu_153,YMDB01679,,missing,mapped,mapped,YMDB01679,YMDB,YMDB01679,C:\biological\Metabolic model prediction\Yeast-MetaTwin-zenodo\Data\database\ymdb\ymdb.csv,exact_ymdb_id,high,1,exact_ymdb_id
MODEL_CMPD:0003241,snu_16,YMDB01646,,missing,mapped,mapped,YMDB01646,YMDB,YMDB01646,C:\biological\Metabolic model prediction\Yeast-MetaTwin-zenodo\Data\database\ymdb\ymdb.csv,exact_ymdb_id,high,1,exact_ymdb_id
MODEL_CMPD:0003242,snu_18,YMDB01646,,missing,mapped,mapped,YMDB01646,YMDB,YMDB01646,C:\biological\Metabolic model prediction\Yeast-MetaTwin-zenodo\Data\database\ymdb\ymdb.csv,exact_ymdb_id,high,1,exact_ymdb_id
MODEL_CMPD:0003243,snu_19,YMDB01667,,missing,mapped,mapped,YMDB01667,YMDB,YMDB01667,C:\biological\Metabolic model prediction\Yeast-MetaTwin-zenodo\Data\database\ymdb\ymdb.csv,exact_ymdb_id,high,1,exact_ymdb_id
MODEL_CMPD:0003244,snu_21,YMDB01667,,missing,mapped,mapped,YMDB01667,YMDB,YMDB01667,C:\biological\Metabolic model prediction\Yeast-MetaTwin-zenodo\Data\database\ymdb\ymdb.csv,exact_ymdb_id,high,1,exact_ymdb_id
MODEL_CMPD:0003245,snu_22,YMDB01772,,missing,mapped,mapped,YMDB01772,YMDB,YMDB01772,C:\biological\Metabolic model prediction\Yeast-MetaTwin-zenodo\Data\database\ymdb\ymdb.csv,exact_ymdb_id,high,1,exact_ymdb_id
MODEL_CMPD:0003246,snu_24,YMDB01772,,missing,mapped,mapped,YMDB01772,YMDB,YMDB01772,C:\biological\Metabolic model prediction\Yeast-MetaTwin-zenodo\Data\database\ymdb\ymdb.csv,exact_ymdb_id,high,1,exact_ymdb_id
MODEL_CMPD:0003247,snu_25,YMDB01666,,missing,mapped,mapped,YMDB01666,YMDB,YMDB01666,C:\biological\Metabolic model prediction\Yeast-MetaTwin-zenodo\Data\database\ymdb\ymdb.csv,exact_ymdb_id,high,1,exact_ymdb_id
MODEL_CMPD:0003248,snu_27,YMDB01666,,missing,mapped,mapped,YMDB01666,YMDB,YMDB01666,C:\biological\Metabolic model prediction\Yeast-MetaTwin-zenodo\Data\database\ymdb\ymdb.csv,exact_ymdb_id,high,1,exact_ymdb_id
MODEL_CMPD:0003249,snu_28,YMDB01737,,missing,mapped,mapped,YMDB01737,YMDB,YMDB01737,C:\biological\Metabolic model prediction\Yeast-MetaTwin-zenodo\Data\database\ymdb\ymdb.csv,exact_ymdb_id,high,1,exact_ymdb_id
MODEL_CMPD:0003250,snu_3,YMDB02301,,missing,mapped,mapped,YMDB02301,YMDB,YMDB02301,C:\biological\Metabolic model prediction\Yeast-MetaTwin-zenodo\Data\database\ymdb\ymdb.csv,exact_ymdb_id,high,1,exact_ymdb_id
MODEL_CMPD:0003251,snu_30,YMDB01737,,missing,mapped,mapped,YMDB01737,YMDB,YMDB01737,C:\biological\Metabolic model prediction\Yeast-MetaTwin-zenodo\Data\database\ymdb\ymdb.csv,exact_ymdb_id,high,1,exact_ymdb_id
MODEL_CMPD:0003252,snu_31,YMDB01662,,missing,mapped,mapped,YMDB01662,YMDB,YMDB01662,C:\biological\Metabolic model prediction\Yeast-MetaTwin-zenodo\Data\database\ymdb\ymdb.csv,exact_ymdb_id,high,1,exact_ymdb_id
MODEL_CMPD:0003253,snu_33,YMDB01662,,missing,mapped,mapped,YMDB01662,YMDB,YMDB01662,C:\biological\Metabolic model prediction\Yeast-MetaTwin-zenodo\Data\database\ymdb\ymdb.csv,exact_ymdb_id,high,1,exact_ymdb_id
MODEL_CMPD:0003254,snu_34,YMDB01768,,missing,mapped,mapped,YMDB01768,YMDB,YMDB01768,C:\biological\Metabolic model prediction\Yeast-MetaTwin-zenodo\Data\database\ymdb\ymdb.csv,exact_ymdb_id,high,1,exact_ymdb_id
MODEL_CMPD:0003255,snu_36,YMDB01768,,missing,mapped,mapped,YMDB01768,YMDB,YMDB01768,C:\biological\Metabolic model prediction\Yeast-MetaTwin-zenodo\Data\database\ymdb\ymdb.csv,exact_ymdb_id,high,1,exact_ymdb_id
MODEL_CMPD:0003256,snu_37,YMDB01806,,missing,mapped,mapped,YMDB01806,YMDB,YMDB01806,C:\biological\Metabolic model prediction\Yeast-MetaTwin-zenodo\Data\database\ymdb\ymdb.csv,exact_ymdb_id,high,1,exact_ymdb_id
MODEL_CMPD:0003257,snu_39,YMDB01806,,missing,mapped,mapped,YMDB01806,YMDB,YMDB01806,C:\biological\Metabolic model prediction\Yeast-MetaTwin-zenodo\Data\database\ymdb\ymdb.csv,exact_ymdb_id,high,1,exact_ymdb_id
MODEL_CMPD:0003258,snu_4,YMDB01658,,missing,mapped,mapped,YMDB01658,YMDB,YMDB01658,C:\biological\Metabolic model prediction\Yeast-MetaTwin-zenodo\Data\database\ymdb\ymdb.csv,exact_ymdb_id,high,1,exact_ymdb_id
MODEL_CMPD:0003259,snu_40,YMDB01805,,missing,mapped,mapped,YMDB01805,YMDB,YMDB01805,C:\biological\Metabolic model prediction\Yeast-MetaTwin-zenodo\Data\database\ymdb\ymdb.csv,exact_ymdb_id,high,1,exact_ymdb_id
MODEL_CMPD:0003260,snu_42,YMDB01805,,missing,mapped,mapped,YMDB01805,YMDB,YMDB01805,C:\biological\Metabolic model prediction\Yeast-MetaTwin-zenodo\Data\database\ymdb\ymdb.csv,exact_ymdb_id,high,1,exact_ymdb_id
MODEL_CMPD:0003261,snu_43,YMDB01680,,missing,mapped,mapped,YMDB01680,YMDB,YMDB01680,C:\biological\Metabolic model prediction\Yeast-MetaTwin-zenodo\Data\database\ymdb\ymdb.csv,exact_ymdb_id,high,1,exact_ymdb_id
MODEL_CMPD:0003262,snu_45,YMDB01680,,missing,mapped,mapped,YMDB01680,YMDB,YMDB01680,C:\biological\Metabolic model prediction\Yeast-MetaTwin-zenodo\Data\database\ymdb\ymdb.csv,exact_ymdb_id,high,1,exact_ymdb_id
MODEL_CMPD:0003263,snu_46,YMDB01734,,missing,mapped,mapped,YMDB01734,YMDB,YMDB01734,C:\biological\Metabolic model prediction\Yeast-MetaTwin-zenodo\Data\database\ymdb\ymdb.csv,exact_ymdb_id,high,1,exact_ymdb_id
MODEL_CMPD:0003264,snu_48,YMDB01734,,missing,mapped,mapped,YMDB01734,YMDB,YMDB01734,C:\biological\Metabolic model prediction\Yeast-MetaTwin-zenodo\Data\database\ymdb\ymdb.csv,exact_ymdb_id,high,1,exact_ymdb_id
MODEL_CMPD:0003265,snu_49,YMDB01766,,missing,mapped,mapped,YMDB01766,YMDB,YMDB01766,C:\biological\Metabolic model prediction\Yeast-MetaTwin-zenodo\Data\database\ymdb\ymdb.csv,exact_ymdb_id,high,1,exact_ymdb_id
MODEL_CMPD:0003266,snu_51,YMDB01766,,missing,mapped,mapped,YMDB01766,YMDB,YMDB01766,C:\biological\Metabolic model prediction\Yeast-MetaTwin-zenodo\Data\database\ymdb\ymdb.csv,exact_ymdb_id,high,1,exact_ymdb_id
MODEL_CMPD:0003267,snu_52,YMDB01771,,missing,mapped,mapped,YMDB01771,YMDB,YMDB01771,C:\biological\Metabolic model prediction\Yeast-MetaTwin-zenodo\Data\database\ymdb\ymdb.csv,exact_ymdb_id,high,1,exact_ymdb_id
MODEL_CMPD:0003268,snu_54,YMDB01771,,missing,mapped,mapped,YMDB01771,YMDB,YMDB01771,C:\biological\Metabolic model prediction\Yeast-MetaTwin-zenodo\Data\database\ymdb\ymdb.csv,exact_ymdb_id,high,1,exact_ymdb_id
MODEL_CMPD:0003269,snu_55,YMDB01661,,missing,mapped,mapped,YMDB01661,YMDB,YMDB01661,C:\biological\Metabolic model prediction\Yeast-MetaTwin-zenodo\Data\database\ymdb\ymdb.csv,exact_ymdb_id,high,1,exact_ymdb_id
MODEL_CMPD:0003270,snu_57,YMDB01661,,missing,mapped,mapped,YMDB01661,YMDB,YMDB01661,C:\biological\Metabolic model prediction\Yeast-MetaTwin-zenodo\Data\database\ymdb\ymdb.csv,exact_ymdb_id,high,1,exact_ymdb_id
MODEL_CMPD:0003271,snu_58,YMDB01735,,missing,mapped,mapped,YMDB01735,YMDB,YMDB01735,C:\biological\Metabolic model prediction\Yeast-MetaTwin-zenodo\Data\database\ymdb\ymdb.csv,exact_ymdb_id,high,1,exact_ymdb_id
MODEL_CMPD:0003272,snu_6,YMDB01658,,missing,mapped,mapped,YMDB01658,YMDB,YMDB01658,C:\biological\Metabolic model prediction\Yeast-MetaTwin-zenodo\Data\database\ymdb\ymdb.csv,exact_ymdb_id,high,1,exact_ymdb_id
MODEL_CMPD:0003273,snu_60,YMDB01735,,missing,mapped,mapped,YMDB01735,YMDB,YMDB01735,C:\biological\Metabolic model prediction\Yeast-MetaTwin-zenodo\Data\database\ymdb\ymdb.csv,exact_ymdb_id,high,1,exact_ymdb_id
MODEL_CMPD:0003274,snu_61,YMDB01767,,missing,mapped,mapped,YMDB01767,YMDB,YMDB01767,C:\biological\Metabolic model prediction\Yeast-MetaTwin-zenodo\Data\database\ymdb\ymdb.csv,exact_ymdb_id,high,1,exact_ymdb_id
MODEL_CMPD:0003275,snu_63,YMDB01767,,missing,mapped,mapped,YMDB01767,YMDB,YMDB01767,C:\biological\Metabolic model prediction\Yeast-MetaTwin-zenodo\Data\database\ymdb\ymdb.csv,exact_ymdb_id,high,1,exact_ymdb_id
MODEL_CMPD:0003276,snu_64,YMDB01736,,missing,mapped,mapped,YMDB01736,YMDB,YMDB01736,C:\biological\Metabolic model prediction\Yeast-MetaTwin-zenodo\Data\database\ymdb\ymdb.csv,exact_ymdb_id,high,1,exact_ymdb_id
MODEL_CMPD:0003277,snu_66,YMDB01736,,missing,mapped,mapped,YMDB01736,YMDB,YMDB01736,C:\biological\Metabolic model prediction\Yeast-MetaTwin-zenodo\Data\database\ymdb\ymdb.csv,exact_ymdb_id,high,1,exact_ymdb_id
MODEL_CMPD:0003278,snu_67,YMDB01724,,missing,mapped,mapped,YMDB01724,YMDB,YMDB01724,C:\biological\Metabolic model prediction\Yeast-MetaTwin-zenodo\Data\database\ymdb\ymdb.csv,exact_ymdb_id,high,1,exact_ymdb_id
MODEL_CMPD:0003279,snu_69,YMDB01724,,missing,mapped,mapped,YMDB01724,YMDB,YMDB01724,C:\biological\Metabolic model prediction\Yeast-MetaTwin-zenodo\Data\database\ymdb\ymdb.csv,exact_ymdb_id,high,1,exact_ymdb_id
MODEL_CMPD:0003280,snu_7,YMDB01774,,missing,mapped,mapped,YMDB01774,YMDB,YMDB01774,C:\biological\Metabolic model prediction\Yeast-MetaTwin-zenodo\Data\database\ymdb\ymdb.csv,exact_ymdb_id,high,1,exact_ymdb_id
MODEL_CMPD:0003281,snu_70,YMDB01721,,missing,mapped,mapped,YMDB01721,YMDB,YMDB01721,C:\biological\Metabolic model prediction\Yeast-MetaTwin-zenodo\Data\database\ymdb\ymdb.csv,exact_ymdb_id,high,1,exact_ymdb_id
MODEL_CMPD:0003282,snu_72,YMDB01721,,missing,mapped,mapped,YMDB01721,YMDB,YMDB01721,C:\biological\Metabolic model prediction\Yeast-MetaTwin-zenodo\Data\database\ymdb\ymdb.csv,exact_ymdb_id,high,1,exact_ymdb_id
MODEL_CMPD:0003283,snu_73,YMDB01779,,missing,mapped,mapped,YMDB01779,YMDB,YMDB01779,C:\biological\Metabolic model prediction\Yeast-MetaTwin-zenodo\Data\database\ymdb\ymdb.csv,exact_ymdb_id,high,1,exact_ymdb_id
MODEL_CMPD:0003284,snu_75,YMDB01779,,missing,mapped,mapped,YMDB01779,YMDB,YMDB01779,C:\biological\Metabolic model prediction\Yeast-MetaTwin-zenodo\Data\database\ymdb\ymdb.csv,exact_ymdb_id,high,1,exact_ymdb_id
MODEL_CMPD:0003285,snu_76,YMDB01778,,missing,mapped,mapped,YMDB01778,YMDB,YMDB01778,C:\biological\Metabolic model prediction\Yeast-MetaTwin-zenodo\Data\database\ymdb\ymdb.csv,exact_ymdb_id,high,1,exact_ymdb_id
MODEL_CMPD:0003286,snu_78,YMDB01778,,missing,mapped,mapped,YMDB01778,YMDB,YMDB01778,C:\biological\Metabolic model prediction\Yeast-MetaTwin-zenodo\Data\database\ymdb\ymdb.csv,exact_ymdb_id,high,1,exact_ymdb_id
MODEL_CMPD:0003287,snu_79,YMDB01756,,missing,mapped,mapped,YMDB01756,YMDB,YMDB01756,C:\biological\Metabolic model prediction\Yeast-MetaTwin-zenodo\Data\database\ymdb\ymdb.csv,exact_ymdb_id,high,1,exact_ymdb_id
MODEL_CMPD:0003288,snu_81,YMDB01756,,missing,mapped,mapped,YMDB01756,YMDB,YMDB01756,C:\biological\Metabolic model prediction\Yeast-MetaTwin-zenodo\Data\database\ymdb\ymdb.csv,exact_ymdb_id,high,1,exact_ymdb_id
MODEL_CMPD:0003289,snu_82,YMDB01755,,missing,mapped,mapped,YMDB01755,YMDB,YMDB01755,C:\biological\Metabolic model prediction\Yeast-MetaTwin-zenodo\Data\database\ymdb\ymdb.csv,exact_ymdb_id,high,1,exact_ymdb_id
MODEL_CMPD:0003290,snu_84,YMDB01755,,missing,mapped,mapped,YMDB01755,YMDB,YMDB01755,C:\biological\Metabolic model prediction\Yeast-MetaTwin-zenodo\Data\database\ymdb\ymdb.csv,exact_ymdb_id,high,1,exact_ymdb_id
MODEL_CMPD:0003291,snu_85,YMDB01723,,missing,mapped,mapped,YMDB01723,YMDB,YMDB01723,C:\biological\Metabolic model prediction\Yeast-MetaTwin-zenodo\Data\database\ymdb\ymdb.csv,exact_ymdb_id,high,1,exact_ymdb_id
MODEL_CMPD:0003292,snu_87,YMDB01723,,missing,mapped,mapped,YMDB01723,YMDB,YMDB01723,C:\biological\Metabolic model prediction\Yeast-MetaTwin-zenodo\Data\database\ymdb\ymdb.csv,exact_ymdb_id,high,1,exact_ymdb_id
MODEL_CMPD:0003293,snu_88,YMDB01738,,missing,mapped,mapped,YMDB01738,YMDB,YMDB01738,C:\biological\Metabolic model prediction\Yeast-MetaTwin-zenodo\Data\database\ymdb\ymdb.csv,exact_ymdb_id,high,1,exact_ymdb_id
MODEL_CMPD:0003294,snu_9,YMDB01774,,missing,mapped,mapped,YMDB01774,YMDB,YMDB01774,C:\biological\Metabolic model prediction\Yeast-MetaTwin-zenodo\Data\database\ymdb\ymdb.csv,exact_ymdb_id,high,1,exact_ymdb_id
MODEL_CMPD:0003295,snu_90,YMDB01738,,missing,mapped,mapped,YMDB01738,YMDB,YMDB01738,C:\biological\Metabolic model prediction\Yeast-MetaTwin-zenodo\Data\database\ymdb\ymdb.csv,exact_ymdb_id,high,1,exact_ymdb_id
MODEL_CMPD:0003296,snu_91,YMDB01639,,missing,mapped,mapped,YMDB01639,YMDB,YMDB01639,C:\biological\Metabolic model prediction\Yeast-MetaTwin-zenodo\Data\database\ymdb\ymdb.csv,exact_ymdb_id,high,1,exact_ymdb_id
MODEL_CMPD:0003297,snu_93,YMDB01639,,missing,mapped,mapped,YMDB01639,YMDB,YMDB01639,C:\biological\Metabolic model prediction\Yeast-MetaTwin-zenodo\Data\database\ymdb\ymdb.csv,exact_ymdb_id,high,1,exact_ymdb_id
MODEL_CMPD:0003298,snu_94,YMDB01653,,missing,mapped,mapped,YMDB01653,YMDB,YMDB01653,C:\biological\Metabolic model prediction\Yeast-MetaTwin-zenodo\Data\database\ymdb\ymdb.csv,exact_ymdb_id,high,1,exact_ymdb_id
MODEL_CMPD:0003299,snu_96,YMDB01653,,missing,mapped,mapped,YMDB01653,YMDB,YMDB01653,C:\biological\Metabolic model prediction\Yeast-MetaTwin-zenodo\Data\database\ymdb\ymdb.csv,exact_ymdb_id,high,1,exact_ymdb_id
MODEL_CMPD:0003300,snu_97,YMDB01660,,missing,mapped,mapped,YMDB01660,YMDB,YMDB01660,C:\biological\Metabolic model prediction\Yeast-MetaTwin-zenodo\Data\database\ymdb\ymdb.csv,exact_ymdb_id,high,1,exact_ymdb_id
MODEL_CMPD:0003301,snu_99,YMDB01660,,missing,mapped,mapped,YMDB01660,YMDB,YMDB01660,C:\biological\Metabolic model prediction\Yeast-MetaTwin-zenodo\Data\database\ymdb\ymdb.csv,exact_ymdb_id,high,1,exact_ymdb_id
